Date,IBM
2013-01-02,123.80233764648438
2013-01-03,123.12136840820312
2013-01-04,122.3143081665039
2013-01-07,121.77838134765624
2013-01-08,121.6081085205078
2013-01-09,121.26133728027344
2013-01-10,121.6144561767578
2013-01-11,122.60435485839844
2013-01-14,121.45049285888672
2013-01-15,121.37484741210938
2013-01-16,121.43153381347656
2013-01-17,122.0998992919922
2013-01-18,122.6169662475586
2013-01-22,123.63209533691406
2013-01-23,129.07974243164062
2013-01-24,128.8905487060547
2013-01-25,129.23739624023438
2013-01-28,129.21221923828125
2013-01-29,128.56272888183594
2013-01-30,128.32313537597656
2013-01-31,128.03939819335938
2013-02-01,129.3697967529297
2013-02-04,128.49337768554688
2013-02-05,127.86284637451172
2013-02-06,127.28032684326172
2013-02-07,126.46990203857422
2013-02-08,127.69823455810548
2013-02-11,126.7358169555664
2013-02-12,126.6598663330078
2013-02-13,126.6915054321289
2013-02-14,126.41287231445312
2013-02-15,127.25503540039062
2013-02-19,126.83708953857422
2013-02-20,126.19762420654295
2013-02-21,125.57709503173828
2013-02-22,127.32467651367188
2013-02-25,125.05793762207033
2013-02-26,126.08995819091795
2013-02-27,128.10986328125
2013-02-28,127.16006469726562
2013-03-01,128.47703552246094
2013-03-04,129.92066955566406
2013-03-05,130.7691192626953
2013-03-06,131.9404754638672
2013-03-07,132.5989990234375
2013-03-08,133.206787109375
2013-03-11,133.016845703125
2013-03-12,133.31443786621094
2013-03-13,134.27059936523438
2013-03-14,136.63861083984375
2013-03-15,136.08143615722656
2013-03-18,134.9987335205078
2013-03-19,135.14437866210938
2013-03-20,136.1701202392578
2013-03-21,134.39723205566406
2013-03-22,134.2832489013672
2013-03-25,133.43479919433594
2013-03-26,134.46046447753906
2013-03-27,133.52975463867188
2013-03-28,135.05569458007812
2013-04-01,134.47315979003906
2013-04-02,135.72686767578125
2013-04-03,134.65049743652344
2013-04-04,133.79568481445312
2013-04-05,132.59266662597656
2013-04-08,132.53565979003906
2013-04-09,132.4723358154297
2013-04-10,134.23252868652344
2013-04-11,134.8151397705078
2013-04-12,133.8400421142578
2013-04-15,132.49766540527344
2013-04-16,134.23252868652344
2013-04-17,132.75729370117188
2013-04-18,131.1616973876953
2013-04-19,120.30279541015624
2013-04-22,118.92881774902344
2013-04-23,121.32220458984376
2013-04-24,121.3855209350586
2013-04-25,122.80382537841795
2013-04-26,123.03174591064452
2013-04-29,126.09630584716795
2013-04-30,128.2427520751953
2013-05-01,126.40023803710938
2013-05-02,128.1477508544922
2013-05-03,129.49008178710938
2013-05-06,128.39471435546875
2013-05-07,128.93292236328125
2013-05-08,130.29429626464844
2013-05-09,129.2891845703125
2013-05-10,130.07162475585938
2013-05-13,128.79933166503906
2013-05-14,129.2700653076172
2013-05-15,129.34007263183594
2013-05-16,130.21157836914062
2013-05-17,132.59713745117188
2013-05-20,132.062744140625
2013-05-21,132.73065185546875
2013-05-22,131.67466735839844
2013-05-23,131.14669799804688
2013-05-24,130.86676025390625
2013-05-28,132.17723083496094
2013-05-29,132.26629638671875
2013-05-30,133.18235778808594
2013-05-31,132.32984924316406
2013-06-03,132.92152404785156
2013-06-04,131.16574096679688
2013-06-05,128.97103881835938
2013-06-06,129.6454315185547
2013-06-07,131.26754760742188
2013-06-10,130.4215087890625
2013-06-11,129.75994873046875
2013-06-12,127.99141693115234
2013-06-13,129.6262969970703
2013-06-14,128.6275634765625
2013-06-17,129.1619110107422
2013-06-18,130.3260498046875
2013-06-19,128.46218872070312
2013-06-20,125.54229736328124
2013-06-21,124.3399658203125
2013-06-24,123.11856079101562
2013-06-25,124.03462982177734
2013-06-26,123.95831298828124
2013-06-27,124.46086883544922
2013-06-28,121.57275390625
2013-07-01,121.68096923828124
2013-07-02,121.82088470458984
2013-07-03,122.9341278076172
2013-07-05,124.00282287597656
2013-07-08,124.03462982177734
2013-07-09,121.69363403320312
2013-07-10,122.29798126220705
2013-07-11,122.64784240722656
2013-07-12,122.18346405029295
2013-07-15,123.41124725341795
2013-07-16,123.31583404541016
2013-07-17,123.76112365722656
2013-07-18,125.94939422607422
2013-07-19,123.11856079101562
2013-07-22,123.46849822998048
2013-07-23,124.03462982177734
2013-07-24,125.071533203125
2013-07-25,125.45960235595705
2013-07-26,125.54229736328124
2013-07-29,124.81710815429688
2013-07-30,124.6898956298828
2013-07-31,124.0727996826172
2013-08-01,124.56268310546876
2013-08-02,124.1491470336914
2013-08-05,124.36544036865234
2013-08-06,121.49647521972656
2013-08-07,120.5502471923828
2013-08-08,120.14745330810548
2013-08-09,120.07715606689452
2013-08-12,120.88910675048828
2013-08-13,120.46076202392578
2013-08-14,119.89175415039062
2013-08-15,118.77936553955078
2013-08-16,118.49163055419922
2013-08-19,117.78199005126952
2013-08-20,117.99295806884766
2013-08-21,118.18475341796876
2013-08-22,118.395751953125
2013-08-23,118.5427703857422
2013-08-26,118.10807800292967
2013-08-27,116.82943725585938
2013-08-28,116.4585952758789
2013-08-29,116.76544952392578
2013-08-30,116.52889251708984
2013-09-03,117.6093521118164
2013-09-04,117.07872772216795
2013-09-05,117.7308578491211
2013-09-06,117.01482391357422
2013-09-09,118.26146697998048
2013-09-10,119.2971649169922
2013-09-11,121.91836547851562
2013-09-12,121.93757629394533
2013-09-13,122.85819244384766
2013-09-16,123.48473358154295
2013-09-17,122.85179901123048
2013-09-18,124.29669952392578
2013-09-19,123.6381378173828
2013-09-20,121.483642578125
2013-09-23,122.10381317138672
2013-09-24,121.45167541503906
2013-09-25,121.13206481933594
2013-09-26,121.6114730834961
2013-09-27,119.501708984375
2013-09-30,118.38935089111328
2013-10-01,119.15652465820312
2013-10-02,118.24869537353516
2013-10-03,117.54544067382812
2013-10-04,117.69889068603516
2013-10-07,116.3626937866211
2013-10-08,114.25933074951172
2013-10-09,115.9215316772461
2013-10-10,118.12725067138672
2013-10-11,119.01586151123048
2013-10-14,119.53375244140624
2013-10-15,118.05691528320312
2013-10-16,119.38031005859376
2013-10-17,111.77236938476562
2013-10-18,111.10107421875
2013-10-21,110.51293182373048
2013-10-22,111.86187744140624
2013-10-23,112.3733139038086
2013-10-24,113.67115783691406
2013-10-25,113.06377410888672
2013-10-28,113.38349151611328
2013-10-29,116.4330062866211
2013-10-30,115.17356872558594
2013-10-31,114.5726089477539
2013-11-01,114.5854034423828
2013-11-04,115.2502670288086
2013-11-05,113.70314025878906
2013-11-06,115.17506408691406
2013-11-07,115.6956558227539
2013-11-08,115.68922424316406
2013-11-11,117.5467529296875
2013-11-12,117.66893005371094
2013-11-13,117.97744750976562
2013-11-14,117.11614990234376
2013-11-15,117.74608612060548
2013-11-18,118.56877136230467
2013-11-19,119.07009887695312
2013-11-20,119.0315933227539
2013-11-21,118.35021209716795
2013-11-22,116.53123474121094
2013-11-25,115.01432037353516
2013-11-26,113.9666519165039
2013-11-27,115.03361511230467
2013-11-29,115.489990234375
2013-12-02,114.07588958740234
2013-12-03,113.17607879638672
2013-12-04,112.95751190185548
2013-12-05,113.17607879638672
2013-12-06,114.19805145263672
2013-12-09,114.06307983398438
2013-12-10,113.84453582763672
2013-12-11,112.61041259765624
2013-12-12,111.4342041015625
2013-12-13,111.0678253173828
2013-12-16,114.3137664794922
2013-12-17,112.97039794921876
2013-12-18,114.860107421875
2013-12-19,115.83704376220705
2013-12-20,115.70850372314452
2013-12-23,117.12897491455078
2013-12-24,117.76531219482422
2013-12-26,119.13435363769533
2013-12-27,118.96084594726562
2013-12-30,119.81572723388672
2013-12-31,120.56130981445312
2014-01-02,119.2501220703125
2014-01-03,119.9635772705078
2014-01-06,119.55218505859376
2014-01-07,121.93679809570312
2014-01-08,120.81838989257812
2014-01-09,120.43919372558594
2014-01-10,120.36202239990234
2014-01-13,118.36949157714844
2014-01-14,119.5007553100586
2014-01-15,120.67056274414062
2014-01-16,121.32620239257812
2014-01-17,122.18104553222656
2014-01-21,121.1140365600586
2014-01-22,117.14183807373048
2014-01-23,117.45035552978516
2014-01-24,115.46428680419922
2014-01-27,114.34587097167967
2014-01-28,113.67096710205078
2014-01-29,113.38175964355467
2014-01-30,113.99876403808594
2014-01-31,113.56172943115234
2014-02-03,111.1321258544922
2014-02-04,111.0935287475586
2014-02-05,111.99341583251952
2014-02-06,112.88524627685548
2014-02-07,114.5526885986328
2014-02-10,114.4815673828125
2014-02-11,116.1360321044922
2014-02-12,116.4850082397461
2014-02-13,117.51903533935548
2014-02-14,118.7146987915039
2014-02-18,118.39159393310548
2014-02-19,118.23646545410156
2014-02-20,119.0830535888672
2014-02-21,118.13304901123048
2014-02-24,118.55955505371094
2014-02-25,118.41738891601562
2014-02-26,118.9538116455078
2014-02-27,119.73577117919922
2014-02-28,119.671142578125
2014-03-03,119.0830535888672
2014-03-04,120.491943359375
2014-03-05,120.9443130493164
2014-03-06,121.26749420166016
2014-03-07,121.29331970214844
2014-03-10,120.4596710205078
2014-03-11,120.69873809814452
2014-03-12,120.34973907470705
2014-03-13,118.8503875732422
2014-03-14,117.7582015991211
2014-03-17,120.08480834960938
2014-03-18,120.7310791015625
2014-03-19,119.3739242553711
2014-03-20,121.43549346923828
2014-03-21,120.640625
2014-03-24,121.66167449951172
2014-03-25,126.04991912841795
2014-03-26,124.48594665527344
2014-03-27,122.68280029296876
2014-03-28,123.08352661132812
2014-03-31,124.40190887451172
2014-04-01,125.7009506225586
2014-04-02,125.08697509765624
2014-04-03,124.53115844726562
2014-04-04,123.93660736083984
2014-04-07,125.7138671875
2014-04-08,124.91896057128906
2014-04-09,127.0840072631836
2014-04-10,126.46355438232422
2014-04-11,126.1468734741211
2014-04-14,127.8142547607422
2014-04-15,127.32955169677734
2014-04-16,126.92887878417967
2014-04-17,122.79917907714844
2014-04-21,124.259765625
2014-04-22,124.18222045898438
2014-04-23,123.91072845458984
2014-04-24,122.93482971191406
2014-04-25,122.5535888671875
2014-04-28,124.82200622558594
2014-04-29,126.09513092041016
2014-04-30,126.97406768798828
2014-05-01,125.07404327392578
2014-05-02,123.72328186035156
2014-05-05,123.60700225830078
2014-05-06,122.81206512451172
2014-05-07,123.05260467529295
2014-05-08,122.79905700683594
2014-05-09,123.55962371826172
2014-05-12,125.17825317382812
2014-05-13,124.93122863769533
2014-05-14,122.6755828857422
2014-05-15,121.20647430419922
2014-05-16,121.59652709960938
2014-05-19,121.5574951171875
2014-05-20,120.18592071533205
2014-05-21,121.16100311279295
2014-05-22,120.69947052001952
2014-05-23,120.86846923828124
2014-05-27,120.1144027709961
2014-05-28,119.00933837890624
2014-05-29,119.45136260986328
2014-05-30,119.84143829345705
2014-06-02,120.70594787597656
2014-06-03,119.84789276123048
2014-06-04,119.93890380859376
2014-06-05,120.89447784423828
2014-06-06,121.14794921875
2014-06-09,121.05045318603516
2014-06-10,119.79590606689452
2014-06-11,118.46983337402344
2014-06-12,117.80028533935548
2014-06-13,118.67131805419922
2014-06-16,118.53482055664062
2014-06-17,118.47631072998048
2014-06-18,119.3473663330078
2014-06-19,118.84033966064452
2014-06-20,118.0147933959961
2014-06-23,118.3983154296875
2014-06-24,117.57929229736328
2014-06-25,117.4752197265625
2014-06-26,117.24774932861328
2014-06-27,118.11878967285156
2014-06-30,117.83275604248048
2014-07-01,121.13497161865234
2014-07-02,122.46106719970705
2014-07-03,122.55203247070312
2014-07-07,122.23353576660156
2014-07-08,121.70052337646484
2014-07-09,122.48055267333984
2014-07-10,122.0125503540039
2014-07-11,122.20757293701172
2014-07-14,123.41659545898438
2014-07-15,122.52601623535156
2014-07-16,125.04170989990234
2014-07-17,125.1262435913086
2014-07-18,125.1327133178711
2014-07-21,124.0601806640625
2014-07-22,126.1662826538086
2014-07-23,125.86724090576172
2014-07-24,126.9138412475586
2014-07-25,126.36776733398438
2014-07-28,127.26488494873048
2014-07-29,126.47830963134766
2014-07-30,126.1078109741211
2014-07-31,124.5932159423828
2014-08-01,122.9551239013672
2014-08-04,123.27362060546876
2014-08-05,121.62250518798828
2014-08-06,121.60294342041016
2014-08-07,120.51089477539062
2014-08-08,122.03450012207033
2014-08-11,122.58370208740234
2014-08-12,122.49872589111328
2014-08-13,122.89759063720705
2014-08-14,122.85184478759766
2014-08-15,122.52484893798828
2014-08-18,123.81957244873048
2014-08-19,124.28382110595705
2014-08-20,124.30345916748048
2014-08-21,125.04229736328124
2014-08-22,124.5061492919922
2014-08-25,124.99652862548828
2014-08-26,126.19314575195312
2014-08-27,125.70928192138672
2014-08-28,125.54581451416016
2014-08-29,125.74201202392578
2014-09-02,125.258056640625
2014-09-03,125.5131378173828
2014-09-04,124.68270874023438
2014-09-05,125.02266693115234
2014-09-08,124.32955932617188
2014-09-09,124.23150634765624
2014-09-10,125.24503326416016
2014-09-11,125.36273956298828
2014-09-12,125.07501220703124
2014-09-15,125.42162322998048
2014-09-16,126.17354583740234
2014-09-17,126.06895446777344
2014-09-18,126.69011688232422
2014-09-19,126.85362243652344
2014-09-22,126.2716293334961
2014-09-23,125.2973403930664
2014-09-24,125.74852752685548
2014-09-25,123.59070587158205
2014-09-26,124.2772445678711
2014-09-29,124.0026626586914
2014-09-30,124.12691497802734
2014-10-01,122.3875503540039
2014-10-02,122.21754455566406
2014-10-03,123.36837005615234
2014-10-06,123.61032104492188
2014-10-07,121.4328842163086
2014-10-08,123.81957244873048
2014-10-09,121.89714050292967
2014-10-10,121.5767593383789
2014-10-13,120.00088500976562
2014-10-14,120.18397521972656
2014-10-15,118.84352111816406
2014-10-16,117.59461975097656
2014-10-17,119.03965759277344
2014-10-20,110.57186126708984
2014-10-21,106.73357391357422
2014-10-22,105.7919692993164
2014-10-23,106.04696655273438
2014-10-24,105.98160552978516
2014-10-27,105.84429168701172
2014-10-28,106.9754867553711
2014-10-29,106.88391876220705
2014-10-30,107.46593475341795
2014-10-31,107.49861145019533
2014-11-03,107.4724578857422
2014-11-04,106.35431671142578
2014-11-05,105.81157684326172
2014-11-06,106.29874420166016
2014-11-07,106.70037078857422
2014-11-10,107.63525390625
2014-11-11,107.51014709472656
2014-11-12,106.6016082763672
2014-11-13,107.17443084716795
2014-11-14,108.07630920410156
2014-11-17,108.07630920410156
2014-11-18,106.5818862915039
2014-11-19,106.2790298461914
2014-11-20,105.7589111328125
2014-11-21,105.94326782226562
2014-11-24,106.75306701660156
2014-11-25,106.49629974365234
2014-11-26,106.6213836669922
2014-11-28,106.76619720458984
2014-12-01,106.3514404296875
2014-12-02,107.09538269042967
2014-12-03,108.31334686279295
2014-12-04,108.00392150878906
2014-12-05,107.49040222167967
2014-12-08,106.56209564208984
2014-12-09,107.30606079101562
2014-12-10,105.6733169555664
2014-12-11,106.04203033447266
2014-12-12,102.29595184326172
2014-12-15,100.76856994628906
2014-12-16,99.68224334716795
2014-12-17,100.0246124267578
2014-12-18,103.81016540527344
2014-12-19,104.35659790039062
2014-12-22,106.28561401367188
2014-12-23,106.81231689453124
2014-12-24,106.53577423095705
2014-12-26,106.87811279296876
2014-12-29,105.6733169555664
2014-12-30,105.37046813964844
2014-12-31,105.62723541259766
2015-01-02,106.69377899169922
2015-01-05,105.01497650146484
2015-01-06,102.75019073486328
2015-01-07,102.07867431640624
2015-01-08,104.29736328125
2015-01-09,104.75163269042967
2015-01-12,102.9937973022461
2015-01-13,103.23738098144533
2015-01-14,102.57244873046876
2015-01-15,101.76265716552734
2015-01-16,103.45464324951172
2015-01-20,103.32958984375
2015-01-21,100.12994384765624
2015-01-22,102.3025360107422
2015-01-23,102.61854553222656
2015-01-26,102.94114685058594
2015-01-27,101.17013549804688
2015-01-28,99.7744369506836
2015-01-29,102.3617706298828
2015-01-30,100.9331512451172
2015-02-02,101.8219223022461
2015-02-03,104.33029174804688
2015-02-04,103.3361587524414
2015-02-05,103.96160888671876
2015-02-06,103.90193176269533
2015-02-09,103.25881958007812
2015-02-10,105.12181854248048
2015-02-11,104.88311767578124
2015-02-12,105.09524536132812
2015-02-13,106.3416519165039
2015-02-17,106.71295166015624
2015-02-18,107.52841186523438
2015-02-19,108.6554946899414
2015-02-20,108.49637603759766
2015-02-23,108.0057373046875
2015-02-24,109.27869415283205
2015-02-25,107.93946075439452
2015-02-26,106.65328979492188
2015-02-27,107.3626937866211
2015-03-02,106.39472198486328
2015-03-03,106.75936889648438
2015-03-04,105.69197082519533
2015-03-05,106.85880279541016
2015-03-06,105.08202362060548
2015-03-09,106.58702850341795
2015-03-10,104.62454986572266
2015-03-11,103.95498657226562
2015-03-12,104.73729705810548
2015-03-13,102.28425598144533
2015-03-16,104.1406021118164
2015-03-17,104.06104278564452
2015-03-18,105.95051574707033
2015-03-19,105.95051574707033
2015-03-20,107.98585510253906
2015-03-23,109.14606475830078
2015-03-24,108.06539916992188
2015-03-25,105.54610443115234
2015-03-26,106.46764373779295
2015-03-27,106.3416519165039
2015-03-30,107.84661865234376
2015-03-31,106.4080047607422
2015-04-01,105.53285217285156
2015-04-02,106.37483215332033
2015-04-06,107.42898559570312
2015-04-07,107.4488754272461
2015-04-08,107.30300903320312
2015-04-09,107.62785339355467
2015-04-10,107.97262573242188
2015-04-13,107.65437316894533
2015-04-14,107.60134887695312
2015-04-15,108.81458282470705
2015-04-16,108.15161895751952
2015-04-17,106.52069091796876
2015-04-20,110.1604461669922
2015-04-21,108.90079498291016
2015-04-22,109.63004302978516
2015-04-23,112.8653564453125
2015-04-24,112.56040954589844
2015-04-27,113.19023895263672
2015-04-28,115.3051528930664
2015-04-29,115.6233901977539
2015-04-30,113.5615005493164
2015-05-01,115.13938903808594
2015-05-04,115.33828735351562
2015-05-05,114.7482681274414
2015-05-06,113.59264373779295
2015-05-07,114.22053527832033
2015-05-08,115.3494110107422
2015-05-11,114.30738067626952
2015-05-12,113.92658996582033
2015-05-13,115.08223724365234
2015-05-14,116.2646026611328
2015-05-15,115.7368621826172
2015-05-18,115.60327911376952
2015-05-19,115.88385772705078
2015-05-20,116.0708465576172
2015-05-21,115.79029083251952
2015-05-22,115.04212188720705
2015-05-26,113.64607238769533
2015-05-27,114.89519500732422
2015-05-28,114.7014617919922
2015-05-29,113.32540893554688
2015-06-01,113.67945861816406
2015-06-02,113.32540893554688
2015-06-03,113.50574493408205
2015-06-04,112.4770736694336
2015-06-05,111.82241821289062
2015-06-08,110.44636535644533
2015-06-09,110.67346954345705
2015-06-10,112.8377914428711
2015-06-11,112.74427795410156
2015-06-12,111.54855346679688
2015-06-15,111.06092071533205
2015-06-16,111.44835662841795
2015-06-17,111.66877746582033
2015-06-18,112.39021301269533
2015-06-19,111.54855346679688
2015-06-22,112.04288482666016
2015-06-23,112.63739013671876
2015-06-24,111.5351791381836
2015-06-25,110.94066619873048
2015-06-26,110.52653503417967
2015-06-29,108.86319732666016
2015-06-30,108.6561279296875
2015-07-01,109.8785400390625
2015-07-02,110.27935028076172
2015-07-06,110.03887939453124
2015-07-07,110.21922302246094
2015-07-08,108.99015045166016
2015-07-09,109.45104217529295
2015-07-10,111.52182006835938
2015-07-13,113.1450653076172
2015-07-14,112.63066864013672
2015-07-15,112.57725524902344
2015-07-16,114.22721862792967
2015-07-17,115.23590087890624
2015-07-20,115.71017456054688
2015-07-21,108.93001556396484
2015-07-22,107.11307525634766
2015-07-23,108.0348892211914
2015-07-24,106.71224975585938
2015-07-27,106.25801849365234
2015-07-28,106.91265869140624
2015-07-29,107.6073760986328
2015-07-30,107.52053833007812
2015-07-31,108.20856475830078
2015-08-03,106.0175552368164
2015-08-04,105.27606964111328
2015-08-05,105.47648620605467
2015-08-06,105.28787231445312
2015-08-07,104.47962188720705
2015-08-10,105.5775146484375
2015-08-11,104.74231719970705
2015-08-12,105.18011474609376
2015-08-13,104.44596862792967
2015-08-14,104.90394592285156
2015-08-17,105.28117370605467
2015-08-18,105.0791015625
2015-08-19,103.68484497070312
2015-08-20,102.8227081298828
2015-08-21,100.25651550292967
2015-08-24,96.63289642333984
2015-08-25,94.94232177734376
2015-08-26,98.80841064453124
2015-08-27,100.0477294921875
2015-08-28,99.67057037353516
2015-08-31,99.60993194580078
2015-09-01,96.10075378417967
2015-09-02,97.6970672607422
2015-09-03,98.86231231689452
2015-09-04,96.7877960205078
2015-09-08,99.1654052734375
2015-09-09,97.6970672607422
2015-09-10,98.4716339111328
2015-09-11,99.25968170166016
2015-09-14,98.10121154785156
2015-09-15,99.36746978759766
2015-09-16,99.9601821899414
2015-09-17,99.7782974243164
2015-09-18,97.33338928222656
2015-09-21,98.66024017333984
2015-09-22,97.27947998046876
2015-09-23,96.7608642578125
2015-09-24,97.26600646972656
2015-09-25,97.9462890625
2015-09-28,95.99304962158205
2015-09-29,95.95934295654295
2015-09-30,97.6432113647461
2015-10-01,96.71371459960938
2015-10-02,97.38053131103516
2015-10-05,100.38448333740234
2015-10-06,100.20938873291016
2015-10-07,101.09171295166016
2015-10-08,102.5667953491211
2015-10-09,102.640869140625
2015-10-12,101.79891204833984
2015-10-13,100.77516174316406
2015-10-14,101.03785705566406
2015-10-15,101.09171295166016
2015-10-16,101.2938003540039
2015-10-19,100.5057373046875
2015-10-20,94.72675323486328
2015-10-21,94.91534423828124
2015-10-22,97.05047607421876
2015-10-23,97.44788360595705
2015-10-26,96.7608642578125
2015-10-27,92.85432434082033
2015-10-28,94.85472106933594
2015-10-29,94.66612243652344
2015-10-30,94.34957122802734
2015-11-02,94.54492950439452
2015-11-03,95.56194305419922
2015-11-04,95.39358520507812
2015-11-05,94.22161865234376
2015-11-06,93.99044799804688
2015-11-09,91.9916763305664
2015-11-10,92.10043334960938
2015-11-11,91.79450225830078
2015-11-12,90.44839477539062
2015-11-13,89.57137298583984
2015-11-16,90.9039077758789
2015-11-17,90.97867584228516
2015-11-18,92.33837890625
2015-11-19,92.9638900756836
2015-11-20,94.16040802001952
2015-11-23,94.13323211669922
2015-11-24,94.22838592529295
2015-11-25,93.82049560546876
2015-11-27,94.13323211669922
2015-11-30,94.7858657836914
2015-12-01,96.05043029785156
2015-12-02,94.97626495361328
2015-12-03,94.44596099853516
2015-12-04,95.47256469726562
2015-12-07,94.87425994873048
2015-12-08,93.85450744628906
2015-12-09,92.87550354003906
2015-12-10,92.99105834960938
2015-12-11,91.48857879638672
2015-12-14,92.41316986083984
2015-12-15,93.67772674560548
2015-12-16,94.69751739501952
2015-12-17,92.9706802368164
2015-12-18,91.7129364013672
2015-12-21,92.1208267211914
2015-12-22,93.77288055419922
2015-12-23,94.18761444091795
2015-12-24,93.99044799804688
2015-12-28,93.55533599853516
2015-12-29,95.03060150146484
2015-12-30,94.7314910888672
2015-12-31,93.56214141845705
2016-01-04,92.4267807006836
2016-01-05,92.3587875366211
2016-01-06,91.89649200439452
2016-01-07,90.32601165771484
2016-01-08,89.48980712890625
2016-01-11,90.57755279541016
2016-01-12,90.35320281982422
2016-01-13,89.17705535888672
2016-01-14,90.36003112792967
2016-01-15,88.40202331542969
2016-01-19,87.09669494628906
2016-01-20,82.84757995605469
2016-01-21,83.56143188476562
2016-01-22,83.28268432617188
2016-01-25,82.99713897705078
2016-01-26,83.34387969970703
2016-01-27,82.23571014404297
2016-01-28,83.09230041503906
2016-01-29,84.83955383300781
2016-02-01,84.86676788330078
2016-02-02,83.58181762695312
2016-02-03,84.7919692993164
2016-02-04,86.78394317626953
2016-02-05,87.40943908691406
2016-02-08,87.21025848388672
2016-02-09,85.2116470336914
2016-02-10,82.54685974121094
2016-02-11,80.93973541259766
2016-02-12,83.13063049316406
2016-02-16,84.29821014404297
2016-02-17,86.60588836669922
2016-02-18,90.967041015625
2016-02-19,91.39973449707033
2016-02-22,91.87362670898438
2016-02-23,90.93272399902344
2016-02-24,91.20744323730467
2016-02-25,92.37499237060548
2016-02-26,90.6785888671875
2016-02-29,89.9917984008789
2016-03-01,92.28573608398438
2016-03-02,93.61125946044922
2016-03-03,94.64146423339844
2016-03-04,94.64146423339844
2016-03-07,96.25543212890624
2016-03-08,95.5136947631836
2016-03-09,96.4340362548828
2016-03-10,96.28289794921876
2016-03-11,97.77328491210938
2016-03-14,98.06173706054688
2016-03-15,98.18536376953124
2016-03-16,99.44219207763672
2016-03-17,100.98751831054688
2016-03-18,101.02184295654295
2016-03-21,102.07952117919922
2016-03-22,101.71554565429688
2016-03-23,99.86116790771484
2016-03-24,101.6125030517578
2016-03-28,101.92157745361328
2016-03-29,102.56027221679688
2016-03-30,101.92843627929688
2016-03-31,104.0163116455078
2016-04-01,104.7511978149414
2016-04-04,104.44214630126952
2016-04-05,103.0204620361328
2016-04-06,103.03421020507812
2016-04-07,101.8185806274414
2016-04-08,102.57403564453124
2016-04-11,102.50537109375
2016-04-12,102.76632690429688
2016-04-13,103.86522674560548
2016-04-14,103.817138671875
2016-04-15,104.2017822265625
2016-04-18,104.75806427001952
2016-04-19,98.8996353149414
2016-04-20,100.3487777709961
2016-04-21,102.53968811035156
2016-04-22,101.99024963378906
2016-04-25,102.20315551757812
2016-04-26,102.3886260986328
2016-04-27,103.3432388305664
2016-04-28,101.00814819335938
2016-04-29,100.2320327758789
2016-05-02,99.7718734741211
2016-05-03,98.9889144897461
2016-05-04,99.07134246826172
2016-05-05,100.59603118896484
2016-05-06,102.1354751586914
2016-05-09,102.17015075683594
2016-05-10,103.99383544921876
2016-05-11,103.28654479980467
2016-05-12,103.21028137207033
2016-05-13,102.4336166381836
2016-05-16,103.64022064208984
2016-05-17,102.62779998779295
2016-05-18,102.17015075683594
2016-05-19,100.49894714355467
2016-05-20,102.10771942138672
2016-05-23,101.77487182617188
2016-05-24,102.8427505493164
2016-05-25,105.1865463256836
2016-05-26,105.70663452148438
2016-05-27,105.98397827148438
2016-05-31,106.60809326171876
2016-06-01,105.75515747070312
2016-06-02,106.441650390625
2016-06-03,106.01869201660156
2016-06-06,105.90772247314452
2016-06-07,106.3237762451172
2016-06-08,106.78836822509766
2016-06-09,106.38619232177734
2016-06-10,105.65808868408205
2016-06-13,104.90223693847656
2016-06-14,104.74967193603516
2016-06-15,104.48619842529295
2016-06-16,104.74967193603516
2016-06-17,105.39459228515624
2016-06-20,106.51790618896484
2016-06-21,106.82305908203124
2016-06-22,106.03948211669922
2016-06-23,107.72451782226562
2016-06-24,101.65005493164062
2016-06-27,99.50735473632812
2016-06-28,101.03288269042967
2016-06-29,102.94676208496094
2016-06-30,105.24898529052734
2016-07-01,105.64422607421876
2016-07-05,105.17962646484376
2016-07-06,105.65808868408205
2016-07-07,105.8175811767578
2016-07-08,107.10733795166016
2016-07-11,107.7106475830078
2016-07-12,108.89641571044922
2016-07-13,109.57595825195312
2016-07-14,111.14314270019533
2016-07-15,110.79642486572266
2016-07-18,110.85189819335938
2016-07-19,110.6576919555664
2016-07-20,111.89202880859376
2016-07-21,111.26099395751952
2016-07-22,112.38436889648438
2016-07-25,112.78656005859376
2016-07-26,112.41901397705078
2016-07-27,112.21797943115234
2016-07-28,111.89895629882812
2016-07-29,111.37889862060548
2016-08-01,111.95443725585938
2016-08-02,111.35116577148438
2016-08-03,111.41355895996094
2016-08-04,112.02378845214844
2016-08-05,113.37594604492188
2016-08-08,113.3340301513672
2016-08-09,113.14517211914062
2016-08-10,113.36195373535156
2016-08-11,114.37614440917967
2016-08-12,113.27105712890624
2016-08-15,113.2221221923828
2016-08-16,112.39678192138672
2016-08-17,112.21492004394533
2016-08-18,112.85838317871094
2016-08-19,111.9351577758789
2016-08-22,111.90721893310548
2016-08-23,112.08903503417967
2016-08-24,111.2427215576172
2016-08-25,110.9489974975586
2016-08-26,110.73218536376952
2016-08-29,111.71134185791016
2016-08-30,111.4875259399414
2016-08-31,111.12385559082033
2016-09-01,111.58543395996094
2016-09-02,111.59245300292967
2016-09-06,112.15198516845705
2016-09-07,113.05422973632812
2016-09-08,111.207763671875
2016-09-09,108.8927001953125
2016-09-12,110.71118927001952
2016-09-13,108.97662353515624
2016-09-14,107.74563598632812
2016-09-15,108.87171936035156
2016-09-16,107.59874725341795
2016-09-19,108.31916809082033
2016-09-20,108.02542877197266
2016-09-21,108.78079223632812
2016-09-22,109.18643188476562
2016-09-23,108.3961181640625
2016-09-26,107.69669342041016
2016-09-27,109.64806365966795
2016-09-28,110.71118927001952
2016-09-29,110.58527374267578
2016-09-30,111.10285949707033
2016-10-03,110.2355728149414
2016-10-04,109.4312515258789
2016-10-05,109.86487579345705
2016-10-06,109.72498321533205
2016-10-07,108.87872314453124
2016-10-10,109.82292175292967
2016-10-11,108.26319885253906
2016-10-12,107.91348266601562
2016-10-13,107.5148696899414
2016-10-14,108.02542877197266
2016-10-17,108.2492218017578
2016-10-18,105.41657257080078
2016-10-19,105.79428100585938
2016-10-20,105.97611236572266
2016-10-21,104.65420532226562
2016-10-24,105.31169128417967
2016-10-25,105.52848052978516
2016-10-26,106.17893981933594
2016-10-27,107.25604248046876
2016-10-28,106.7385025024414
2016-10-31,107.49385833740234
2016-11-01,106.8643569946289
2016-11-02,106.27685546875
2016-11-03,106.57061767578124
2016-11-04,106.6125717163086
2016-11-07,108.91366577148438
2016-11-08,109.51359558105467
2016-11-09,109.25951385498048
2016-11-10,113.0776596069336
2016-11-11,113.81874084472656
2016-11-14,111.65909576416016
2016-11-15,111.98371887207033
2016-11-16,112.4213409423828
2016-11-17,112.78124237060548
2016-11-18,113.19766998291016
2016-11-21,114.87742614746094
2016-11-22,114.80680084228516
2016-11-23,114.31983184814452
2016-11-25,115.13851165771484
2016-11-28,116.11247253417967
2016-11-29,115.41376495361328
2016-11-30,114.48921966552734
2016-12-01,112.79537963867188
2016-12-02,112.93651580810548
2016-12-05,112.8094711303711
2016-12-06,113.16942596435548
2016-12-07,116.30301666259766
2016-12-08,116.70531463623048
2016-12-09,117.52400970458984
2016-12-12,116.80412292480467
2016-12-13,118.77317810058594
2016-12-14,118.92849731445312
2016-12-15,118.5826644897461
2016-12-16,117.6722183227539
2016-12-19,117.63690185546876
2016-12-20,118.28623962402344
2016-12-21,118.09566497802734
2016-12-22,117.90515899658205
2016-12-23,117.65811157226562
2016-12-27,117.96156311035156
2016-12-28,117.29110717773438
2016-12-29,117.5804672241211
2016-12-30,117.14993286132812
2017-01-03,117.99686431884766
2017-01-04,119.4577865600586
2017-01-05,119.06253051757812
2017-01-06,119.64836883544922
2017-01-09,118.3215103149414
2017-01-10,116.81826782226562
2017-01-11,118.39209747314452
2017-01-12,118.5332489013672
2017-01-13,118.1027603149414
2017-01-17,118.4908676147461
2017-01-18,117.72161102294922
2017-01-19,117.72866821289062
2017-01-20,120.36825561523438
2017-01-23,120.70700073242188
2017-01-24,124.1440658569336
2017-01-25,125.83086395263672
2017-01-26,126.09197998046876
2017-01-27,125.13213348388672
2017-01-30,124.07350158691406
2017-01-31,123.17008209228516
2017-02-01,123.0078125
2017-02-02,123.21249389648438
2017-02-03,124.08759307861328
2017-02-06,124.11587524414062
2017-02-07,125.95084381103516
2017-02-08,125.31773376464844
2017-02-09,126.05752563476562
2017-02-10,127.10320281982422
2017-02-13,127.58690643310548
2017-02-14,128.13465881347656
2017-02-15,129.2372589111328
2017-02-16,129.05943298339844
2017-02-17,128.518798828125
2017-02-21,128.22714233398438
2017-02-22,128.8602752685547
2017-02-23,129.21591186523438
2017-02-24,129.00245666503906
2017-02-27,127.61534881591795
2017-02-28,127.91415405273438
2017-03-01,129.42930603027344
2017-03-02,128.41921997070312
2017-03-03,128.07777404785156
2017-03-06,128.37652587890625
2017-03-07,128.3125
2017-03-08,127.65095520019533
2017-03-09,126.03619384765624
2017-03-10,126.4985809326172
2017-03-13,125.52404022216795
2017-03-14,124.99763488769533
2017-03-15,125.06165313720705
2017-03-16,126.078857421875
2017-03-17,124.94784545898438
2017-03-20,124.98340606689452
2017-03-21,123.68879699707033
2017-03-22,124.3289566040039
2017-03-23,124.35738372802734
2017-03-24,123.65316772460938
2017-03-27,123.61051177978516
2017-03-28,124.13690948486328
2017-03-29,123.73141479492188
2017-03-30,123.67452239990234
2017-03-31,123.87371063232422
2017-04-03,124.1297836303711
2017-04-04,124.14398956298828
2017-04-05,122.9773941040039
2017-04-06,122.6715087890625
2017-04-07,122.4510269165039
2017-04-10,121.78233337402344
2017-04-11,121.34131622314452
2017-04-12,121.39820861816406
2017-04-13,120.59441375732422
2017-04-17,121.7112274169922
2017-04-18,120.9643096923828
2017-04-19,115.01744079589844
2017-04-20,115.45136260986328
2017-04-21,114.0855941772461
2017-04-24,114.3487777709961
2017-04-25,114.09270477294922
2017-04-26,113.85796356201172
2017-04-27,114.0429229736328
2017-04-28,114.0215835571289
2017-05-01,112.99015808105467
2017-05-02,113.17507934570312
2017-05-03,112.8407211303711
2017-05-04,113.1395263671875
2017-05-05,110.29410552978516
2017-05-08,109.9206085205078
2017-05-09,109.25977325439452
2017-05-10,108.6420440673828
2017-05-11,108.2110595703125
2017-05-12,108.00994110107422
2017-05-15,108.8288116455078
2017-05-16,110.38748931884766
2017-05-17,108.41218566894533
2017-05-18,108.30445861816406
2017-05-19,109.1664047241211
2017-05-22,109.6405029296875
2017-05-23,109.20232391357422
2017-05-24,109.54708099365234
2017-05-25,110.04271697998048
2017-05-26,109.53270721435548
2017-05-30,108.98680114746094
2017-05-31,109.63330078125
2017-06-01,109.66204833984376
2017-06-02,109.2166748046875
2017-06-05,109.47525787353516
2017-06-06,109.44652557373048
2017-06-07,108.44811248779295
2017-06-08,109.25257873535156
2017-06-09,110.6891860961914
2017-06-12,111.4649429321289
2017-06-13,110.7968978881836
2017-06-14,110.48086547851562
2017-06-15,110.77536010742188
2017-06-16,111.60860443115234
2017-06-19,111.22073364257812
2017-06-20,111.29972839355467
2017-06-21,110.46649932861328
2017-06-22,110.90467071533205
2017-06-23,110.69635772705078
2017-06-26,111.50086975097656
2017-06-27,111.15606689453124
2017-06-28,111.56554412841795
2017-06-29,110.71073150634766
2017-06-30,110.49523162841795
2017-07-03,111.75226593017578
2017-07-05,110.38029479980467
2017-07-06,109.43934631347656
2017-07-07,109.85594940185548
2017-07-10,110.20075988769533
2017-07-11,110.03553771972656
2017-07-12,110.4018783569336
2017-07-13,110.35157775878906
2017-07-14,110.78975677490234
2017-07-17,109.90624237060548
2017-07-18,110.61735534667967
2017-07-19,105.96997833251952
2017-07-20,106.06336975097656
2017-07-21,105.6467742919922
2017-07-24,104.86380004882812
2017-07-25,105.0074691772461
2017-07-26,104.41128540039062
2017-07-27,104.20299530029295
2017-07-28,103.64271545410156
2017-07-31,103.9156723022461
2017-08-01,104.36819458007812
2017-08-02,103.75762939453124
2017-08-03,104.10960388183594
2017-08-04,104.26763153076172
2017-08-07,103.0537338256836
2017-08-08,103.15534210205078
2017-08-09,102.90852355957033
2017-08-10,102.9593276977539
2017-08-11,102.9593276977539
2017-08-14,103.30776977539062
2017-08-15,103.12630462646484
2017-08-16,103.43843841552734
2017-08-17,102.1318359375
2017-08-18,101.40593719482422
2017-08-21,101.86326599121094
2017-08-22,102.35684967041016
2017-08-23,103.1771240234375
2017-08-24,103.7578353881836
2017-08-25,104.33853149414062
2017-08-28,103.44568634033205
2017-08-29,103.90299224853516
2017-08-30,103.4819793701172
2017-08-31,103.82315063476562
2017-09-01,104.58533477783205
2017-09-05,103.83041381835938
2017-09-06,104.39659118652344
2017-09-07,103.72879028320312
2017-09-08,103.40213775634766
2017-09-11,105.15153503417967
2017-09-12,105.80481719970705
2017-09-13,105.97174835205078
2017-09-14,105.6451187133789
2017-09-15,105.12249755859376
2017-09-18,104.92647552490234
2017-09-19,104.81034088134766
2017-09-20,105.89192962646484
2017-09-21,105.4418716430664
2017-09-22,105.34748840332033
2017-09-25,105.8846664428711
2017-09-26,106.38550567626952
2017-09-27,105.7322235107422
2017-09-28,105.7322235107422
2017-09-29,105.31122589111328
2017-10-02,106.45808410644533
2017-10-03,106.54518127441406
2017-10-04,106.32745361328124
2017-10-05,106.50165557861328
2017-10-06,106.32745361328124
2017-10-09,106.9880142211914
2017-10-10,107.79373168945312
2017-10-11,107.15496063232422
2017-10-12,106.7266845703125
2017-10-13,106.77751922607422
2017-10-16,106.5814971923828
2017-10-17,106.3709716796875
2017-10-18,115.80023193359376
2017-10-19,116.79469299316406
2017-10-20,117.64398193359376
2017-10-23,115.81475830078124
2017-10-24,113.1507339477539
2017-10-25,111.42315673828124
2017-10-26,111.4957504272461
2017-10-27,111.55380249023438
2017-10-30,112.04741668701172
2017-10-31,111.82965087890624
2017-11-01,111.80784606933594
2017-11-02,111.31430053710938
2017-11-03,110.02944946289062
2017-11-06,109.49230194091795
2017-11-07,109.8625030517578
2017-11-08,110.02220153808594
2017-11-09,110.19080352783205
2017-11-10,109.35507202148438
2017-11-13,108.79786682128906
2017-11-14,109.1570816040039
2017-11-15,107.84479522705078
2017-11-16,109.3257064819336
2017-11-17,109.2157211303711
2017-11-20,110.3447723388672
2017-11-21,111.4004898071289
2017-11-22,111.26851654052734
2017-11-24,111.31986236572266
2017-11-27,111.42249298095705
2017-11-28,111.7817153930664
2017-11-29,112.57349395751952
2017-11-30,112.88143157958984
2017-12-01,113.46060943603516
2017-12-04,114.70694732666016
2017-12-05,113.8931655883789
2017-12-06,112.97673797607422
2017-12-07,112.5881576538086
2017-12-08,113.49728393554688
2017-12-11,113.9371566772461
2017-12-12,114.91226196289062
2017-12-13,112.83745574951172
2017-12-14,112.90343475341795
2017-12-15,111.80371856689452
2017-12-18,112.41223907470705
2017-12-19,112.33889770507812
2017-12-20,112.13362884521484
2017-12-21,111.0705795288086
2017-12-22,111.80371856689452
2017-12-26,112.04566955566406
2017-12-27,112.26560974121094
2017-12-28,112.93276977539062
2017-12-29,112.4782257080078
2018-01-02,113.08670043945312
2018-01-03,116.19522094726562
2018-01-04,118.5486068725586
2018-01-05,119.1277847290039
2018-01-08,119.84626770019533
2018-01-09,120.1102294921875
2018-01-10,120.36678314208984
2018-01-11,120.38143157958984
2018-01-12,119.60430908203124
2018-01-16,120.1248550415039
2018-01-17,123.6439208984375
2018-01-18,123.9885025024414
2018-01-19,119.0397720336914
2018-01-22,119.20843505859376
2018-01-23,121.8843765258789
2018-01-24,121.23920440673828
2018-01-25,121.31253814697266
2018-01-26,122.68353271484376
2018-01-29,122.28758239746094
2018-01-30,119.95623779296876
2018-01-31,120.0148696899414
2018-02-01,119.06179809570312
2018-02-02,116.59112548828124
2018-02-05,111.82572174072266
2018-02-06,113.88581848144533
2018-02-07,112.79346466064452
2018-02-08,109.26937103271484
2018-02-09,110.69087982177734
2018-02-12,112.0901107788086
2018-02-13,111.60887908935548
2018-02-14,114.57770538330078
2018-02-15,115.50316619873048
2018-02-16,115.62902069091795
2018-02-20,114.87383270263672
2018-02-21,113.98545837402344
2018-02-22,113.40797424316406
2018-02-23,115.14039611816406
2018-02-26,117.4059066772461
2018-02-27,115.9029769897461
2018-02-28,115.36991119384766
2018-03-01,113.87438201904295
2018-03-02,114.37783813476562
2018-03-05,116.1990966796875
2018-03-06,115.28848266601562
2018-03-07,117.21339416503906
2018-03-08,115.65126037597656
2018-03-09,117.94635009765624
2018-03-12,118.64967346191406
2018-03-13,117.95375061035156
2018-03-14,117.06533813476562
2018-03-15,118.16844940185548
2018-03-16,118.64967346191406
2018-03-19,116.49525451660156
2018-03-20,115.64383697509766
2018-03-21,116.0066146850586
2018-03-22,112.6009750366211
2018-03-23,110.23181915283205
2018-03-26,113.5486297607422
2018-03-27,112.4677276611328
2018-03-28,112.91931915283205
2018-03-29,113.59302520751952
2018-04-02,111.10546112060548
2018-04-03,110.94257354736328
2018-04-04,114.1038818359375
2018-04-05,114.03723907470705
2018-04-06,111.47563934326172
2018-04-09,113.045166015625
2018-04-10,115.04415130615234
2018-04-11,115.0219268798828
2018-04-12,117.0282974243164
2018-04-13,116.02143096923828
2018-04-16,116.89507293701172
2018-04-17,119.1309051513672
2018-04-18,110.15780639648438
2018-04-19,109.35081481933594
2018-04-20,107.27779388427734
2018-04-23,107.9885482788086
2018-04-24,107.76644134521484
2018-04-25,108.04776000976562
2018-04-26,108.62523651123048
2018-04-27,108.44754791259766
2018-04-30,107.32222747802734
2018-05-01,107.3518295288086
2018-05-02,105.46392059326172
2018-05-03,105.1233367919922
2018-05-04,106.54483795166016
2018-05-07,106.03399658203124
2018-05-08,105.87113189697266
2018-05-09,106.75442504882812
2018-05-10,107.97461700439452
2018-05-11,107.89974975585938
2018-05-14,108.01953125
2018-05-15,107.60033416748048
2018-05-16,108.26656341552734
2018-05-17,108.16922760009766
2018-05-18,107.85484313964844
2018-05-21,108.91033935546876
2018-05-22,108.61090087890624
2018-05-23,108.29650115966795
2018-05-24,107.84735870361328
2018-05-25,107.52547454833984
2018-05-29,105.71392822265624
2018-05-30,106.76193237304688
2018-05-31,105.78128051757812
2018-06-01,106.2603759765625
2018-06-04,107.07633972167967
2018-06-05,107.57038879394533
2018-06-06,108.32645416259766
2018-06-07,108.8130111694336
2018-06-08,109.39691162109376
2018-06-11,109.72628784179688
2018-06-12,109.9433822631836
2018-06-13,109.55409240722656
2018-06-14,108.69325256347656
2018-06-15,108.8354721069336
2018-06-18,108.15425872802734
2018-06-19,107.72008514404295
2018-06-20,106.76939392089844
2018-06-21,105.73638916015624
2018-06-22,105.75881958007812
2018-06-25,103.89488220214844
2018-06-26,104.1119613647461
2018-06-27,102.91425323486328
2018-06-28,104.83059692382812
2018-06-29,104.5760726928711
2018-07-02,104.69586181640624
2018-07-03,104.478759765625
2018-07-05,105.87112426757812
2018-07-06,106.65711975097656
2018-07-09,108.08687591552734
2018-07-10,108.32645416259766
2018-07-11,108.49861145019533
2018-07-12,109.62899017333984
2018-07-13,109.21724700927734
2018-07-16,108.88787841796876
2018-07-17,107.41317749023438
2018-07-18,108.18423461914062
2018-07-19,111.7175064086914
2018-07-20,109.55409240722656
2018-07-23,109.06753540039062
2018-07-24,109.57659149169922
2018-07-25,109.7562484741211
2018-07-26,109.82360076904295
2018-07-27,108.6558074951172
2018-07-30,108.91033935546876
2018-07-31,108.49115753173828
2018-08-01,107.42068481445312
2018-08-02,107.01644897460938
2018-08-03,110.56470489501952
2018-08-06,109.31458282470705
2018-08-07,110.0481948852539
2018-08-08,109.95830535888672
2018-08-09,109.54216766357422
2018-08-10,109.3227310180664
2018-08-13,107.98345184326172
2018-08-14,108.47528839111328
2018-08-15,108.89143371582033
2018-08-16,109.97348022460938
2018-08-17,110.5182647705078
2018-08-20,110.8587646484375
2018-08-21,110.4501724243164
2018-08-22,109.89778900146484
2018-08-23,109.99617004394533
2018-08-24,110.50314331054688
2018-08-27,110.99494934082033
2018-08-28,110.9193115234375
2018-08-29,111.63813018798828
2018-08-30,110.41990661621094
2018-08-31,110.83606719970705
2018-09-04,110.2307586669922
2018-09-05,110.9722671508789
2018-09-06,110.7679672241211
2018-09-07,110.05671691894533
2018-09-10,110.20803833007812
2018-09-11,110.8436508178711
2018-09-12,110.9041748046875
2018-09-13,112.70503997802734
2018-09-14,112.23590087890624
2018-09-17,111.9407958984375
2018-09-18,112.40991973876952
2018-09-19,112.78824615478516
2018-09-20,114.36970520019533
2018-09-21,114.5210189819336
2018-09-24,113.52222442626952
2018-09-25,112.67477416992188
2018-09-26,114.71776580810548
2018-09-27,114.634521484375
2018-09-28,114.4150848388672
2018-10-01,115.76950073242188
2018-10-02,116.33702087402344
2018-10-03,115.93598175048828
2018-10-04,114.49076080322266
2018-10-05,112.76558685302734
2018-10-08,112.2812957763672
2018-10-09,111.4111328125
2018-10-10,107.96831512451172
2018-10-11,105.19135284423828
2018-10-12,106.57606506347656
2018-10-15,106.78792572021484
2018-10-16,109.8070068359375
2018-10-17,101.43074798583984
2018-10-18,98.78241729736328
2018-10-19,97.68524932861328
2018-10-22,98.38138580322266
2018-10-23,99.28180694580078
2018-10-24,96.25515747070312
2018-10-25,95.68009948730467
2018-10-26,94.42404174804688
2018-10-29,90.5272216796875
2018-10-30,87.31897735595703
2018-10-31,87.34166717529297
2018-11-01,88.4010009765625
2018-11-02,87.52326965332031
2018-11-05,90.8450164794922
2018-11-06,93.16041564941406
2018-11-07,94.4618682861328
2018-11-08,94.54615020751952
2018-11-09,94.66876983642578
2018-11-12,92.6457290649414
2018-11-13,92.59973907470705
2018-11-14,92.10930633544922
2018-11-15,93.05953979492188
2018-11-16,93.15916442871094
2018-11-19,92.19363403320312
2018-11-20,89.81043243408203
2018-11-21,90.86026000976562
2018-11-23,89.8027572631836
2018-11-26,91.618896484375
2018-11-27,91.9790496826172
2018-11-28,94.25494384765624
2018-11-29,93.0901870727539
2018-11-30,95.22816467285156
2018-12-03,96.02511596679688
2018-12-04,93.1821517944336
2018-12-06,94.95230865478516
2018-12-07,91.45030975341795
2018-12-10,92.82199096679688
2018-12-11,92.63807678222656
2018-12-12,92.84497833251952
2018-12-13,92.51546478271484
2018-12-14,91.87942504882812
2018-12-17,88.96747589111328
2018-12-18,89.38895416259766
2018-12-19,89.22037506103516
2018-12-20,86.60728454589844
2018-12-21,85.01338958740234
2018-12-24,82.43095397949219
2018-12-26,85.35822296142578
2018-12-27,87.1896743774414
2018-12-28,86.61494445800781
2018-12-31,87.10537719726562
2019-01-02,88.28548431396484
2019-01-03,86.52299499511719
2019-01-04,89.90237426757812
2019-01-07,90.53842163085938
2019-01-08,91.82579803466795
2019-01-09,92.48480224609376
2019-01-10,93.32774353027344
2019-01-11,93.07485961914062
2019-01-14,92.25492095947266
2019-01-15,93.28177642822266
2019-01-16,93.19747924804688
2019-01-17,93.6342544555664
2019-01-18,94.88335418701172
2019-01-22,93.88713836669922
2019-01-23,101.8336944580078
2019-01-24,101.5578155517578
2019-01-25,102.66128540039062
2019-01-28,102.89118957519533
2019-01-29,102.9371566772461
2019-01-30,102.97547149658205
2019-01-31,103.00611877441406
2019-02-01,102.76091003417967
2019-02-04,103.5961685180664
2019-02-05,103.87201690673828
2019-02-06,104.46209716796876
2019-02-07,103.25273895263672
2019-02-08,103.65585327148438
2019-02-11,103.8729248046875
2019-02-12,105.46990203857422
2019-02-13,106.6094970703125
2019-02-14,105.80325317382812
2019-02-15,107.00484466552734
2019-02-19,107.52425384521484
2019-02-20,106.98160552978516
2019-02-21,106.85752868652344
2019-02-22,107.95063018798828
2019-02-25,108.1134262084961
2019-02-26,108.31499481201172
2019-02-27,107.88859558105467
2019-02-28,107.08235168457033
2019-03-01,107.91187286376952
2019-03-04,107.31493377685548
2019-03-05,106.8885498046875
2019-03-06,106.1908721923828
2019-03-07,104.93499755859376
2019-03-08,104.72566986083984
2019-03-11,106.75676727294922
2019-03-12,107.19864654541016
2019-03-13,107.41571044921876
2019-03-14,107.59400177001952
2019-03-15,108.09016418457033
2019-03-18,108.69483184814452
2019-03-19,108.91190338134766
2019-03-20,108.22195434570312
2019-03-21,109.6483917236328
2019-03-22,108.1056671142578
2019-03-25,107.8963623046875
2019-03-26,108.70260620117188
2019-03-27,107.94287109375
2019-03-28,108.47003173828124
2019-03-29,109.3847885131836
2019-04-01,111.0903091430664
2019-04-02,110.85774993896484
2019-04-03,111.34612274169922
2019-04-04,110.68719482421876
2019-04-05,111.07481384277344
2019-04-08,111.1600570678711
2019-04-09,110.16779327392578
2019-04-10,110.87322998046876
2019-04-11,111.46240234375
2019-04-12,111.90430450439452
2019-04-15,111.55543518066406
2019-04-16,112.51673889160156
2019-04-17,107.8420867919922
2019-04-18,108.7878875732422
2019-04-22,107.67155456542967
2019-04-23,108.87312316894533
2019-04-24,108.49327850341795
2019-04-25,107.47000122070312
2019-04-26,108.09793090820312
2019-04-29,107.79558563232422
2019-04-30,108.74134063720705
2019-05-01,108.96617889404295
2019-05-02,108.21422576904295
2019-05-03,108.72586822509766
2019-05-06,108.82662200927734
2019-05-07,106.7025146484375
2019-05-08,106.98160552978516
2019-05-09,106.165771484375
2019-05-10,106.15007019042967
2019-05-13,103.0907745361328
2019-05-14,104.57335662841795
2019-05-15,105.42839813232422
2019-05-16,106.58938598632812
2019-05-17,105.36563873291016
2019-05-20,105.99320220947266
2019-05-21,107.0364990234375
2019-05-22,106.95806121826172
2019-05-23,103.85169219970705
2019-05-24,103.76538848876952
2019-05-28,102.33772277832033
2019-05-29,101.73370361328124
2019-05-30,101.63956451416016
2019-05-31,99.61572265625
2019-06-03,100.61980438232422
2019-06-04,104.0870132446289
2019-06-05,103.14568328857422
2019-06-06,103.71831512451172
2019-06-07,104.57335662841795
2019-06-10,105.69512176513672
2019-06-11,106.644287109375
2019-06-12,105.7970962524414
2019-06-13,106.49524688720705
2019-06-14,106.01671600341795
2019-06-17,105.85985565185548
2019-06-18,106.98162078857422
2019-06-19,107.53070831298828
2019-06-20,108.91915893554688
2019-06-21,109.19369506835938
2019-06-24,109.31136322021484
2019-06-25,108.53478240966795
2019-06-26,108.6602783203125
2019-06-27,108.6602783203125
2019-06-28,108.17395782470705
2019-07-01,109.72710418701172
2019-07-02,109.99384307861328
2019-07-03,111.029296875
2019-07-05,110.9037628173828
2019-07-08,110.26838684082033
2019-07-09,109.2956771850586
2019-07-10,110.18993377685548
2019-07-11,110.79397583007812
2019-07-12,111.97059631347656
2019-07-15,112.42559051513672
2019-07-16,112.59033966064452
2019-07-17,112.22949981689452
2019-07-18,117.37539672851562
2019-07-19,117.41461944580078
2019-07-22,117.46167755126952
2019-07-23,117.9637222290039
2019-07-24,117.68917846679688
2019-07-25,117.97156524658205
2019-07-26,118.7324676513672
2019-07-29,118.35592651367188
2019-07-30,117.4852066040039
2019-07-31,116.28501892089844
2019-08-01,117.9166488647461
2019-08-02,115.5084228515625
2019-08-05,110.4174346923828
2019-08-06,110.39389038085938
2019-08-07,109.12310791015624
2019-08-08,111.19461822509766
2019-08-09,108.043701171875
2019-08-12,106.09123992919922
2019-08-13,107.77384185791016
2019-08-14,104.1705322265625
2019-08-15,104.70230102539062
2019-08-16,106.16267395019533
2019-08-19,107.1785888671875
2019-08-20,105.55948638916016
2019-08-21,106.55158996582033
2019-08-22,106.60714721679688
2019-08-23,102.837158203125
2019-08-26,103.17049407958984
2019-08-27,104.10704803466795
2019-08-28,105.3689956665039
2019-08-29,107.0516128540039
2019-08-30,107.56749725341795
2019-09-03,106.43252563476562
2019-09-04,108.19448852539062
2019-09-05,111.88512420654295
2019-09-06,111.56764221191406
2019-09-09,113.17880249023438
2019-09-10,115.12334442138672
2019-09-11,113.97248077392578
2019-09-12,113.98837280273438
2019-09-13,114.02803802490234
2019-09-16,113.08357238769533
2019-09-17,112.86132049560548
2019-09-18,112.87720489501952
2019-09-19,113.47248077392578
2019-09-20,112.60733795166016
2019-09-23,112.75814819335938
2019-09-24,112.44861602783205
2019-09-25,113.62326049804688
2019-09-26,113.93280029296876
2019-09-27,113.6867446899414
2019-09-30,115.4169921875
2019-10-01,114.02013397216795
2019-10-02,112.45655822753906
2019-10-03,112.71849822998048
2019-10-04,113.48833465576172
2019-10-07,112.13115692138672
2019-10-08,109.8294906616211
2019-10-09,110.85333251953124
2019-10-10,112.01211547851562
2019-10-11,113.30579376220705
2019-10-14,112.73435974121094
2019-10-15,113.49629974365234
2019-10-16,112.7899169921875
2019-10-17,106.55950164794922
2019-10-18,106.42459106445312
2019-10-21,105.22612762451172
2019-10-22,106.32141876220705
2019-10-23,106.65476989746094
2019-10-24,106.4087142944336
2019-10-25,107.49606323242188
2019-10-28,107.9167022705078
2019-10-29,106.21029663085938
2019-10-30,107.34527587890624
2019-10-31,106.13884735107422
2019-11-01,107.56749725341795
2019-11-04,109.26597595214844
2019-11-05,109.4405746459961
2019-11-06,110.14695739746094
2019-11-07,110.57254791259766
2019-11-08,110.50831604003906
2019-11-11,108.78978729248048
2019-11-12,108.88614654541016
2019-11-13,107.99475860595705
2019-11-14,107.60928344726562
2019-11-15,107.93053436279295
2019-11-18,107.85824584960938
2019-11-19,108.02688598632812
2019-11-20,106.96685028076172
2019-11-21,107.4808120727539
2019-11-22,107.88233184814452
2019-11-25,109.19131469726562
2019-11-26,108.48463439941406
2019-11-27,107.42459869384766
2019-11-29,107.97068786621094
2019-12-02,106.73396301269533
2019-12-03,106.09954071044922
2019-12-04,105.99517822265624
2019-12-05,105.930908203125
2019-12-06,106.98291015625
2019-12-09,107.54505920410156
2019-12-10,107.53702545166016
2019-12-11,107.41655731201172
2019-12-12,108.66932678222656
2019-12-13,107.7779541015625
2019-12-16,107.71369934082033
2019-12-17,107.78594970703124
2019-12-18,107.93856811523438
2019-12-19,108.05900573730467
2019-12-20,108.88614654541016
2019-12-23,108.8540496826172
2019-12-24,108.3962860107422
2019-12-26,108.34007263183594
2019-12-27,108.62918853759766
2019-12-30,106.65367126464844
2019-12-31,107.64141845703124
2020-01-02,108.74964141845705
2020-01-03,107.88233184814452
2020-01-06,107.6895980834961
2020-01-07,107.76187133789062
2020-01-08,108.66130065917967
2020-01-09,109.8096694946289
2020-01-10,109.76950073242188
2020-01-13,109.6972427368164
2020-01-14,109.07085418701172
2020-01-15,109.71331024169922
2020-01-16,110.80545806884766
2020-01-17,111.07048034667967
2020-01-21,111.76107788085938
2020-01-22,115.5514907836914
2020-01-23,114.73240661621094
2020-01-24,112.87733459472656
2020-01-27,111.31941223144533
2020-01-28,112.06626892089844
2020-01-29,110.57254791259766
2020-01-30,109.83374786376952
2020-01-31,115.42301940917967
2020-02-03,117.46277618408205
2020-02-04,119.74343872070312
2020-02-05,125.54150390625
2020-02-06,125.88681030273438
2020-02-07,124.48302459716795
2020-02-10,125.31067657470705
2020-02-11,124.5398406982422
2020-02-12,126.0247573852539
2020-02-13,125.2133331298828
2020-02-14,122.28404235839844
2020-02-18,122.6085968017578
2020-02-19,122.41383361816406
2020-02-20,122.70596313476562
2020-02-21,121.58617401123048
2020-02-24,118.81916809082033
2020-02-25,114.9891586303711
2020-02-26,113.39875030517578
2020-02-27,108.01079559326172
2020-02-28,105.60891723632812
2020-03-02,108.97640228271484
2020-03-03,104.59464263916016
2020-03-04,108.9114761352539
2020-03-05,105.12205505371094
2020-03-06,103.6452407836914
2020-03-09,95.59576416015624
2020-03-10,101.2433853149414
2020-03-11,95.72559356689452
2020-03-12,83.42414855957031
2020-03-13,87.59496307373047
2020-03-16,80.39749145507812
2020-03-17,86.54008483886719
2020-03-18,84.02462768554688
2020-03-19,81.4198989868164
2020-03-20,77.40327453613281
2020-03-23,76.90017700195312
2020-03-24,85.5906982421875
2020-03-25,85.89093017578125
2020-03-26,91.60347747802734
2020-03-27,87.65987396240234
2020-03-30,91.63592529296876
2020-03-31,90.0130386352539
2020-04-01,85.3147964477539
2020-04-02,89.25841522216797
2020-04-03,86.28853607177734
2020-04-06,93.1695556640625
2020-04-07,93.26692199707033
2020-04-08,96.79669189453124
2020-04-09,98.58997344970705
2020-04-13,98.30596923828124
2020-04-14,100.5455322265625
2020-04-15,96.30982208251952
2020-04-16,93.90796661376952
2020-04-17,97.47017669677734
2020-04-20,97.70550537109376
2020-04-21,94.7437515258789
2020-04-22,96.81289672851562
2020-04-23,98.46824645996094
2020-04-24,101.20281219482422
2020-04-27,102.1765365600586
2020-04-28,102.46054077148438
2020-04-29,104.42423248291016
2020-04-30,101.8844223022461
2020-05-01,98.89019775390624
2020-05-04,98.73603057861328
2020-05-05,99.46633911132812
2020-05-06,99.94508361816406
2020-05-07,99.69015502929688
2020-05-08,101.137451171875
2020-05-11,100.80851745605467
2020-05-12,98.89250946044922
2020-05-13,95.1673812866211
2020-05-14,96.17061614990234
2020-05-15,96.1952896118164
2020-05-18,99.9615249633789
2020-05-19,98.91716766357422
2020-05-20,99.81351470947266
2020-05-21,97.95504760742188
2020-05-22,97.35475158691406
2020-05-26,100.12599182128906
2020-05-27,103.23435974121094
2020-05-28,102.40381622314452
2020-05-29,102.70807647705078
2020-06-01,102.6998519897461
2020-06-02,103.61263275146484
2020-06-03,106.12073516845705
2020-06-04,105.98914337158205
2020-06-05,108.5959014892578
2020-06-08,111.63027954101562
2020-06-09,108.43966674804688
2020-06-10,106.79502868652344
2020-06-11,97.04226684570312
2020-06-12,100.24932098388672
2020-06-15,100.0355224609375
2020-06-16,102.91365051269533
2020-06-17,102.0913314819336
2020-06-18,102.0995635986328
2020-06-19,100.7098388671875
2020-06-22,99.55857849121094
2020-06-23,98.19353485107422
2020-06-24,95.73478698730467
2020-06-25,97.88103485107422
2020-06-26,96.36798095703124
2020-06-29,98.4731216430664
2020-06-30,99.31188201904295
2020-07-01,97.47808837890624
2020-07-02,98.43199157714844
2020-07-06,98.83494567871094
2020-07-07,96.68868255615234
2020-07-08,96.79557800292967
2020-07-09,95.15094757080078
2020-07-10,97.3218765258789
2020-07-13,98.02082824707033
2020-07-14,99.1720962524414
2020-07-15,101.1456527709961
2020-07-16,101.9761962890625
2020-07-17,102.8807601928711
2020-07-20,103.91688537597656
2020-07-21,103.6619644165039
2020-07-22,105.80823516845705
2020-07-23,104.7063217163086
2020-07-24,103.43994903564452
2020-07-27,103.78532409667967
2020-07-28,102.35448455810548
2020-07-29,103.05345153808594
2020-07-30,101.0634307861328
2020-07-31,101.09632873535156
2020-08-03,102.22290802001952
2020-08-04,103.4810562133789
2020-08-05,103.16036987304688
2020-08-06,103.7113037109375
2020-08-07,104.10285949707033
2020-08-10,105.89400482177734
2020-08-11,105.59410095214844
2020-08-12,105.55243682861328
2020-08-13,104.1611785888672
2020-08-14,104.3611297607422
2020-08-17,103.66966247558594
2020-08-18,104.06954193115234
2020-08-19,103.16980743408205
2020-08-20,102.594970703125
2020-08-21,102.60330200195312
2020-08-24,104.70269012451172
2020-08-25,103.83625793457033
2020-08-26,103.44471740722656
2020-08-27,103.8446044921875
2020-08-28,104.19450378417967
2020-08-31,102.72826385498048
2020-09-01,102.80323791503906
2020-09-02,106.78540802001952
2020-09-03,103.67798614501952
2020-09-04,101.88683319091795
2020-09-08,100.97877502441406
2020-09-09,101.85350799560548
2020-09-10,100.4372787475586
2020-09-11,101.18704986572266
2020-09-14,101.71190643310548
2020-09-15,102.00347900390624
2020-09-16,103.48636627197266
2020-09-17,104.06954193115234
2020-09-18,102.2700653076172
2020-09-21,100.17900848388672
2020-09-22,100.39561462402344
2020-09-23,98.99603271484376
2020-09-24,98.3795394897461
2020-09-25,99.0959930419922
2020-09-28,101.41197967529295
2020-09-29,100.75384521484376
2020-09-30,101.36199951171876
2020-10-01,100.87879943847656
2020-10-02,100.44559478759766
2020-10-05,101.64524841308594
2020-10-06,101.61193084716795
2020-10-07,103.36141967773438
2020-10-08,109.54293823242188
2020-10-09,106.46051025390624
2020-10-12,105.9773178100586
2020-10-13,104.21949768066406
2020-10-14,104.91929626464844
2020-10-15,104.04454040527344
2020-10-16,104.91096496582033
2020-10-19,104.56940460205078
2020-10-20,97.77972412109376
2020-10-21,95.8552703857422
2020-10-22,96.43844604492188
2020-10-23,96.6383819580078
2020-10-26,93.48931884765624
2020-10-27,92.10637664794922
2020-10-28,88.84900665283203
2020-10-29,90.73176574707033
2020-10-30,93.02278137207033
2020-11-02,94.06413269042967
2020-11-03,95.10549926757812
2020-11-04,93.22271728515624
2020-11-05,95.61369323730467
2020-11-06,95.00552368164062
2020-11-09,97.64246368408205
2020-11-10,99.6539535522461
2020-11-11,99.05388641357422
2020-11-12,96.7719268798828
2020-11-13,98.75809478759766
2020-11-16,100.03429412841795
2020-11-17,99.47647857666016
2020-11-18,98.69046020507812
2020-11-19,99.03699493408205
2020-11-20,98.83414459228516
2020-11-23,101.49642181396484
2020-11-24,105.15602111816406
2020-11-25,104.97008514404295
2020-11-27,105.09685516357422
2020-11-30,104.39535522460938
2020-12-01,104.09110260009766
2020-12-02,105.3250503540039
2020-12-03,104.471435546875
2020-12-04,107.50558471679688
2020-12-07,105.39266967773438
2020-12-08,106.24628448486328
2020-12-09,107.15906524658205
2020-12-10,105.61241149902344
2020-12-11,105.02923583984376
2020-12-14,104.40381622314452
2020-12-15,106.43222045898438
2020-12-16,106.11105346679688
2020-12-17,106.11105346679688
2020-12-18,106.36460876464844
2020-12-21,104.28547668457033
2020-12-22,104.471435546875
2020-12-23,104.71652221679688
2020-12-24,105.38420104980467
2020-12-28,105.4940948486328
2020-12-29,104.63200378417967
2020-12-30,105.08840942382812
2020-12-31,106.38996124267578
2021-01-04,104.75032806396484
2021-01-05,106.60970306396484
2021-01-06,109.27198791503906
2021-01-07,109.0184326171875
2021-01-08,108.62966918945312
2021-01-11,108.6719207763672
2021-01-12,109.20437622070312
2021-01-13,107.2689437866211
2021-01-14,109.00154113769533
2021-01-15,108.51134490966795
2021-01-19,109.0438003540039
2021-01-20,109.9396743774414
2021-01-21,111.26658630371094
2021-01-22,100.24557495117188
2021-01-25,100.22022247314452
2021-01-26,103.52483367919922
2021-01-27,103.5079345703125
2021-01-28,101.48796844482422
2021-01-29,100.66815948486328
2021-02-01,101.8767547607422
2021-02-02,100.9470672607422
2021-02-03,100.6766357421875
2021-02-04,102.28244018554688
2021-02-05,102.93321228027344
2021-02-08,104.471435546875
2021-02-09,104.57420349121094
2021-02-10,104.69409942626952
2021-02-11,103.55500030517578
2021-02-12,103.46080780029295
2021-02-16,102.83558654785156
2021-02-17,102.74993896484376
2021-02-18,103.40084838867188
2021-02-19,101.91060638427734
2021-02-22,103.5121841430664
2021-02-23,103.38371276855467
2021-02-24,105.52487182617188
2021-02-25,104.89109802246094
2021-02-26,101.85921478271484
2021-03-01,103.40941619873048
2021-03-02,103.05825805664062
2021-03-03,104.796875
2021-03-04,102.86983489990234
2021-03-05,105.19943237304688
2021-03-08,106.8952178955078
2021-03-09,106.35564422607422
2021-03-10,109.51598358154295
2021-03-11,108.89077758789062
2021-03-12,109.29330444335938
2021-03-15,110.12408447265624
2021-03-16,109.83289337158205
2021-03-17,110.50950622558594
2021-03-18,111.39167022705078
2021-03-19,110.39816284179688
2021-03-22,111.8113250732422
2021-03-23,111.7342529296875
2021-03-24,111.87127685546876
2021-03-25,113.96961212158205
2021-03-26,116.80451202392578
2021-03-29,116.3591537475586
2021-03-30,115.38277435302734
2021-03-31,114.1323471069336
2021-04-01,114.10663604736328
2021-04-05,116.41908264160156
2021-04-06,114.9545440673828
2021-04-07,115.5626220703125
2021-04-08,115.72535705566406
2021-04-09,116.24781036376952
2021-04-12,115.2714385986328
2021-04-13,112.35089111328124
2021-04-14,113.5927734375
2021-04-15,113.54993438720705
2021-04-16,114.41497039794922
2021-04-19,114.0124282836914
2021-04-20,118.32901000976562
2021-04-21,122.9453353881836
2021-04-22,121.0011749267578
2021-04-23,121.9861068725586
2021-04-26,121.24954986572266
2021-04-27,121.62639617919922
2021-04-28,122.47430419921876
2021-04-29,123.53631591796876
2021-04-30,121.51506042480467
2021-05-03,123.9730987548828
2021-05-04,124.8295669555664
2021-05-05,124.3756332397461
2021-05-06,127.11632537841795
2021-05-07,125.9731674194336
2021-05-10,126.58802795410156
2021-05-11,124.89928436279295
2021-05-12,122.37046813964844
2021-05-13,124.85598754882812
2021-05-14,125.29766082763672
2021-05-17,125.67005157470705
2021-05-18,124.63082122802734
2021-05-19,124.00727081298828
2021-05-20,124.60484313964844
2021-05-21,125.34961700439452
2021-05-24,125.33229064941406
2021-05-25,124.52687072753906
2021-05-26,124.17183685302734
2021-05-27,124.5528793334961
2021-05-28,124.4835968017578
2021-06-01,124.8733139038086
2021-06-02,126.19833374023438
2021-06-03,126.05111694335938
2021-06-04,127.67060089111328
2021-06-07,128.19020080566406
2021-06-08,129.09954833984375
2021-06-09,130.48519897460938
2021-06-10,130.3726043701172
2021-06-11,131.0134735107422
2021-06-14,129.9309539794922
2021-06-15,129.35067749023438
2021-06-16,128.0256805419922
2021-06-17,126.09442138671876
2021-06-18,123.94664764404295
2021-06-21,127.00373840332033
2021-06-22,126.7525863647461
2021-06-23,125.2370376586914
2021-06-24,125.95584106445312
2021-06-25,127.16829681396484
2021-06-28,125.8259506225586
2021-06-29,126.05111694335938
2021-06-30,126.9517822265625
2021-07-01,127.16829681396484
2021-07-02,121.261962890625
2021-07-06,120.18807220458984
2021-07-07,121.08872985839844
2021-07-08,121.885498046875
2021-07-09,122.56099700927734
2021-07-12,122.04136657714844
2021-07-13,121.4871063232422
2021-07-14,121.08872985839844
2021-07-15,121.63435363769533
2021-07-16,120.2919921875
2021-07-19,119.44327545166016
2021-07-20,121.21864318847656
2021-07-21,122.37046813964844
2021-07-22,121.85950469970705
2021-07-23,122.40511322021484
2021-07-26,123.64353942871094
2021-07-27,123.62619018554688
2021-07-28,122.77749633789062
2021-07-29,122.9160614013672
2021-07-30,122.0760269165039
2021-08-02,122.47440338134766
2021-08-03,124.76937103271484
2021-08-04,123.63488006591795
2021-08-05,123.64353942871094
2021-08-06,124.78669738769533
2021-08-09,123.73548889160156
2021-08-10,123.8493881225586
2021-08-11,124.50638580322266
2021-08-12,125.32980346679688
2021-08-13,125.42618560791016
2021-08-16,125.78534698486328
2021-08-17,124.76043701171876
2021-08-18,122.17623138427734
2021-08-19,120.906005859375
2021-08-20,121.86087036132812
2021-08-23,122.3075942993164
2021-08-24,122.50033569335938
2021-08-25,122.51786041259766
2021-08-26,121.57178497314452
2021-08-27,122.1236572265625
2021-08-30,121.73820495605467
2021-08-31,122.9383316040039
2021-09-01,122.02728271484376
2021-09-02,122.64924621582033
2021-09-03,122.27256774902344
2021-09-07,120.94104766845705
2021-09-08,121.47541046142578
2021-09-09,120.66073608398438
2021-09-10,120.0300064086914
2021-09-13,121.01988983154295
2021-09-14,119.3292007446289
2021-09-15,120.18768310546876
2021-09-16,119.5131607055664
2021-09-17,118.46196746826172
2021-09-20,117.65604400634766
2021-09-21,116.48219299316406
2021-09-22,117.93635559082033
2021-09-23,119.77594757080078
2021-09-24,120.44171905517578
2021-09-27,121.37904357910156
2021-09-28,120.42420196533205
2021-09-29,121.92219543457033
2021-09-30,121.70316314697266
2021-10-01,125.548828125
2021-10-04,126.2408676147461
2021-10-05,125.3999252319336
2021-10-06,124.7078628540039
2021-10-07,124.22606658935548
2021-10-08,125.46121978759766
2021-10-11,124.76917266845705
2021-10-12,123.05219268798828
2021-10-13,123.30624389648438
2021-10-14,125.6101531982422
2021-10-15,126.67887115478516
2021-10-18,124.6728286743164
2021-10-19,124.375
2021-10-20,124.30490112304688
2021-10-21,112.41753387451172
2021-10-22,112.02333068847656
2021-10-25,111.81309509277344
2021-10-26,111.3663330078125
2021-10-27,109.6493682861328
2021-10-28,110.2362823486328
2021-10-29,109.58804321289062
2021-11-01,110.6217269897461
2021-11-02,110.53412628173828
2021-11-03,111.3663330078125
2021-11-04,110.7348175048828
2021-11-05,113.26380157470705
2021-11-08,114.115966796875
2021-11-09,112.21247863769533
2021-11-10,111.62751007080078
2021-11-11,111.67393493652344
2021-11-12,110.45755767822266
2021-11-15,110.3740005493164
2021-11-16,109.99330139160156
2021-11-17,109.62188720703124
2021-11-18,108.32196044921876
2021-11-19,107.75556182861328
2021-11-22,108.14553833007812
2021-11-23,108.44266510009766
2021-11-24,108.38695526123048
2021-11-26,107.53269958496094
2021-11-29,110.03044128417967
2021-11-30,108.73049926757812
2021-12-01,108.56336975097656
2021-12-02,108.54480743408205
2021-12-03,110.34615325927734
2021-12-06,111.33967590332033
2021-12-07,112.89031219482422
2021-12-08,114.22738647460938
2021-12-09,114.7380828857422
2021-12-10,115.22091674804688
2021-12-13,113.81884002685548
2021-12-14,114.9145050048828
2021-12-15,114.31095123291016
2021-12-16,116.92940521240234
2021-12-17,118.2943344116211
2021-12-20,117.9786376953125
2021-12-21,119.75212097167967
2021-12-22,120.4763641357422
2021-12-23,121.29348754882812
2021-12-27,122.21271514892578
2021-12-28,123.1505355834961
2021-12-29,123.8190689086914
2021-12-30,124.33905029296876
2021-12-31,124.1069107055664
2022-01-03,126.31678771972656
2022-01-04,128.15530395507812
2022-01-05,128.34100341796875
2022-01-06,125.6668472290039
2022-01-07,125.19329833984376
2022-01-10,125.3790054321289
2022-01-11,123.37336730957033
2022-01-12,124.04191589355467
2022-01-13,125.12828063964844
2022-01-14,124.61760711669922
2022-01-18,123.4383773803711
2022-01-19,122.17557525634766
2022-01-20,121.46990203857422
2022-01-21,120.10496520996094
2022-01-24,119.61285400390624
2022-01-25,126.37252044677734
2022-01-26,124.6640167236328
2022-01-27,123.04839324951172
2022-01-28,124.88687133789062
2022-01-31,124.02336883544922
2022-02-01,125.84324645996094
2022-02-02,127.4403305053711
2022-02-03,127.93244171142578
2022-02-04,127.34748077392578
2022-02-07,127.43104553222656
2022-02-08,127.22675323486328
2022-02-09,127.94172668457033
2022-02-10,125.47027587890624
2022-02-11,124.6903305053711
2022-02-14,122.30345153808594
2022-02-15,122.10612487792967
2022-02-16,121.39192962646484
2022-02-17,117.43576049804688
2022-02-18,116.85314178466795
2022-02-22,116.44905853271484
2022-02-23,114.71058654785156
2022-02-24,114.61661529541016
2022-02-25,116.69338989257812
2022-02-28,115.12406158447266
2022-03-01,114.03399658203124
2022-03-02,116.39266967773438
2022-03-03,118.33787536621094
2022-03-04,118.98627471923828
2022-03-07,118.4694366455078
2022-03-08,118.10295104980467
2022-03-09,118.6103973388672
2022-03-10,116.85314178466795
2022-03-11,116.48664855957033
2022-03-14,116.46784973144533
2022-03-15,118.06536102294922
2022-03-16,119.3809585571289
2022-03-17,120.2454833984375
2022-03-18,120.99726104736328
2022-03-21,120.3770523071289
2022-03-22,121.27916717529295
2022-03-23,120.56500244140624
2022-03-24,121.4577178955078
2022-03-25,123.43112182617188
2022-03-28,123.54387664794922
2022-03-29,123.98555755615234
2022-03-30,124.1640853881836
2022-03-31,122.1812973022461
2022-04-01,122.30345153808594
2022-04-04,122.4162139892578
2022-04-05,121.11942291259766
2022-04-06,121.58928680419922
2022-04-07,120.79991149902344
2022-04-08,120.02935028076172
2022-04-11,118.75135040283205
2022-04-12,118.38487243652344
2022-04-13,118.53521728515624
2022-04-14,118.92989349365234
2022-04-18,118.56340026855467
2022-04-19,121.3637466430664
2022-04-20,129.9809112548828
2022-04-21,131.4186553955078
2022-04-22,129.91513061523438
2022-04-25,130.71388244628906
2022-04-26,127.97932434082033
2022-04-27,126.91744232177734
2022-04-28,127.55644989013672
2022-04-29,124.2392807006836
2022-05-02,125.01922607421876
2022-05-03,124.53058624267578
2022-05-04,129.11636352539062
2022-05-05,127.72560119628906
2022-05-06,129.37008666992188
2022-05-09,127.86734008789062
2022-05-10,122.8169403076172
2022-05-11,124.35773468017578
2022-05-12,126.40261840820312
2022-05-13,127.0684051513672
2022-05-16,128.42849731445312
2022-05-17,131.60519409179688
2022-05-18,126.44066619873048
2022-05-19,123.32102966308594
2022-05-20,122.19869995117188
2022-05-23,124.7572021484375
2022-05-24,127.25862121582033
2022-05-25,127.81978607177734
2022-05-26,130.19754028320312
2022-05-27,132.46121215820312
2022-05-31,132.0522003173828
2022-06-01,132.61337280273438
2022-06-02,133.2981719970703
2022-06-03,134.27781677246094
2022-06-06,135.89471435546875
2022-06-07,135.79959106445312
2022-06-08,133.94493103027344
2022-06-09,131.2152557373047
2022-06-10,129.5317840576172
2022-06-13,128.50457763671875
2022-06-14,129.0847625732422
2022-06-15,130.35923767089844
2022-06-16,129.0371856689453
2022-06-17,128.41897583007812
2022-06-21,131.11061096191406
2022-06-22,130.37826538085938
2022-06-23,131.67176818847656
2022-06-24,135.11480712890625
2022-06-27,135.81861877441406
2022-06-28,134.92457580566406
2022-06-29,133.83079528808594
2022-06-30,134.28732299804688
2022-07-01,134.2207489013672
2022-07-05,130.89186096191406
2022-07-06,131.32937622070312
2022-07-07,133.94493103027344
2022-07-08,133.60252380371094
2022-07-11,134.1066131591797
2022-07-12,132.37559509277344
2022-07-13,130.47337341308594
2022-07-14,132.261474609375
2022-07-15,133.0794219970703
2022-07-18,131.37693786621094
2022-07-19,124.48137664794922
2022-07-20,122.86448669433594
2022-07-21,120.9337387084961
2022-07-22,121.9799575805664
2022-07-25,122.25577545166016
2022-07-26,121.81827545166016
2022-07-27,122.8074188232422
2022-07-28,122.90253448486328
2022-07-29,124.39576721191406
2022-08-01,125.58466339111328
2022-08-02,125.36591339111328
2022-08-03,125.8700180053711
2022-08-04,125.2042236328125
2022-08-05,126.0031509399414
2022-08-08,126.12678527832033
2022-08-09,124.69180297851562
2022-08-10,126.6468734741211
2022-08-11,127.64849853515624
2022-08-12,129.0642547607422
2022-08-15,129.95028686523438
2022-08-16,131.52012634277344
2022-08-17,132.70472717285156
2022-08-18,133.93751525878906
2022-08-19,133.26332092285156
2022-08-22,130.54742431640625
2022-08-23,129.76731872558594
2022-08-24,128.31301879882812
2022-08-25,129.0353546142578
2022-08-26,125.56822204589844
2022-08-29,125.50080108642578
2022-08-30,124.79773712158205
2022-08-31,123.70944213867188
2022-09-01,124.87478637695312
2022-09-02,123.07379913330078
2022-09-06,122.04328918457033
2022-09-07,122.99674987792967
2022-09-08,123.72869873046876
2022-09-09,124.42213439941406
2022-09-12,125.83787536621094
2022-09-13,122.55372619628906
2022-09-14,122.9774932861328
2022-09-15,120.85868072509766
2022-09-16,122.57298278808594
2022-09-19,123.01602172851562
2022-09-20,121.63878631591795
2022-09-21,120.31934356689452
2022-09-22,120.6853256225586
2022-09-23,118.1812744140625
2022-09-26,117.50711822509766
2022-09-27,117.24707794189452
2022-09-28,118.22943878173828
2022-09-29,117.1411361694336
2022-09-30,114.42521667480467
2022-10-03,117.02556610107422
2022-10-04,120.8683090209961
2022-10-05,121.09944915771484
2022-10-06,117.71900177001952
2022-10-07,114.4348373413086
2022-10-10,113.40433502197266
2022-10-11,113.4524917602539
2022-10-12,113.23097229003906
2022-10-13,117.29522705078124
2022-10-14,115.6098175048828
2022-10-17,117.0352020263672
2022-10-18,118.40279388427734
2022-10-19,117.98866271972656
2022-10-20,123.56497955322266
2022-10-21,125.10591888427734
2022-10-24,127.79295349121094
2022-10-25,128.02410888671875
2022-10-26,130.02732849121094
2022-10-27,129.79620361328125
2022-10-28,133.39816284179688
2022-10-31,133.18626403808594
2022-11-01,133.099609375
2022-11-02,131.78016662597656
2022-11-03,129.50726318359375
2022-11-04,131.90538024902344
2022-11-07,133.23443603515625
2022-11-08,134.8717041015625
2022-11-09,133.89712524414062
2022-11-10,137.63949584960938
2022-11-11,139.53018188476562
2022-11-14,140.5339813232422
2022-11-15,140.67044067382812
2022-11-16,140.84585571289062
2022-11-17,142.37594604492188
2022-11-18,143.88653564453125
2022-11-21,142.95094299316406
2022-11-22,145.30941772460938
2022-11-23,144.96832275390625
2022-11-25,144.5979766845703
2022-11-28,142.46363830566406
2022-11-29,142.76577758789062
2022-11-30,145.114501953125
2022-12-01,145.36788940429688
2022-12-02,144.89035034179688
2022-12-05,143.66238403320312
2022-12-06,143.75010681152344
2022-12-07,143.5259552001953
2022-12-08,144.02297973632812
2022-12-09,143.31153869628906
2022-12-12,145.4166259765625
2022-12-13,146.74205017089844
2022-12-14,146.0500946044922
2022-12-15,138.7407684326172
2022-12-16,136.59671020507812
2022-12-19,135.33949279785156
2022-12-20,137.68821716308594
2022-12-21,138.5263671875
2022-12-22,137.29840087890625
2022-12-23,138.04881286621094
2022-12-27,138.7992401123047
2022-12-28,136.46026611328125
2022-12-29,137.47381591796875
2022-12-30,137.30813598632812
2023-01-03,137.95135498046875
2023-01-04,138.9746856689453
2023-01-05,137.52255249023438
2023-01-06,140.0467071533203
2023-01-09,139.9005126953125
2023-01-10,141.11874389648438
2023-01-11,141.56704711914062
2023-01-12,141.84967041015625
2023-01-13,142.1810302734375
2023-01-17,141.4988250732422
2023-01-18,136.84034729003906
2023-01-19,137.0449981689453
2023-01-20,137.61026000976562
2023-01-23,138.25347900390625
2023-01-24,137.8928985595703
2023-01-25,137.1814422607422
2023-01-26,131.03187561035156
2023-01-27,130.97340393066406
2023-01-30,131.86026000976562
2023-01-31,131.30474853515625
2023-02-01,131.6555938720703
2023-02-02,132.92254638671875
2023-02-03,133.45855712890625
2023-02-06,132.71788024902344
2023-02-07,132.3865203857422
2023-02-08,132.52296447753906
2023-02-09,131.95077514648438
2023-02-10,133.77589416503906
2023-02-13,135.50234985351562
2023-02-14,134.18035888671875
2023-02-15,134.56512451171875
2023-02-16,133.1839599609375
2023-02-17,133.2036895751953
2023-02-21,129.93821716308594
2023-02-22,129.2081756591797
2023-02-23,129.03057861328125
2023-02-24,128.8135528564453
2023-02-27,128.73463439941406
2023-02-28,127.56063842773438
2023-03-01,126.46556854248048
2023-03-02,127.1956024169922
2023-03-03,127.89605712890624
2023-03-06,128.43865966796875
2023-03-07,126.5247573852539
2023-03-08,126.32745361328124
2023-03-09,124.46287536621094
2023-03-10,123.76242065429688
2023-03-13,123.89067840576172
2023-03-14,122.9731903076172
2023-03-15,121.62161254882812
2023-03-16,123.02251434326172
2023-03-17,122.0261001586914
2023-03-20,124.24583435058594
2023-03-21,124.86735534667967
2023-03-22,122.38126373291016
2023-03-23,121.71041107177734
2023-03-24,123.60457611083984
2023-03-27,127.57049560546876
2023-03-28,127.60009002685548
2023-03-29,127.96512603759766
2023-03-30,127.4817123413086
2023-03-31,129.32655334472656
2023-04-03,130.28350830078125
2023-04-04,129.82969665527344
2023-04-05,130.3624267578125
2023-04-06,128.74449157714844
2023-04-10,129.26736450195312
2023-04-11,128.6655731201172
2023-04-12,126.81085205078124
2023-04-13,126.1794662475586
2023-04-14,126.4162368774414
2023-04-17,126.1005401611328
2023-04-18,126.0610809326172
2023-04-19,124.62071990966795
2023-04-20,124.66018676757812
2023-04-21,124.03865814208984
2023-04-24,123.71309661865234
2023-04-25,124.19650268554688
2023-04-26,124.15704345703124
2023-04-27,125.26197814941406
2023-04-28,124.70951080322266
2023-05-01,124.39381408691406
2023-05-02,123.47632598876952
2023-05-03,121.7893295288086
2023-05-04,120.9211654663086
2023-05-05,121.98664093017578
2023-05-08,121.74000549316406
2023-05-09,121.16999816894533
2023-05-10,122.0199966430664
2023-05-11,120.9000015258789
2023-05-12,122.83999633789062
2023-05-15,123.36000061035156
2023-05-16,123.45999908447266
2023-05-17,125.70999908447266
2023-05-18,126.1500015258789
2023-05-19,127.26000213623048
2023-05-22,127.5
2023-05-23,128.17999267578125
2023-05-24,125.68000030517578
2023-05-25,126.76000213623048
2023-05-26,128.88999938964844
2023-05-30,129.47999572753906
2023-05-31,128.25999450683594
