Date,V
2013-01-02,36.0857048034668
2013-01-03,36.113563537597656
2013-01-04,36.40850067138672
2013-01-07,36.66861724853516
2013-01-08,37.01000595092773
2013-01-09,37.57435989379883
2013-01-10,37.27709197998047
2013-01-11,37.42804718017578
2013-01-14,37.3095932006836
2013-01-15,37.26315689086914
2013-01-16,37.20509719848633
2013-01-17,37.13077545166016
2013-01-18,36.756874084472656
2013-01-22,36.93801498413086
2013-01-23,36.93801498413086
2013-01-24,37.05647659301758
2013-01-25,37.12149429321289
2013-01-28,36.31097030639648
2013-01-29,36.38296127319336
2013-01-30,35.999755859375
2013-01-31,36.67324447631836
2013-02-01,36.824214935302734
2013-02-04,36.380638122558594
2013-02-05,37.04948806762695
2013-02-06,37.349082946777344
2013-02-07,36.47585678100586
2013-02-08,36.6477165222168
2013-02-11,36.30632019042969
2013-02-12,36.415470123291016
2013-02-13,36.01983642578125
2013-02-14,36.30143356323242
2013-02-15,36.76922607421875
2013-02-19,36.68079376220703
2013-02-20,36.17110061645508
2013-02-21,36.6412353515625
2013-02-22,37.10434341430664
2013-02-25,36.28047943115234
2013-02-26,36.73199081420898
2013-02-27,37.20675277709961
2013-02-28,36.92049026489258
2013-03-01,36.79018020629883
2013-03-04,37.12064743041992
2013-03-05,37.30451202392578
2013-03-06,37.48370742797852
2013-03-07,37.35570907592773
2013-03-08,37.3929443359375
2013-03-11,37.51163482666016
2013-03-12,37.190460205078125
2013-03-13,37.09039306640625
2013-03-14,37.39061737060547
2013-03-15,36.899559020996094
2013-03-18,36.78784942626953
2013-03-19,36.30610275268555
2013-03-20,37.08110809326172
2013-03-21,36.72499847412109
2013-03-22,37.257957458496094
2013-03-25,38.167945861816406
2013-03-26,38.97319030761719
2013-03-27,39.2524642944336
2013-03-28,39.5270881652832
2013-04-01,38.94759750366211
2013-04-02,39.08723068237305
2013-04-03,38.34249877929688
2013-04-04,38.745113372802734
2013-04-05,38.43790054321289
2013-04-08,38.70089340209961
2013-04-09,38.34249877929688
2013-04-10,38.863807678222656
2013-04-11,39.01042556762695
2013-04-12,38.57521438598633
2013-04-15,37.53723907470703
2013-04-16,38.33319091796875
2013-04-17,37.75600814819336
2013-04-18,37.565162658691406
2013-04-19,38.15863800048828
2013-04-22,38.05854797363281
2013-04-23,38.55427169799805
2013-04-24,38.88010025024414
2013-04-25,39.27574157714844
2013-04-26,38.919654846191406
2013-04-29,39.07559585571289
2013-04-30,39.20592880249024
2013-05-01,38.6380500793457
2013-05-02,40.821083068847656
2013-05-03,41.78459548950195
2013-05-06,41.63330841064453
2013-05-07,41.84276580810547
2013-05-08,41.719425201416016
2013-05-09,41.56117630004883
2013-05-10,41.60073852539063
2013-05-13,41.642608642578125
2013-05-14,41.96613693237305
2013-05-15,42.37881851196289
2013-05-16,41.92182540893555
2013-05-17,43.03398132324219
2013-05-20,42.34383010864258
2013-05-21,42.329837799072266
2013-05-22,42.001094818115234
2013-05-23,41.52545928955078
2013-05-24,42.07337188720703
2013-05-28,41.97544097900391
2013-05-29,41.5347785949707
2013-05-30,42.2086067199707
2013-05-31,41.5347785949707
2013-06-03,42.01275253295898
2013-06-04,42.01508712768555
2013-06-05,41.320274353027344
2013-06-06,41.81690216064453
2013-06-07,41.9544677734375
2013-06-10,42.5117073059082
2013-06-11,41.88917922973633
2013-06-12,41.770263671875
2013-06-13,42.49306869506836
2013-06-14,42.18529510498047
2013-06-17,42.516361236572266
2013-06-18,42.903411865234375
2013-06-19,42.581661224365234
2013-06-20,41.60938262939453
2013-06-21,41.85187149047852
2013-06-24,41.56509399414063
2013-06-25,42.078033447265625
2013-06-26,42.58631896972656
2013-06-27,42.96170425415039
2013-06-28,42.6096305847168
2013-07-01,43.18553924560547
2013-07-02,43.19020462036133
2013-07-03,43.6098861694336
2013-07-05,44.48421478271485
2013-07-08,43.8570442199707
2013-07-09,43.64717864990234
2013-07-10,43.53059768676758
2013-07-11,44.29069900512695
2013-07-12,44.4679069519043
2013-07-15,44.35831451416016
2013-07-16,44.15546798706055
2013-07-17,44.216102600097656
2013-07-18,44.535526275634766
2013-07-19,44.281368255615234
2013-07-22,44.5844955444336
2013-07-23,43.96894454956055
2013-07-24,43.542266845703125
2013-07-25,45.37489318847656
2013-07-26,45.0461311340332
2013-07-29,44.75936126708984
2013-07-30,44.635772705078125
2013-07-31,41.27130508422852
2013-08-01,41.77494430541992
2013-08-02,42.90108489990234
2013-08-05,43.02699661254883
2013-08-06,42.64226913452149
2013-08-07,42.29253768920898
2013-08-08,42.15031051635742
2013-08-09,41.92415237426758
2013-08-12,41.91249084472656
2013-08-13,41.788909912109375
2013-08-14,41.66044235229492
2013-08-15,40.62798309326172
2013-08-16,40.44112396240234
2013-08-19,40.87325286865234
2013-08-20,40.46213150024414
2013-08-21,41.66978073120117
2013-08-22,41.793582916259766
2013-08-23,41.835636138916016
2013-08-26,40.87791442871094
2013-08-27,40.68404006958008
2013-08-28,40.92698287963867
2013-08-29,40.96434783935547
2013-08-30,40.7424430847168
2013-09-03,41.34978103637695
2013-09-04,41.15589141845703
2013-09-05,41.16057968139648
2013-09-06,41.26801300048828
2013-09-09,41.70716857910156
2013-09-10,43.11802673339844
2013-09-11,43.519805908203125
2013-09-12,43.22782897949219
2013-09-13,44.14815902709961
2013-09-16,44.236915588378906
2013-09-17,44.75548553466797
2013-09-18,45.23434829711914
2013-09-19,45.48194885253906
2013-09-20,46.4443359375
2013-09-23,45.83932876586914
2013-09-24,45.16193389892578
2013-09-25,44.74614715576172
2013-09-26,45.21333312988281
2013-09-27,45.09418869018555
2013-09-30,44.6386947631836
2013-10-01,45.13389587402344
2013-10-02,44.806888580322266
2013-10-03,44.066402435302734
2013-10-04,44.493873596191406
2013-10-07,43.52447891235352
2013-10-08,42.63683319091797
2013-10-09,42.94518661499024
2013-10-10,44.15516662597656
2013-10-11,44.895633697509766
2013-10-14,45.18528747558594
2013-10-15,44.70176315307617
2013-10-16,45.69684600830078
2013-10-17,46.31585693359375
2013-10-18,46.82274627685547
2013-10-21,46.72696685791016
2013-10-22,46.71295166015625
2013-10-23,46.45835494995117
2013-10-24,47.39738082885742
2013-10-25,47.43239974975586
2013-10-28,47.43708419799805
2013-10-29,47.70804214477539
2013-10-30,47.60992813110352
2013-10-31,45.93978118896485
2013-11-01,46.52140808105469
2013-11-04,45.881378173828125
2013-11-05,46.10329055786133
2013-11-06,46.48872375488281
2013-11-07,45.80663299560547
2013-11-08,46.31819534301758
2013-11-11,46.54711151123047
2013-11-12,46.31352233886719
2013-11-13,46.76058197021485
2013-11-14,46.84716796875
2013-11-15,47.28018951416016
2013-11-18,46.788665771484375
2013-11-19,46.20117568969727
2013-11-20,46.37203598022461
2013-11-21,47.18889236450195
2013-11-22,47.30826950073242
2013-11-25,47.263816833496094
2013-11-26,47.63595199584961
2013-11-27,47.7459602355957
2013-11-29,47.62191390991211
2013-12-02,48.0128059387207
2013-12-03,47.221675872802734
2013-12-04,47.45339584350586
2013-12-05,47.21231842041016
2013-12-06,47.249759674072266
2013-12-09,47.18423461914063
2013-12-10,46.678653717041016
2013-12-11,48.13684844970703
2013-12-12,47.61723327636719
2013-12-13,48.53474807739258
2013-12-16,48.62602615356445
2013-12-17,49.91336441040039
2013-12-18,50.4048957824707
2013-12-19,50.57575607299805
2013-12-20,50.55001068115234
2013-12-23,51.03217697143555
2013-12-24,51.19601821899414
2013-12-26,51.54008865356445
2013-12-27,51.41603088378906
2013-12-30,51.70626449584961
2013-12-31,52.12054443359375
2014-01-02,51.72966766357422
2014-01-03,51.76478958129883
2014-01-06,51.4534797668457
2014-01-07,51.84669494628906
2014-01-08,52.01288604736328
2014-01-09,51.94033050537109
2014-01-10,51.75776672363281
2014-01-13,51.235801696777344
2014-01-14,52.11353302001953
2014-01-15,52.37333679199219
2014-01-16,51.90755844116211
2014-01-17,54.3441276550293
2014-01-21,54.28561019897461
2014-01-22,54.533721923828125
2014-01-23,53.42427062988281
2014-01-24,51.78585052490234
2014-01-27,50.60852813720703
2014-01-28,51.71796798706055
2014-01-29,50.81918716430664
2014-01-30,51.699249267578125
2014-01-31,50.42362594604492
2014-02-03,49.96486282348633
2014-02-04,50.215309143066406
2014-02-05,50.46575164794922
2014-02-06,51.26154708862305
2014-02-07,51.90989685058594
2014-02-10,51.62200546264648
2014-02-11,52.03863906860352
2014-02-12,52.563873291015625
2014-02-13,52.53573989868164
2014-02-14,52.99296188354492
2014-02-18,53.00706100463867
2014-02-19,52.49587631225586
2014-02-20,52.39738464355469
2014-02-21,52.37393569946289
2014-02-24,53.03751754760742
2014-02-25,53.25325775146485
2014-02-26,53.01877212524414
2014-02-27,53.058631896972656
2014-02-28,52.97890090942383
2014-03-03,51.923736572265625
2014-03-04,52.875732421875
2014-03-05,52.24497222900391
2014-03-06,52.491172790527344
2014-03-07,52.88981246948242
2014-03-10,52.875732421875
2014-03-11,53.2696647644043
2014-03-12,53.01642227172852
2014-03-13,51.76898193359375
2014-03-14,51.76665115356445
2014-03-17,52.47243118286133
2014-03-18,53.08910369873047
2014-03-19,52.4818115234375
2014-03-20,52.01285171508789
2014-03-21,52.37628173828125
2014-03-24,51.76195526123047
2014-03-25,51.21091079711914
2014-03-26,50.5731086730957
2014-03-27,50.594234466552734
2014-03-28,49.7313232421875
2014-03-31,50.615333557128906
2014-04-01,50.34333038330078
2014-04-02,50.33394241333008
2014-04-03,50.416011810302734
2014-04-04,48.70195007324219
2014-04-07,47.69601440429688
2014-04-08,47.50374603271485
2014-04-09,48.664432525634766
2014-04-10,47.259883880615234
2014-04-11,46.106231689453125
2014-04-14,47.13326644897461
2014-04-15,47.84610748291016
2014-04-16,49.0911865234375
2014-04-17,48.76057815551758
2014-04-21,49.037254333496094
2014-04-22,49.23423385620117
2014-04-23,48.96456527709961
2014-04-24,49.1005744934082
2014-04-25,46.645538330078125
2014-04-28,47.22940826416016
2014-04-29,47.52250671386719
2014-04-30,47.50843811035156
2014-05-01,48.32443237304688
2014-05-02,47.93285751342773
2014-05-05,48.56831741333008
2014-05-06,48.15325927734375
2014-05-07,48.93644714355469
2014-05-08,49.45230102539063
2014-05-09,49.43118667602539
2014-05-12,49.63988876342773
2014-05-13,49.72430038452149
2014-05-14,49.30142593383789
2014-05-15,48.73525238037109
2014-05-16,49.2896842956543
2014-05-19,49.41889953613281
2014-05-20,48.84567642211914
2014-05-21,49.35781097412109
2014-05-22,49.186317443847656
2014-05-23,49.82061767578125
2014-05-27,50.3914680480957
2014-05-28,50.22703552246094
2014-05-29,50.431419372558594
2014-05-30,50.46900177001953
2014-06-02,50.1612434387207
2014-06-03,49.64442825317383
2014-06-04,49.67026901245117
2014-06-05,49.85585403442383
2014-06-06,50.03909683227539
2014-06-09,49.940425872802734
2014-06-10,50.33274841308594
2014-06-11,49.96392059326172
2014-06-12,49.750125885009766
2014-06-13,49.63737106323242
2014-06-16,49.39070129394531
2014-06-17,49.524600982666016
2014-06-18,49.62797927856445
2014-06-19,49.40950012207031
2014-06-20,49.21451187133789
2014-06-23,49.20981597900391
2014-06-24,48.815128326416016
2014-06-25,49.11348724365234
2014-06-26,49.08999633789063
2014-06-27,49.16517639160156
2014-06-30,49.50112533569336
2014-07-01,50.33274841308594
2014-07-02,50.47134780883789
2014-07-03,50.86369323730469
2014-07-07,50.91771697998047
2014-07-08,50.57002258300781
2014-07-09,50.78145599365234
2014-07-10,50.63580322265625
2014-07-11,50.97880554199219
2014-07-14,51.9255485534668
2014-07-15,52.10174179077149
2014-07-16,52.310821533203125
2014-07-17,51.1855354309082
2014-07-18,51.730560302734375
2014-07-21,51.50032806396485
2014-07-22,51.97957611083984
2014-07-23,51.96548461914063
2014-07-24,52.32726287841797
2014-07-25,50.45491409301758
2014-07-28,50.32570266723633
2014-07-29,50.15657043457031
2014-07-30,50.28811264038086
2014-07-31,49.57160186767578
2014-08-01,49.75953674316406
2014-08-04,49.84176254272461
2014-08-05,49.46117401123047
2014-08-06,49.49641799926758
2014-08-07,49.10878753662109
2014-08-08,49.4423942565918
2014-08-11,49.47056579589844
2014-08-12,49.40479278564453
2014-08-13,49.76491928100586
2014-08-14,50.02147674560547
2014-08-15,49.47304916381836
2014-08-18,50.44514465332031
2014-08-19,50.60519790649414
2014-08-20,50.88764953613281
2014-08-21,50.78173065185547
2014-08-22,50.86176300048828
2014-08-25,50.84529495239258
2014-08-26,51.01239013671875
2014-08-27,51.106544494628906
2014-08-28,50.51103973388672
2014-08-29,50.02147674560547
2014-09-02,50.54165267944336
2014-09-03,50.5816650390625
2014-09-04,50.43101501464844
2014-09-05,50.41925811767578
2014-09-08,50.78644561767578
2014-09-09,50.43572616577149
2014-09-10,51.04769515991211
2014-09-11,50.59342956542969
2014-09-12,50.37923431396485
2014-09-15,50.52045440673828
2014-09-16,51.14654922485352
2014-09-17,50.729942321777344
2014-09-18,50.944129943847656
2014-09-19,50.89942169189453
2014-09-22,50.34157943725586
2014-09-23,50.00735855102539
2014-09-24,50.46633529663086
2014-09-25,49.595462799072266
2014-09-26,49.884952545166016
2014-09-29,49.64722442626953
2014-09-30,50.22153472900391
2014-10-01,49.43069839477539
2014-10-02,49.3624267578125
2014-10-03,49.89673614501953
2014-10-06,49.84966278076172
2014-10-07,48.969356536865234
2014-10-08,49.98381805419922
2014-10-09,48.88933563232422
2014-10-10,48.24676513671875
2014-10-13,48.08200454711914
2014-10-14,47.71482467651367
2014-10-15,47.133445739746094
2014-10-16,47.78073120117188
2014-10-17,48.4868278503418
2014-10-20,48.92227935791016
2014-10-21,50.20742034912109
2014-10-22,49.64487075805664
2014-10-23,50.43572616577149
2014-10-24,50.2474250793457
2014-10-27,50.23095703125
2014-10-28,51.00768280029297
2014-10-29,50.525177001953125
2014-10-30,55.70102310180664
2014-10-31,56.82610321044922
2014-11-03,56.85199737548828
2014-11-04,57.18858337402344
2014-11-05,58.73263168334961
2014-11-06,58.86443328857422
2014-11-07,59.41521072387695
2014-11-10,58.89268112182617
2014-11-11,58.77970886230469
2014-11-12,59.41643524169922
2014-11-13,59.17353057861328
2014-11-14,58.68300628662109
2014-11-17,58.909400939941406
2014-11-18,58.89289855957031
2014-11-19,58.92356872558594
2014-11-20,59.35040283203125
2014-11-21,59.95175552368164
2014-11-24,60.04607391357422
2014-11-25,60.66867446899414
2014-11-26,60.66867446899414
2014-11-28,60.887969970703125
2014-12-01,60.87854766845703
2014-12-02,61.31718826293945
2014-12-03,61.6921501159668
2014-12-04,61.58368682861328
2014-12-05,62.10485458374024
2014-12-08,62.04590606689453
2014-12-09,62.29116439819336
2014-12-10,61.72045516967773
2014-12-11,62.05062103271485
2014-12-12,60.55548477172852
2014-12-15,60.5366096496582
2014-12-16,59.760738372802734
2014-12-17,61.09787368774414
2014-12-18,62.29588317871094
2014-12-19,61.70866012573242
2014-12-22,62.30767822265625
2014-12-23,62.55529022216797
2014-12-24,63.11419296264648
2014-12-26,62.8759994506836
2014-12-29,62.595359802246094
2014-12-30,62.38784408569336
2014-12-31,61.83366012573242
2015-01-02,62.49869155883789
2015-01-05,61.119102478027344
2015-01-06,60.72527313232422
2015-01-07,61.538875579833984
2015-01-08,62.36428451538086
2015-01-09,61.4398193359375
2015-01-12,61.31954193115234
2015-01-13,61.49878692626953
2015-01-14,60.26777267456055
2015-01-15,59.69471740722656
2015-01-16,60.12391662597656
2015-01-20,60.56962585449219
2015-01-21,60.67338943481445
2015-01-22,60.74885559082031
2015-01-23,60.91157531738281
2015-01-26,60.49650955200195
2015-01-27,59.19005584716797
2015-01-28,58.0981674194336
2015-01-29,58.48491287231445
2015-01-30,60.11447143554688
2015-02-02,60.21587753295898
2015-02-03,61.26531600952149
2015-02-04,62.46802520751953
2015-02-05,64.09759521484375
2015-02-06,63.06467819213867
2015-02-09,62.602447509765625
2015-02-10,62.38784408569336
2015-02-11,62.84144592285156
2015-02-12,64.00383758544922
2015-02-13,63.70143127441406
2015-02-17,63.99436950683594
2015-02-18,63.58092880249024
2015-02-19,63.5761947631836
2015-02-20,64.49761199951172
2015-02-23,64.49994659423828
2015-02-24,64.37239837646484
2015-02-25,64.49994659423828
2015-02-26,64.6748046875
2015-02-27,64.09834289550781
2015-03-02,65.74738311767578
2015-03-03,65.04097747802734
2015-03-04,64.6748046875
2015-03-05,64.76456451416016
2015-03-06,63.63291549682617
2015-03-09,64.12432098388672
2015-03-10,62.6548080444336
2015-03-11,62.54850769042969
2015-03-12,63.689579010009766
2015-03-13,62.61465072631836
2015-03-16,63.557315826416016
2015-03-17,62.489444732666016
2015-03-18,63.238372802734375
2015-03-19,63.13677215576172
2015-03-20,63.70379638671875
2015-03-23,63.39194107055664
2015-03-24,63.41083908081055
2015-03-25,62.11615753173828
2015-03-26,61.983848571777344
2015-03-27,61.93659973144531
2015-03-30,62.05001068115234
2015-03-31,61.81373977661133
2015-04-01,61.59638214111328
2015-04-02,61.70034790039063
2015-04-06,61.61528396606445
2015-04-07,62.18230819702149
2015-04-08,62.84383010864258
2015-04-09,62.78711700439453
2015-04-10,62.69260787963867
2015-04-13,62.00274658203125
2015-04-14,61.92716217041016
2015-04-15,62.06890106201172
2015-04-16,62.0405502319336
2015-04-17,60.97266387939453
2015-04-20,61.16168975830078
2015-04-21,61.75704574584961
2015-04-22,64.27079010009766
2015-04-23,63.99676132202149
2015-04-24,63.76991653442383
2015-04-27,63.41083908081055
2015-04-28,63.09895324707031
2015-04-29,63.637638092041016
2015-04-30,62.41858673095703
2015-05-01,62.153934478759766
2015-05-04,61.974388122558594
2015-05-05,62.3335075378418
2015-05-06,62.05944061279297
2015-05-07,62.91941452026367
2015-05-08,65.65052032470703
2015-05-11,65.22525024414062
2015-05-12,64.9134292602539
2015-05-13,64.9891357421875
2015-05-14,66.26712799072266
2015-05-15,65.860107421875
2015-05-18,66.26712799072266
2015-05-19,66.41860961914062
2015-05-20,66.05888366699219
2015-05-21,65.67074584960938
2015-05-22,65.90740203857422
2015-05-26,64.88500213623047
2015-05-27,65.78434753417969
2015-05-28,65.8505859375
2015-05-29,65.01756286621094
2015-06-01,65.42461395263672
2015-06-02,65.35835266113281
2015-06-03,65.27315521240234
2015-06-04,64.5726089477539
2015-06-05,64.72406005859375
2015-06-08,64.07086181640625
2015-06-09,64.32646179199219
2015-06-10,65.91688537597656
2015-06-11,65.92634582519531
2015-06-12,65.63289642333984
2015-06-15,64.91342163085938
2015-06-16,65.32994842529297
2015-06-17,65.08380126953125
2015-06-18,65.79383850097656
2015-06-19,65.02702331542969
2015-06-22,65.40567779541016
2015-06-23,65.71807861328125
2015-06-24,65.1879653930664
2015-06-25,64.96073150634766
2015-06-26,65.08380126953125
2015-06-29,63.162071228027344
2015-06-30,63.56913757324219
2015-07-01,64.23179626464844
2015-07-02,64.60099792480469
2015-07-06,64.48741149902344
2015-07-07,64.15605926513672
2015-07-08,63.17152786254883
2015-07-09,63.47444915771485
2015-07-10,64.77142333984375
2015-07-13,65.81273651123047
2015-07-14,66.36180877685547
2015-07-15,66.28610229492188
2015-07-16,66.8067626953125
2015-07-17,67.10020446777344
2015-07-20,68.82318115234375
2015-07-21,68.17942810058594
2015-07-22,68.1321029663086
2015-07-23,67.9238510131836
2015-07-24,70.8111801147461
2015-07-27,69.92131805419922
2015-07-28,70.75438690185547
2015-07-29,71.9566421508789
2015-07-30,72.3069076538086
2015-07-31,71.32238006591797
2015-08-03,71.72944641113281
2015-08-04,71.2561264038086
2015-08-05,70.98161315917969
2015-08-06,69.65624237060547
2015-08-07,70.25262451171875
2015-08-10,70.41360473632812
2015-08-11,69.4479751586914
2015-08-12,69.7324447631836
2015-08-13,70.10224914550781
2015-08-14,70.37723541259766
2015-08-17,70.55738830566406
2015-08-18,70.61430358886719
2015-08-19,70.54792022705078
2015-08-20,70.12120056152344
2015-08-21,67.5041275024414
2015-08-24,64.82064819335938
2015-08-25,63.50261306762695
2015-08-26,67.0300064086914
2015-08-27,68.65148162841797
2015-08-28,68.70836639404297
2015-08-31,67.60841369628906
2015-09-01,65.38959503173828
2015-09-02,66.01538848876953
2015-09-03,66.75503540039062
2015-09-04,65.57920837402344
2015-09-08,66.8782730102539
2015-09-09,65.99642181396484
2015-09-10,66.59383392333984
2015-09-11,67.09638977050781
2015-09-14,66.38520050048828
2015-09-15,66.85930633544922
2015-09-16,67.314453125
2015-09-17,67.28602600097656
2015-09-18,66.17658996582031
2015-09-21,67.11532592773438
2015-09-22,66.61278533935547
2015-09-23,67.27655029296875
2015-09-24,66.6032943725586
2015-09-25,67.0300064086914
2015-09-28,63.72069549560547
2015-09-29,64.98184204101562
2015-09-30,66.05333709716797
2015-10-01,66.36624145507812
2015-10-02,67.01103210449219
2015-10-05,68.49026489257812
2015-10-06,68.34803771972656
2015-10-07,69.42900085449219
2015-10-08,70.07381439208984
2015-10-09,70.1496353149414
2015-10-12,71.10736846923828
2015-10-13,71.1168441772461
2015-10-14,70.3582534790039
2015-10-15,71.43924713134766
2015-10-16,72.0650863647461
2015-10-19,73.00384521484375
2015-10-20,72.33060455322266
2015-10-21,71.55303955078125
2015-10-22,72.46331787109375
2015-10-23,73.07966613769531
2015-10-26,74.13221740722656
2015-10-27,73.50636291503906
2015-10-28,74.78646850585938
2015-10-29,74.44512176513672
2015-10-30,73.56328582763672
2015-11-02,71.32546997070312
2015-11-03,73.8667221069336
2015-11-04,74.29340362548828
2015-11-05,75.15628814697266
2015-11-06,74.67268371582031
2015-11-09,73.99944305419922
2015-11-10,75.50035858154297
2015-11-11,75.21537017822266
2015-11-12,74.38893127441406
2015-11-13,74.19892883300781
2015-11-16,74.94940185546875
2015-11-17,74.88288116455078
2015-11-18,76.43128204345703
2015-11-19,76.13680267333984
2015-11-20,76.17479705810547
2015-11-23,76.09881591796875
2015-11-24,75.7948226928711
2015-11-25,75.57633209228516
2015-11-27,75.84232330322266
2015-11-30,75.05387115478516
2015-12-01,75.90882110595703
2015-12-02,75.0823745727539
2015-12-03,74.36993408203125
2015-12-04,76.37429809570312
2015-12-07,75.56682586669922
2015-12-08,75.11087036132812
2015-12-09,73.98043823242188
2015-12-10,74.20843505859375
2015-12-11,72.29908752441406
2015-12-14,73.02104187011719
2015-12-15,74.68341064453125
2015-12-16,75.86129760742188
2015-12-17,74.74990844726562
2015-12-18,72.49858856201172
2015-12-21,73.30599975585938
2015-12-22,73.50550079345703
2015-12-23,74.62639617919922
2015-12-24,74.3414077758789
2015-12-28,74.5979232788086
2015-12-29,75.24388122558594
2015-12-30,74.42692565917969
2015-12-31,73.6669921875
2016-01-04,71.90959930419922
2016-01-05,72.45106506347656
2016-01-06,71.50115966796875
2016-01-07,70.09526824951172
2016-01-08,69.23079681396484
2016-01-11,70.21875762939453
2016-01-12,71.01666259765625
2016-01-13,69.4397964477539
2016-01-14,70.10476684570312
2016-01-15,68.23338317871094
2016-01-19,67.81542205810547
2016-01-20,67.1409912109375
2016-01-21,67.97689056396484
2016-01-22,69.05982208251953
2016-01-25,68.14790344238281
2016-01-26,68.28087615966797
2016-01-27,67.35946655273438
2016-01-28,65.85858154296875
2016-01-29,70.76018524169922
2016-02-01,70.65572357177734
2016-02-02,69.72478485107422
2016-02-03,70.65572357177734
2016-02-04,69.99075317382812
2016-02-05,67.95790100097656
2016-02-08,64.37667846679688
2016-02-09,64.90864562988281
2016-02-10,66.63752746582031
2016-02-11,65.0416259765625
2016-02-12,66.89398956298828
2016-02-16,67.53994750976562
2016-02-17,68.5583724975586
2016-02-18,67.80644226074219
2016-02-19,68.08247375488281
2016-02-22,69.53873443603516
2016-02-23,68.67257690429688
2016-02-24,68.38703155517578
2016-02-25,69.73861694335938
2016-02-26,69.22463989257812
2016-02-29,68.90103912353516
2016-03-01,71.04254150390625
2016-03-02,70.71896362304688
2016-03-03,70.34776306152344
2016-03-04,70.33824157714844
2016-03-07,68.47272491455078
2016-03-08,67.21634674072266
2016-03-09,67.2734375
2016-03-10,66.83561706542969
2016-03-11,68.17766571044922
2016-03-14,68.04438781738281
2016-03-15,68.44416809082031
2016-03-16,68.88197326660156
2016-03-17,69.61487579345703
2016-03-18,70.22401428222656
2016-03-21,70.21452331542969
2016-03-22,69.44354248046875
2016-03-23,70.34776306152344
2016-03-24,70.56670379638672
2016-03-28,70.50957489013672
2016-03-29,71.74689483642578
2016-03-30,73.07943725585938
2016-03-31,72.79390716552734
2016-04-01,73.85039520263672
2016-04-04,74.07882690429688
2016-04-05,73.2602767944336
2016-04-06,74.44051361083984
2016-04-07,73.84088134765625
2016-04-08,74.26921081542969
2016-04-11,74.06929779052734
2016-04-12,74.73555755615234
2016-04-13,75.86824035644531
2016-04-14,76.45832824707031
2016-04-15,76.22038269042969
2016-04-18,77.52436828613281
2016-04-19,76.85810089111328
2016-04-20,77.23883056640625
2016-04-21,76.89615631103516
2016-04-22,75.297119140625
2016-04-25,74.37388610839844
2016-04-26,74.74508666992188
2016-04-27,74.9639892578125
2016-04-28,73.9360580444336
2016-04-29,73.51725006103516
2016-05-02,74.67847442626953
2016-05-03,73.46968841552734
2016-05-04,73.35546875
2016-05-05,73.6314697265625
2016-05-06,73.97413635253906
2016-05-09,74.45001983642578
2016-05-10,75.38279724121094
2016-05-11,73.70467376708984
2016-05-12,74.26719665527344
2016-05-13,73.25653076171875
2016-05-16,74.18138885498047
2016-05-17,73.21837615966797
2016-05-18,73.82860565185547
2016-05-19,73.30419158935547
2016-05-20,74.05744171142578
2016-05-23,73.61886596679688
2016-05-24,75.68791961669922
2016-05-25,75.38278198242188
2016-05-26,75.3255844116211
2016-05-27,75.95490264892578
2016-05-31,75.26839447021484
2016-06-01,75.53532409667969
2016-06-02,76.23140716552734
2016-06-03,76.22187805175781
2016-06-06,76.79396057128906
2016-06-07,76.85115814208984
2016-06-08,77.85233306884766
2016-06-09,77.48046875
2016-06-10,76.45069122314453
2016-06-13,74.75349426269531
2016-06-14,74.91559600830078
2016-06-15,74.53419494628906
2016-06-16,74.70581817626953
2016-06-17,73.4090576171875
2016-06-20,73.74279022216797
2016-06-21,73.73326873779297
2016-06-22,72.97047424316406
2016-06-23,74.5914077758789
2016-06-24,71.55928802490234
2016-06-27,69.9288330078125
2016-06-28,71.6642074584961
2016-06-29,73.17073059082031
2016-06-30,70.7202377319336
2016-07-01,71.01581573486328
2016-07-05,71.19696807861328
2016-07-06,70.6153793334961
2016-07-07,71.04441833496094
2016-07-08,72.86560821533203
2016-07-11,72.9609146118164
2016-07-12,73.87628173828125
2016-07-13,73.8572006225586
2016-07-14,74.50560760498047
2016-07-15,74.65813446044922
2016-07-18,74.66769409179688
2016-07-19,75.05862426757812
2016-07-20,75.6688461303711
2016-07-21,75.12533569335938
2016-07-22,76.19325256347656
2016-07-25,75.26839447021484
2016-07-26,74.83932495117188
2016-07-27,74.87744903564453
2016-07-28,75.50675201416016
2016-07-29,74.41978454589844
2016-08-01,74.62000274658203
2016-08-02,74.6390609741211
2016-08-03,75.049072265625
2016-08-04,75.78327178955078
2016-08-05,76.4125747680664
2016-08-08,76.23140716552734
2016-08-09,76.33628845214844
2016-08-10,75.97396850585938
2016-08-11,76.39351654052734
2016-08-12,76.29814910888672
2016-08-15,77.14676666259766
2016-08-16,77.05140686035156
2016-08-17,77.21377563476562
2016-08-18,76.6693344116211
2016-08-19,76.8603744506836
2016-08-22,77.42389678955078
2016-08-23,77.17557525634766
2016-08-24,76.6884536743164
2016-08-25,76.71712493896484
2016-08-26,76.95589447021484
2016-08-29,77.24243927001953
2016-08-30,77.52898406982422
2016-08-31,77.2710952758789
2016-09-01,77.65312957763672
2016-09-02,78.32176208496094
2016-09-06,78.82797241210938
2016-09-07,79.5061264038086
2016-09-08,79.24826049804688
2016-09-09,77.68180847167969
2016-09-12,79.24826049804688
2016-09-13,78.21668243408203
2016-09-14,77.8346176147461
2016-09-15,78.331298828125
2016-09-16,78.38859558105469
2016-09-19,78.8088607788086
2016-09-20,78.78021240234375
2016-09-21,79.48702239990234
2016-09-22,79.62071990966797
2016-09-23,78.83753967285156
2016-09-26,78.14026641845703
2016-09-27,78.47459411621094
2016-09-28,79.24826049804688
2016-09-29,78.24534606933594
2016-09-30,78.99034118652344
2016-10-03,79.1431655883789
2016-10-04,79.01900482177734
2016-10-05,79.61116790771484
2016-10-06,79.62071990966797
2016-10-07,79.16226196289062
2016-10-10,79.39151763916016
2016-10-11,78.35995483398438
2016-10-12,78.5605239868164
2016-10-13,78.19757843017578
2016-10-14,78.75153350830078
2016-10-17,78.46503448486328
2016-10-18,77.92058563232422
2016-10-19,79.0954360961914
2016-10-20,78.79930877685547
2016-10-21,78.65604400634766
2016-10-24,79.43924713134766
2016-10-25,78.35037994384766
2016-10-26,78.08294677734375
2016-10-27,78.24534606933594
2016-10-28,78.53186798095703
2016-10-31,78.8088607788086
2016-11-01,77.95877838134766
2016-11-02,76.96543884277344
2016-11-03,77.03228759765625
2016-11-04,76.75534057617188
2016-11-07,78.8088607788086
2016-11-08,79.16226196289062
2016-11-09,79.5061264038086
2016-11-10,78.19757843017578
2016-11-11,78.2071304321289
2016-11-14,74.86412811279297
2016-11-15,75.04560852050781
2016-11-16,76.64884948730469
2016-11-17,77.596435546875
2016-11-18,77.35710906982422
2016-11-21,78.18987274169922
2016-11-22,76.50525665283203
2016-11-23,76.16068267822266
2016-11-25,76.69670104980469
2016-11-28,75.6916732788086
2016-11-29,75.75868225097656
2016-11-30,74.007080078125
2016-12-01,72.19808197021484
2016-12-02,72.47564697265625
2016-12-05,73.99752044677734
2016-12-06,73.80609130859375
2016-12-07,75.91183471679688
2016-12-08,75.88311004638672
2016-12-09,75.74910736083984
2016-12-12,75.13652038574219
2016-12-13,75.80652618408203
2016-12-14,75.73953247070312
2016-12-15,76.09368133544922
2016-12-16,74.99297332763672
2016-12-19,74.75366973876953
2016-12-20,75.00252532958984
2016-12-21,74.79196166992188
2016-12-22,74.5622329711914
2016-12-23,74.80152893066406
2016-12-27,74.99297332763672
2016-12-28,74.94509887695312
2016-12-29,74.97382354736328
2016-12-30,74.67708587646484
2017-01-03,76.09368133544922
2017-01-04,76.71583557128906
2017-01-05,77.61556243896484
2017-01-06,78.68757629394531
2017-01-09,78.24726867675781
2017-01-10,77.82614135742188
2017-01-11,78.2951431274414
2017-01-12,77.8835678100586
2017-01-13,77.69214630126953
2017-01-17,77.77828216552734
2017-01-18,78.09412384033203
2017-01-19,78.2281494140625
2017-01-20,78.3333969116211
2017-01-23,78.6301498413086
2017-01-24,79.66387939453125
2017-01-25,80.3051528930664
2017-01-26,79.67345428466797
2017-01-27,80.18073272705078
2017-01-30,80.11373901367188
2017-01-31,79.16615295410156
2017-02-01,78.90771484375
2017-02-02,78.77374267578125
2017-02-03,82.39176177978516
2017-02-06,82.1524658203125
2017-02-07,82.10460662841797
2017-02-08,81.44417572021484
2017-02-09,81.91317749023438
2017-02-10,82.21947479248047
2017-02-13,82.73632049560547
2017-02-14,83.12875366210938
2017-02-15,83.94869232177734
2017-02-16,83.82403564453125
2017-02-17,83.87197875976562
2017-02-21,84.31310272216797
2017-02-22,84.19801330566406
2017-02-23,84.56242370605469
2017-02-24,84.80218505859375
2017-02-27,84.38980865478516
2017-02-28,84.33229064941406
2017-03-01,85.33920288085938
2017-03-02,84.89808654785156
2017-03-03,85.14742279052734
2017-03-06,85.291259765625
2017-03-07,85.40633392333984
2017-03-08,85.3104248046875
2017-03-09,85.45427703857422
2017-03-10,86.04885864257812
2017-03-13,86.41326904296875
2017-03-14,85.8762435913086
2017-03-15,86.23104858398438
2017-03-16,86.34614562988281
2017-03-17,86.53791809082031
2017-03-20,85.52141571044922
2017-03-21,84.44735717773438
2017-03-22,84.88848876953125
2017-03-23,85.21453857421875
2017-03-24,85.5309829711914
2017-03-27,85.30083465576172
2017-03-28,85.4638671875
2017-03-29,85.52141571044922
2017-03-30,85.3583984375
2017-03-31,85.22415161132812
2017-04-03,85.69403839111328
2017-04-04,85.13780975341797
2017-04-05,85.3775634765625
2017-04-06,85.43510437011719
2017-04-07,85.09941864013672
2017-04-10,85.21453857421875
2017-04-11,85.20494079589844
2017-04-12,85.04192352294922
2017-04-13,85.22415161132812
2017-04-17,86.12557983398438
2017-04-18,86.04885864257812
2017-04-19,86.0680160522461
2017-04-20,87.41058349609375
2017-04-21,87.41058349609375
2017-04-24,88.08187866210938
2017-04-25,88.3311996459961
2017-04-26,88.05308532714844
2017-04-27,87.84211730957031
2017-04-28,87.47772979736328
2017-05-01,87.51606750488281
2017-05-02,88.74356842041016
2017-05-03,88.64768981933594
2017-05-04,88.8202896118164
2017-05-05,88.31202697753906
2017-05-08,88.14899444580078
2017-05-09,88.22571563720703
2017-05-10,88.4654541015625
2017-05-11,88.32160186767578
2017-05-12,88.92578887939453
2017-05-15,89.40525817871094
2017-05-16,89.32852935791016
2017-05-17,88.1517105102539
2017-05-18,88.10367584228516
2017-05-19,88.84339904785156
2017-05-22,89.64075469970703
2017-05-23,90.16912841796876
2017-05-24,91.0817642211914
2017-05-25,91.302734375
2017-05-26,90.94728088378906
2017-05-30,90.99533081054688
2017-05-31,91.48526763916016
2017-06-01,91.64859008789062
2017-06-02,92.36907958984376
2017-06-05,92.75335693359376
2017-06-06,92.0232391357422
2017-06-07,92.3114242553711
2017-06-08,92.3114242553711
2017-06-09,90.84160614013672
2017-06-12,89.82327270507812
2017-06-13,91.34115600585938
2017-06-14,91.57171630859376
2017-06-15,90.46696472167967
2017-06-16,90.46696472167967
2017-06-19,91.06256103515624
2017-06-20,90.66868591308594
2017-06-21,90.82240295410156
2017-06-22,90.25558471679688
2017-06-23,91.8214874267578
2017-06-26,91.47566986083984
2017-06-27,91.16824340820312
2017-06-28,92.4459457397461
2017-06-29,90.70712280273438
2017-06-30,90.09228515625
2017-07-03,89.67918395996094
2017-07-05,90.31324768066406
2017-07-06,89.5831298828125
2017-07-07,90.2267837524414
2017-07-10,91.35075378417967
2017-07-11,91.65821075439452
2017-07-12,92.3979263305664
2017-07-13,92.1673355102539
2017-07-14,93.11841583251952
2017-07-17,93.0223617553711
2017-07-18,93.74286651611328
2017-07-19,94.38650512695312
2017-07-20,94.25202178955078
2017-07-21,95.68341827392578
2017-07-24,96.42314910888672
2017-07-25,96.0580825805664
2017-07-26,96.8842544555664
2017-07-27,95.6545867919922
2017-07-28,95.25111389160156
2017-07-31,95.64498901367188
2017-08-01,96.90347290039062
2017-08-02,97.29734802246094
2017-08-03,96.6344757080078
2017-08-04,96.92269897460938
2017-08-07,97.49909210205078
2017-08-08,97.29734802246094
2017-08-09,96.99954986572266
2017-08-10,95.5777359008789
2017-08-11,96.15414428710938
2017-08-14,97.86415100097656
2017-08-15,98.59425354003906
2017-08-16,99.41696166992188
2017-08-17,98.30078125
2017-08-18,98.63758087158205
2017-08-21,99.32073974609376
2017-08-22,100.13863372802734
2017-08-23,99.2822494506836
2017-08-24,99.32073974609376
2017-08-25,99.4458236694336
2017-08-28,99.8595962524414
2017-08-29,99.84996032714844
2017-08-30,99.81148529052734
2017-08-31,99.60940551757812
2017-09-01,99.9750747680664
2017-09-05,99.1186752319336
2017-09-06,99.2822494506836
2017-09-07,100.61014556884766
2017-09-08,100.48502349853516
2017-09-11,102.14005279541016
2017-09-12,102.19778442382812
2017-09-13,101.83214569091795
2017-09-14,102.07272338867188
2017-09-15,101.32219696044922
2017-09-18,100.8699188232422
2017-09-19,101.42801666259766
2017-09-20,101.004638671875
2017-09-21,101.331787109375
2017-09-22,101.57234954833984
2017-09-25,99.1282958984375
2017-09-26,99.0513153076172
2017-09-27,99.9654312133789
2017-09-28,100.6293716430664
2017-09-29,101.26443481445312
2017-10-02,101.4568862915039
2017-10-03,101.6011962890625
2017-10-04,101.331787109375
2017-10-05,102.22667694091795
2017-10-06,102.69817352294922
2017-10-09,102.96758270263672
2017-10-10,103.25623321533205
2017-10-11,104.3435516357422
2017-10-12,104.0260238647461
2017-10-13,104.55524444580078
2017-10-16,104.2088394165039
2017-10-17,103.4775619506836
2017-10-18,103.72772979736328
2017-10-19,102.97718811035156
2017-10-20,103.48719024658205
2017-10-23,103.46793365478516
2017-10-24,104.31468200683594
2017-10-25,105.35388946533205
2017-10-26,105.65217590332033
2017-10-27,105.5655746459961
2017-10-30,105.88311767578124
2017-10-31,105.82538604736328
2017-11-01,106.87419891357422
2017-11-02,106.78759765625
2017-11-03,107.15325927734376
2017-11-06,107.6920928955078
2017-11-07,107.8556900024414
2017-11-08,108.22132110595705
2017-11-09,107.90377044677734
2017-11-10,107.6536102294922
2017-11-13,107.19173431396484
2017-11-14,107.74983978271484
2017-11-15,106.08516693115234
2017-11-16,107.01537322998048
2017-11-17,105.8586654663086
2017-11-20,105.98395538330078
2017-11-21,107.42985534667967
2017-11-22,106.82257843017578
2017-11-24,107.93109130859376
2017-11-27,108.32630157470705
2017-11-28,109.2709732055664
2017-11-29,105.89720153808594
2017-11-30,108.52873992919922
2017-12-01,106.73583984375
2017-12-04,103.55487823486328
2017-12-05,104.66338348388672
2017-12-06,105.7815399169922
2017-12-07,107.38164520263672
2017-12-08,108.53838348388672
2017-12-11,108.31668090820312
2017-12-12,109.36734008789062
2017-12-13,109.22277069091795
2017-12-14,108.84681701660156
2017-12-15,109.71437072753906
2017-12-18,109.45411682128906
2017-12-19,108.09496307373048
2017-12-20,108.07569885253906
2017-12-21,108.35525512695312
2017-12-22,108.62512969970705
2017-12-26,108.91429901123048
2017-12-27,109.90715026855467
2017-12-28,110.22525787353516
2017-12-29,109.90715026855467
2018-01-02,110.37950134277344
2018-01-03,111.47837829589844
2018-01-04,111.89283752441406
2018-01-05,114.57259368896484
2018-01-08,115.0352554321289
2018-01-09,114.81355285644533
2018-01-10,114.68824768066406
2018-01-11,115.51722717285156
2018-01-12,115.75821685791016
2018-01-16,116.04736328125
2018-01-17,117.58002471923828
2018-01-18,118.66928100585938
2018-01-19,118.27404022216795
2018-01-22,119.84526824951172
2018-01-23,120.15371704101562
2018-01-24,120.05734252929688
2018-01-25,120.70315551757812
2018-01-26,121.76348876953124
2018-01-29,120.33686065673828
2018-01-30,119.0934066772461
2018-01-31,119.74889373779295
2018-02-01,121.18512725830078
2018-02-02,116.5486297607422
2018-02-05,112.07598876953124
2018-02-06,115.64252471923828
2018-02-07,115.33407592773438
2018-02-08,109.75292205810548
2018-02-09,112.12419128417967
2018-02-12,114.19664764404295
2018-02-13,114.08097076416016
2018-02-14,116.47151184082033
2018-02-15,118.07442474365234
2018-02-16,117.6592025756836
2018-02-20,117.81370544433594
2018-02-21,116.28804779052734
2018-02-22,116.2397689819336
2018-02-23,118.70207977294922
2018-02-26,120.30496215820312
2018-02-27,119.12692260742188
2018-02-28,118.71172332763672
2018-03-01,116.2590789794922
2018-03-02,116.6163330078125
2018-03-05,117.68815612792967
2018-03-06,116.8963851928711
2018-03-07,117.6592025756836
2018-03-08,118.01649475097656
2018-03-09,120.22772216796876
2018-03-12,119.9669952392578
2018-03-13,118.9627685546875
2018-03-14,118.36408996582033
2018-03-15,119.1655502319336
2018-03-16,120.24703216552734
2018-03-19,118.97245025634766
2018-03-20,120.61397552490234
2018-03-21,118.98210144042967
2018-03-22,115.8631820678711
2018-03-23,112.97602081298828
2018-03-26,116.4908447265625
2018-03-27,113.36226654052734
2018-03-28,112.9663543701172
2018-03-29,115.5059051513672
2018-04-02,114.31819915771484
2018-04-03,115.10035705566406
2018-04-04,115.68937683105467
2018-04-05,117.0219268798828
2018-04-06,113.65193939208984
2018-04-09,114.7044448852539
2018-04-10,116.5680923461914
2018-04-11,115.66041564941406
2018-04-12,116.9060516357422
2018-04-13,116.5970458984375
2018-04-16,117.68815612792967
2018-04-17,119.54215240478516
2018-04-18,120.19874572753906
2018-04-19,119.69662475585938
2018-04-20,119.92837524414062
2018-04-23,120.179443359375
2018-04-24,117.0991668701172
2018-04-25,117.0412139892578
2018-04-26,122.7093276977539
2018-04-27,121.67613220214844
2018-04-30,122.51622009277344
2018-05-01,123.1245346069336
2018-05-02,122.03339385986328
2018-05-03,122.80589294433594
2018-05-04,123.752197265625
2018-05-07,124.81436157226562
2018-05-08,125.43231964111328
2018-05-09,126.33999633789062
2018-05-10,126.49449920654295
2018-05-11,127.28630828857422
2018-05-14,126.69730377197266
2018-05-15,126.59107971191406
2018-05-16,126.38829040527344
2018-05-17,125.66290283203124
2018-05-18,125.66290283203124
2018-05-21,126.36895751953124
2018-05-22,126.41731262207033
2018-05-23,127.54889678955078
2018-05-24,127.55855560302734
2018-05-25,126.96861267089844
2018-05-29,125.43080139160156
2018-05-30,126.3495864868164
2018-05-31,126.427001953125
2018-06-01,126.55271911621094
2018-06-04,128.69979858398438
2018-06-05,129.1737060546875
2018-06-06,131.80438232421875
2018-06-07,129.44451904296875
2018-06-08,130.31494140625
2018-06-11,129.51219177246094
2018-06-12,130.43104553222656
2018-06-13,129.98611450195312
2018-06-14,130.56639099121094
2018-06-15,130.6631317138672
2018-06-18,131.7270050048828
2018-06-19,130.67279052734375
2018-06-20,131.05003356933594
2018-06-21,130.1118621826172
2018-06-22,130.88555908203125
2018-06-25,126.63011932373048
2018-06-26,128.19688415527344
2018-06-27,126.71712493896484
2018-06-28,128.380615234375
2018-06-29,128.10015869140625
2018-07-02,128.1485137939453
2018-07-03,127.13296508789062
2018-07-05,128.9125518798828
2018-07-06,129.68630981445312
2018-07-09,131.0693817138672
2018-07-10,132.200927734375
2018-07-11,133.61297607421875
2018-07-12,135.3054656982422
2018-07-13,134.8412628173828
2018-07-16,133.9127655029297
2018-07-17,135.0540008544922
2018-07-18,136.2726287841797
2018-07-19,135.52793884277344
2018-07-20,136.3597412109375
2018-07-23,135.43121337890625
2018-07-24,135.43121337890625
2018-07-25,137.95550537109375
2018-07-26,137.8201141357422
2018-07-27,136.08889770507812
2018-07-30,131.99781799316406
2018-07-31,132.24923706054688
2018-08-01,133.7096710205078
2018-08-02,134.357666015625
2018-08-03,135.2281036376953
2018-08-06,135.1217498779297
2018-08-07,135.67300415039062
2018-08-08,136.0598907470703
2018-08-09,135.41189575195312
2018-08-10,135.14109802246094
2018-08-13,135.6053009033203
2018-08-14,136.1372528076172
2018-08-15,135.3248291015625
2018-08-16,136.23529052734375
2018-08-17,136.89401245117188
2018-08-20,136.51622009277344
2018-08-21,135.6444854736328
2018-08-22,136.70997619628906
2018-08-23,137.6398468017578
2018-08-24,139.6739044189453
2018-08-27,140.83621215820312
2018-08-28,140.64248657226562
2018-08-29,142.4150390625
2018-08-30,142.1342010498047
2018-08-31,142.2794647216797
2018-09-04,143.16090393066406
2018-09-05,138.19195556640625
2018-09-06,139.96449279785156
2018-09-07,138.705322265625
2018-09-10,139.5576629638672
2018-09-11,140.92343139648438
2018-09-12,141.9695281982422
2018-09-13,142.9962615966797
2018-09-14,143.19964599609375
2018-09-17,141.5917510986328
2018-09-18,142.9962615966797
2018-09-19,142.7928466796875
2018-09-20,144.5557403564453
2018-09-21,145.3402862548828
2018-09-24,144.42979431152344
2018-09-25,144.88507080078125
2018-09-26,144.58477783203125
2018-09-27,145.31121826171875
2018-09-28,145.3790283203125
2018-10-01,146.05706787109375
2018-10-02,144.9722137451172
2018-10-03,144.68161010742188
2018-10-04,142.153564453125
2018-10-05,140.79750061035156
2018-10-08,137.4364013671875
2018-10-09,137.8432159423828
2018-10-10,131.26637268066406
2018-10-11,129.5325164794922
2018-10-12,135.6638641357422
2018-10-15,132.92266845703125
2018-10-16,137.29115295410156
2018-10-17,137.9788360595703
2018-10-18,134.91799926757812
2018-10-19,135.68324279785156
2018-10-22,136.22561645507812
2018-10-23,134.75335693359375
2018-10-24,130.04591369628906
2018-10-25,136.1094207763672
2018-10-26,133.4167022705078
2018-10-29,130.11367797851562
2018-10-30,128.59295654296875
2018-10-31,133.52320861816406
2018-11-01,136.40968322753906
2018-11-02,135.3926544189453
2018-11-05,135.41200256347656
2018-11-06,136.37088012695312
2018-11-07,140.23568725585938
2018-11-08,140.67160034179688
2018-11-09,139.41238403320312
2018-11-12,135.33453369140625
2018-11-13,135.33453369140625
2018-11-14,135.1117401123047
2018-11-15,137.6346435546875
2018-11-16,136.02386474609375
2018-11-19,130.7645721435547
2018-11-20,129.41580200195312
2018-11-21,130.43466186523438
2018-11-23,128.93057250976562
2018-11-26,131.90960693359375
2018-11-27,131.8804931640625
2018-11-28,137.18829345703125
2018-11-29,134.9758758544922
2018-11-30,137.5084991455078
2018-12-03,140.70098876953125
2018-12-04,134.52951049804688
2018-12-06,136.86807250976562
2018-12-07,133.04490661621094
2018-12-10,133.7920684814453
2018-12-11,132.75381469726562
2018-12-12,133.71441650390625
2018-12-13,133.4621124267578
2018-12-14,131.08477783203125
2018-12-17,127.50418853759766
2018-12-18,128.72682189941406
2018-12-19,127.36832427978516
2018-12-20,124.94245910644533
2018-12-21,120.57585906982422
2018-12-24,118.12090301513672
2018-12-26,126.36888885498048
2018-12-27,128.09609985351562
2018-12-28,127.05782318115234
2018-12-31,128.02816772460938
2019-01-02,128.9791259765625
2019-01-03,124.33113098144533
2019-01-04,129.68748474121094
2019-01-07,132.02603149414062
2019-01-08,132.7440948486328
2019-01-09,134.30638122558594
2019-01-10,134.55865478515625
2019-01-11,133.96673583984375
2019-01-14,133.0352020263672
2019-01-15,133.26805114746094
2019-01-16,133.26805114746094
2019-01-17,133.20982360839844
2019-01-18,134.3936767578125
2019-01-22,133.95701599121094
2019-01-23,132.94786071777344
2019-01-24,133.6173858642578
2019-01-25,134.55865478515625
2019-01-28,131.95811462402344
2019-01-29,130.99745178222656
2019-01-30,133.52037048339844
2019-01-31,131.00718688964844
2019-02-01,135.9947509765625
2019-02-04,137.3047332763672
2019-02-05,138.30418395996094
2019-02-06,137.29501342773438
2019-02-07,136.01417541503906
2019-02-08,136.2179412841797
2019-02-11,136.62548828125
2019-02-12,137.78021240234375
2019-02-13,139.23573303222656
2019-02-14,139.1580047607422
2019-02-15,140.85906982421875
2019-02-19,140.40216064453125
2019-02-20,140.68406677246094
2019-02-21,139.97447204589844
2019-02-22,141.792236328125
2019-02-25,141.97689819335938
2019-02-26,142.92950439453125
2019-02-27,143.10447692871094
2019-02-28,143.9793243408203
2019-03-01,145.2915802001953
2019-03-04,143.82379150390625
2019-03-05,143.81405639648438
2019-03-06,143.67799377441406
2019-03-07,142.72540283203125
2019-03-08,143.23080444335938
2019-03-11,146.45803833007812
2019-03-12,147.48838806152344
2019-03-13,148.20770263671875
2019-03-14,149.8893280029297
2019-03-15,151.11415100097656
2019-03-18,150.62811279296875
2019-03-19,150.26841735839844
2019-03-20,149.45193481445312
2019-03-21,151.4446258544922
2019-03-22,148.79090881347656
2019-03-25,148.75204467773438
2019-03-26,150.95860290527344
2019-03-27,149.9088134765625
2019-03-28,150.34620666503906
2019-03-29,151.82374572753906
2019-04-01,152.86378479003906
2019-04-02,153.3693084716797
2019-04-03,154.0302734375
2019-04-04,153.23318481445312
2019-04-05,153.24290466308594
2019-04-08,153.34011840820312
2019-04-09,153.08738708496094
2019-04-10,154.1274871826172
2019-04-11,153.447021484375
2019-04-12,155.17727661132812
2019-04-15,155.95492553710938
2019-04-16,155.7507781982422
2019-04-17,155.95492553710938
2019-04-18,155.6827392578125
2019-04-22,155.91604614257812
2019-04-23,157.1407928466797
2019-04-24,156.97557067871094
2019-04-25,156.5187225341797
2019-04-26,158.37530517578125
2019-04-29,159.56118774414062
2019-04-30,159.8333740234375
2019-05-01,158.2391815185547
2019-05-02,156.6158905029297
2019-05-03,157.51016235351562
2019-05-06,157.7434844970703
2019-05-07,155.73133850097656
2019-05-08,156.26597595214844
2019-05-09,155.342529296875
2019-05-10,156.21739196777344
2019-05-13,152.93186950683594
2019-05-14,155.73133850097656
2019-05-15,158.2391815185547
2019-05-16,160.50755310058594
2019-05-17,159.7482147216797
2019-05-20,159.14459228515625
2019-05-21,159.52426147460938
2019-05-22,159.8942108154297
2019-05-23,157.23643493652344
2019-05-24,158.33657836914062
2019-05-28,159.37828063964844
2019-05-29,158.42417907714844
2019-05-30,158.45339965820312
2019-05-31,157.0612335205078
2019-06-03,154.4034881591797
2019-06-04,158.0347900390625
2019-06-05,161.01380920410156
2019-06-06,162.50332641601562
2019-06-07,165.5504913330078
2019-06-10,166.30015563964844
2019-06-11,165.8036346435547
2019-06-12,167.04974365234375
2019-06-13,164.86903381347656
2019-06-14,165.1708221435547
2019-06-17,165.07347106933594
2019-06-18,164.80088806152344
2019-06-19,166.17356872558594
2019-06-20,169.1428985595703
2019-06-21,168.850830078125
2019-06-24,169.24996948242188
2019-06-25,166.7479705810547
2019-06-26,166.53378295898438
2019-06-27,166.69927978515625
2019-06-28,168.9579315185547
2019-07-01,169.33758544921875
2019-07-02,170.64208984375
2019-07-03,172.19004821777344
2019-07-05,171.98562622070312
2019-07-08,171.52804565429688
2019-07-09,173.0272979736328
2019-07-10,174.5654754638672
2019-07-11,175.9575958251953
2019-07-12,175.55850219726562
2019-07-15,175.7921600341797
2019-07-16,174.5654754638672
2019-07-17,174.40975952148438
2019-07-18,175.75318908691406
2019-07-19,174.4973602294922
2019-07-22,175.7921600341797
2019-07-23,176.1134033203125
2019-07-24,178.47911071777344
2019-07-25,176.78515625
2019-07-26,178.82958984375
2019-07-29,178.36228942871094
2019-07-30,176.7267608642578
2019-07-31,173.2901611328125
2019-08-01,174.42918395996094
2019-08-02,172.7255096435547
2019-08-05,164.3920135498047
2019-08-06,167.9161834716797
2019-08-07,170.6810760498047
2019-08-08,175.13987731933594
2019-08-09,174.31239318847656
2019-08-12,171.674072265625
2019-08-13,173.88401794433594
2019-08-14,168.91896057128906
2019-08-15,171.85354614257812
2019-08-16,173.76441955566406
2019-08-19,175.23660278320312
2019-08-20,174.74911499023438
2019-08-21,176.40652465820312
2019-08-22,175.57781982421875
2019-08-23,170.83958435058594
2019-08-26,173.14047241210938
2019-08-27,173.9106903076172
2019-08-28,174.19342041015625
2019-08-29,176.6307373046875
2019-08-30,176.28955078125
2019-09-03,174.71009826660156
2019-09-04,177.2157440185547
2019-09-05,180.10157775878906
2019-09-06,181.0862579345703
2019-09-09,177.00123596191406
2019-09-10,171.93154907226562
2019-09-11,170.5958709716797
2019-09-12,173.52069091796875
2019-09-13,172.82850646972656
2019-09-16,171.6975555419922
2019-09-17,172.0290069580078
2019-09-18,170.89808654785156
2019-09-19,171.5513458251953
2019-09-20,169.6988983154297
2019-09-23,170.52761840820312
2019-09-24,170.10836791992188
2019-09-25,170.88832092285156
2019-09-26,171.24905395507812
2019-09-27,169.64041137695312
2019-09-30,167.7002716064453
2019-10-01,169.923095703125
2019-10-02,165.57489013671875
2019-10-03,168.5387420654297
2019-10-04,171.57078552246094
2019-10-07,170.51785278320312
2019-10-08,168.10000610351562
2019-10-09,170.49835205078125
2019-10-10,170.49835205078125
2019-10-11,172.623779296875
2019-10-14,172.9162139892578
2019-10-15,174.27142333984375
2019-10-16,173.41342163085938
2019-10-17,173.48170471191406
2019-10-18,171.30758666992188
2019-10-21,172.00949096679688
2019-10-22,166.5791015625
2019-10-23,167.02755737304688
2019-10-24,171.7462615966797
2019-10-25,173.39395141601562
2019-10-28,175.3341064453125
2019-10-29,173.1794891357422
2019-10-30,174.75885009765625
2019-10-31,174.3786163330078
2019-11-01,176.3967742919922
2019-11-04,174.46640014648438
2019-11-05,171.9510040283203
2019-11-06,172.34100341796875
2019-11-07,173.95941162109375
2019-11-08,174.48590087890625
2019-11-11,175.04161071777344
2019-11-12,175.23660278320312
2019-11-13,174.91488647460938
2019-11-14,175.5398712158203
2019-11-15,175.55941772460938
2019-11-18,175.45196533203125
2019-11-19,178.48912048339844
2019-11-20,177.4051513671875
2019-11-21,175.67662048339844
2019-11-22,175.26641845703125
2019-11-25,176.7313232421875
2019-11-26,178.27427673339844
2019-11-27,180.05166625976562
2019-11-29,180.1884002685547
2019-12-02,177.5320587158203
2019-12-03,177.63951110839844
2019-12-04,176.36997985839844
2019-12-05,177.6297607421875
2019-12-06,177.90318298339844
2019-12-09,178.63558959960938
2019-12-10,177.9910888671875
2019-12-11,177.74691772460938
2019-12-12,178.36219787597656
2019-12-13,180.80360412597656
2019-12-16,181.8778839111328
2019-12-17,181.17474365234372
2019-12-18,180.5692443847656
2019-12-19,182.17083740234372
2019-12-20,183.5966339111328
2019-12-23,182.6981658935547
2019-12-24,183.17669677734372
2019-12-26,184.7294769287109
2019-12-27,184.9540557861328
2019-12-30,183.43060302734372
2019-12-31,183.49896240234372
2020-01-02,186.64356994628903
2020-01-03,185.1591796875
2020-01-06,184.7587738037109
2020-01-07,184.2704925537109
2020-01-08,187.42481994628903
2020-01-09,188.7236785888672
2020-01-10,189.23147583007807
2020-01-13,190.75494384765625
2020-01-14,191.4580993652344
2020-01-15,195.1202392578125
2020-01-16,196.2432861328125
2020-01-17,199.90550231933597
2020-01-21,202.43484497070312
2020-01-22,203.03054809570312
2020-01-23,201.68289184570312
2020-01-24,200.198486328125
2020-01-27,196.9659881591797
2020-01-28,198.09881591796875
2020-01-29,200.06173706054688
2020-01-30,203.33328247070312
2020-01-31,194.30967712402344
2020-02-03,196.1066131591797
2020-02-04,198.7921905517578
2020-02-05,198.05978393554688
2020-02-06,198.2843780517578
2020-02-07,197.9914093017578
2020-02-10,201.16525268554688
2020-02-11,199.16329956054688
2020-02-12,202.58132934570312
2020-02-13,202.83560180664065
2020-02-14,205.6620178222656
2020-02-18,206.55197143554688
2020-02-19,208.6155242919922
2020-02-20,206.79644775390625
2020-02-21,204.2145538330078
2020-02-24,194.4150848388672
2020-02-25,184.2537384033203
2020-02-26,183.0899353027344
2020-02-27,176.04837036132812
2020-02-28,177.75987243652344
2020-03-02,188.0972442626953
2020-03-03,181.6425018310547
2020-03-04,190.01409912109372
2020-03-05,182.8454132080078
2020-03-06,180.3026580810547
2020-03-09,167.36383056640625
2020-03-10,178.5813446044922
2020-03-11,169.1437530517578
2020-03-12,156.55699157714844
2020-03-13,171.96038818359375
2020-03-16,148.66456604003906
2020-03-17,154.41519165039062
2020-03-18,145.2122802734375
2020-03-19,148.89932250976562
2020-03-20,143.59860229492188
2020-03-23,132.75267028808594
2020-03-24,151.129150390625
2020-03-25,158.2195587158203
2020-03-26,165.16336059570312
2020-03-27,158.0044403076172
2020-03-30,161.9261932373047
2020-03-31,157.5740966796875
2020-04-01,149.74037170410156
2020-04-02,153.9261932373047
2020-04-03,148.50811767578125
2020-04-06,165.71102905273438
2020-04-07,164.87969970703125
2020-04-08,171.0899658203125
2020-04-09,169.86746215820312
2020-04-13,165.27090454101562
2020-04-14,170.77700805664062
2020-04-15,162.3076171875
2020-04-16,158.84552001953125
2020-04-17,165.808837890625
2020-04-20,160.60589599609375
2020-04-21,156.99710083007812
2020-04-22,162.92372131347656
2020-04-23,162.71832275390625
2020-04-24,163.63766479492188
2020-04-27,167.97994995117188
2020-04-28,167.48114013671875
2020-04-29,177.78921508789062
2020-04-30,174.78680419921875
2020-05-01,171.7061004638672
2020-05-04,172.2733154296875
2020-05-05,174.512939453125
2020-05-06,174.84548950195312
2020-05-07,178.69876098632812
2020-05-08,181.01657104492188
2020-05-11,179.52024841308594
2020-05-12,175.52024841308594
2020-05-13,173.48263549804688
2020-05-14,177.2150115966797
2020-05-15,179.7522735595703
2020-05-18,187.4815673828125
2020-05-19,185.50271606445312
2020-05-20,189.9110412597656
2020-05-21,186.73704528808597
2020-05-22,186.97213745117188
2020-05-26,189.2840576171875
2020-05-27,188.8922271728516
2020-05-28,190.3028717041016
2020-05-29,191.26292419433597
2020-06-01,190.39105224609372
2020-06-02,192.3601226806641
2020-06-03,192.85972595214844
2020-06-04,189.69549560546875
2020-06-05,195.5438995361328
2020-06-08,195.5340881347656
2020-06-09,195.02468872070312
2020-06-10,196.39617919921875
2020-06-11,185.032470703125
2020-06-12,188.3436279296875
2020-06-15,187.8538055419922
2020-06-16,188.95101928710935
2020-06-17,189.6171417236328
2020-06-18,189.9600372314453
2020-06-19,188.28485107421875
2020-06-22,190.98863220214844
2020-06-23,193.93731689453125
2020-06-24,187.5109405517578
2020-06-25,190.02859497070312
2020-06-26,185.4145355224609
2020-06-29,187.4815673828125
2020-06-30,189.235107421875
2020-07-01,189.83270263671875
2020-07-02,191.6841583251953
2020-07-06,193.7315673828125
2020-07-07,190.24411010742188
2020-07-08,191.0963897705078
2020-07-09,188.29464721679688
2020-07-10,188.62771606445312
2020-07-13,185.16964721679688
2020-07-14,189.391845703125
2020-07-15,192.54624938964844
2020-07-16,189.5583648681641
2020-07-17,191.1159820556641
2020-07-20,194.4271240234375
2020-07-21,192.47764587402344
2020-07-22,194.8091735839844
2020-07-23,193.4082946777344
2020-07-24,191.1747283935547
2020-07-27,192.8989105224609
2020-07-28,192.7323760986328
2020-07-29,194.534912109375
2020-07-30,190.10696411132807
2020-07-31,186.52149963378903
2020-08-03,186.8056488037109
2020-08-04,188.37298583984372
2020-08-05,192.1053924560547
2020-08-06,194.7209930419922
2020-08-07,192.3601226806641
2020-08-10,192.7813415527344
2020-08-11,193.7413787841797
2020-08-12,194.69163513183597
2020-08-13,193.84786987304688
2020-08-14,192.92559814453125
2020-08-17,195.6629180908203
2020-08-18,195.25083923339844
2020-08-19,197.19346618652344
2020-08-20,200.29373168945312
2020-08-21,200.27413940429688
2020-08-24,202.5111083984375
2020-08-25,204.16915893554688
2020-08-26,206.288330078125
2020-08-27,207.0438232421875
2020-08-28,211.63540649414065
2020-08-31,207.98568725585935
2020-09-01,209.3199615478516
2020-09-02,212.39083862304688
2020-09-03,205.0128936767578
2020-09-04,200.79415893554688
2020-09-08,196.3398895263672
2020-09-09,200.20545959472656
2020-09-10,197.7330474853516
2020-09-11,196.8892822265625
2020-09-14,201.10809326171875
2020-09-15,201.5103454589844
2020-09-16,201.2552795410156
2020-09-17,201.39260864257807
2020-09-18,198.7828521728516
2020-09-21,193.7203063964844
2020-09-22,196.7715759277344
2020-09-23,191.6795959472656
2020-09-24,191.8267822265625
2020-09-25,193.52410888671875
2020-09-28,196.53614807128903
2020-09-29,195.6727600097656
2020-09-30,196.1927490234375
2020-10-01,199.5088806152344
2020-10-02,197.65460205078125
2020-10-05,199.69528198242188
2020-10-06,196.66368103027344
2020-10-07,198.64547729492188
2020-10-08,199.14585876464844
2020-10-09,202.7367248535156
2020-10-12,202.50125122070312
2020-10-13,200.4605712890625
2020-10-14,198.38058471679688
2020-10-15,195.7806854248047
2020-10-16,196.4772186279297
2020-10-19,193.24937438964844
2020-10-20,193.965576171875
2020-10-21,194.6817779541016
2020-10-22,194.2501220703125
2020-10-23,194.26976013183597
2020-10-26,189.42306518554688
2020-10-27,186.4699249267578
2020-10-28,177.45350646972656
2020-10-29,181.3779296875
2020-10-30,178.27761840820312
2020-11-02,181.2504119873047
2020-11-03,184.78237915039065
2020-11-04,190.30604553222656
2020-11-05,193.90673828125
2020-11-06,194.72105407714844
2020-11-09,208.6626434326172
2020-11-10,209.2807464599609
2020-11-11,208.6822662353516
2020-11-12,204.6339874267578
2020-11-13,206.81532287597656
2020-11-16,208.9967041015625
2020-11-17,207.04135131835935
2020-11-18,204.2115020751953
2020-11-19,203.9560394287109
2020-11-20,200.3302764892578
2020-11-23,204.53575134277344
2020-11-24,206.029296875
2020-11-25,207.2181854248047
2020-11-27,207.3262939453125
2020-11-30,206.6876220703125
2020-12-01,207.52281188964844
2020-12-02,206.5205535888672
2020-12-03,204.42767333984372
2020-12-04,208.97702026367188
2020-12-07,208.9475555419922
2020-12-08,209.0655059814453
2020-12-09,205.93101501464844
2020-12-10,203.9953155517578
2020-12-11,202.649169921875
2020-12-14,203.6415863037109
2020-12-15,204.7322540283203
2020-12-16,204.6438446044922
2020-12-17,207.50315856933597
2020-12-18,207.6309051513672
2020-12-21,205.3709259033203
2020-12-22,202.25613403320312
2020-12-23,201.72552490234372
2020-12-24,205.0663146972656
2020-12-28,208.9279327392578
2020-12-29,210.6376190185547
2020-12-30,214.5581512451172
2020-12-31,214.9217071533203
2021-01-04,213.96856689453125
2021-01-05,210.77517700195312
2021-01-06,208.9180908203125
2021-01-07,210.08737182617188
2021-01-08,211.6988067626953
2021-01-11,209.18338012695312
2021-01-12,205.2235565185547
2021-01-13,205.7050323486328
2021-01-14,198.34542846679688
2021-01-15,198.0801239013672
2021-01-19,198.1489105224609
2021-01-20,202.4231719970703
2021-01-21,201.56832885742188
2021-01-22,198.50267028808597
2021-01-25,197.48074340820312
2021-01-26,198.4927978515625
2021-01-27,191.5753936767578
2021-01-28,194.768798828125
2021-01-29,189.8853302001953
2021-02-01,194.9063873291016
2021-02-02,199.08236694335935
2021-02-03,197.8541259765625
2021-02-04,205.6067657470703
2021-02-05,205.13511657714844
2021-02-08,203.287841796875
2021-02-09,202.9243011474609
2021-02-10,202.84571838378903
2021-02-11,207.3135986328125
2021-02-12,206.6246795654297
2021-02-16,204.597412109375
2021-02-17,204.21360778808597
2021-02-18,206.02438354492188
2021-02-19,201.47775268554688
2021-02-22,205.0107269287109
2021-02-23,208.7405242919922
2021-02-24,215.9442443847656
2021-02-25,210.3544921875
2021-02-26,209.01608276367188
2021-03-01,213.1887359619141
2021-03-02,212.3423767089844
2021-03-03,211.43701171875
2021-03-04,208.1402282714844
2021-03-05,211.98809814453125
2021-03-08,216.7709045410156
2021-03-09,216.8594665527344
2021-03-10,219.6248321533203
2021-03-11,222.5574951171875
2021-03-12,220.7959442138672
2021-03-15,219.72325134277344
2021-03-16,221.1305084228516
2021-03-17,219.47720336914065
2021-03-18,217.15472412109372
2021-03-19,203.61328125
2021-03-22,204.69583129882807
2021-03-23,204.8434295654297
2021-03-24,204.76470947265625
2021-03-25,204.6663055419922
2021-03-26,210.1379547119141
2021-03-29,211.10240173339844
2021-03-30,208.5338592529297
2021-03-31,208.36654663085935
2021-04-01,213.4150848388672
2021-04-05,215.56044006347656
2021-04-06,215.1766357421875
2021-04-07,215.7867889404297
2021-04-08,217.19406127929688
2021-04-09,218.9851531982422
2021-04-12,217.9518280029297
2021-04-13,217.5089874267578
2021-04-14,218.4537506103516
2021-04-15,222.6854248046875
2021-04-16,222.81336975097656
2021-04-19,222.2032165527344
2021-04-20,219.73306274414065
2021-04-21,223.83685302734372
2021-04-22,223.9549560546875
2021-04-23,226.3463287353516
2021-04-26,226.680908203125
2021-04-27,226.25778198242188
2021-04-28,229.74151611328125
2021-04-29,233.09735107421875
2021-04-30,229.8497772216797
2021-05-03,228.91488647460935
2021-05-04,228.34408569335935
2021-05-05,225.56887817382807
2021-05-06,227.6453857421875
2021-05-07,228.43263244628903
2021-05-10,222.38037109375
2021-05-11,221.8981475830078
2021-05-12,217.12518310546875
2021-05-13,220.5056304931641
2021-05-14,223.6593475341797
2021-05-17,223.16656494140625
2021-05-18,222.3091583251953
2021-05-19,221.3433074951172
2021-05-20,223.16656494140625
2021-05-21,223.49180603027344
2021-05-24,226.0049591064453
2021-05-25,225.70925903320312
2021-05-26,223.7874755859375
2021-05-27,223.58050537109372
2021-05-28,224.01416015625
2021-06-01,223.3538055419922
2021-06-02,226.34002685546875
2021-06-03,224.81243896484372
2021-06-04,226.8130798339844
2021-06-07,227.9760589599609
2021-06-08,228.69546508789065
2021-06-09,228.9517059326172
2021-06-10,230.5679931640625
2021-06-11,231.56341552734372
2021-06-14,230.69613647460935
2021-06-15,229.61204528808597
2021-06-16,226.2808990478516
2021-06-17,228.79405212402344
2021-06-18,227.0791931152344
2021-06-21,230.93267822265625
2021-06-22,232.51934814453125
2021-06-23,231.2874298095703
2021-06-24,232.82493591308597
2021-06-25,233.8892822265625
2021-06-28,230.70599365234372
2021-06-29,232.53907775878903
2021-06-30,230.43988037109372
2021-07-01,231.75067138671875
2021-07-02,235.18035888671875
2021-07-06,236.1363525390625
2021-07-07,236.5305633544922
2021-07-08,233.18955993652344
2021-07-09,235.0226593017578
2021-07-12,234.43133544921875
2021-07-13,238.8465881347656
2021-07-14,242.4339599609375
2021-07-15,244.9569549560547
2021-07-16,244.53314208984372
2021-07-19,236.9346160888672
2021-07-20,239.19151306152344
2021-07-21,240.1376495361328
2021-07-22,240.61068725585935
2021-07-23,245.420166015625
2021-07-26,246.63235473632807
2021-07-27,247.3025360107422
2021-07-28,243.37022399902344
2021-07-29,244.3360595703125
2021-07-30,242.8282012939453
2021-08-02,236.3137359619141
2021-08-03,233.66262817382807
2021-08-04,233.24868774414065
2021-08-05,236.73753356933597
2021-08-06,237.91030883789065
2021-08-09,236.5305633544922
2021-08-10,234.62847900390625
2021-08-11,231.66197204589844
2021-08-12,228.75064086914065
2021-08-13,229.59934997558597
2021-08-16,232.2738342285156
2021-08-17,231.4547271728516
2021-08-18,228.59274291992188
2021-08-19,228.53355407714844
2021-08-20,228.3263092041016
2021-08-23,231.06983947753903
2021-08-24,231.16851806640625
2021-08-25,229.5401611328125
2021-08-26,227.497314453125
2021-08-27,229.6388397216797
2021-08-30,228.197998046875
2021-08-31,226.09593200683597
2021-09-01,227.1025390625
2021-09-02,221.2404327392578
2021-09-03,222.1582489013672
2021-09-07,223.3030548095703
2021-09-08,226.08604431152344
2021-09-09,224.50701904296875
2021-09-10,221.96087646484372
2021-09-13,221.68453979492188
2021-09-14,220.1055145263672
2021-09-15,220.87527465820312
2021-09-16,221.38845825195312
2021-09-17,218.84231567382807
2021-09-20,217.1645965576172
2021-09-21,217.2830047607422
2021-09-22,219.82916259765625
2021-09-23,225.31629943847656
2021-09-24,228.5532684326172
2021-09-27,226.58935546875
2021-09-28,222.6023406982422
2021-09-29,223.7076416015625
2021-09-30,219.82916259765625
2021-10-01,227.43809509277344
2021-10-04,221.78323364257807
2021-10-05,221.3391265869141
2021-10-06,223.5398712158203
2021-10-07,227.52691650390625
2021-10-08,227.2505645751953
2021-10-11,222.1582489013672
2021-10-12,221.11215209960935
2021-10-13,219.5430145263672
2021-10-14,222.2273101806641
2021-10-15,227.96115112304688
2021-10-18,227.62559509277344
2021-10-19,230.45794677734372
2021-10-20,228.385498046875
2021-10-21,227.22097778320312
2021-10-22,228.197998046875
2021-10-25,230.8132476806641
2021-10-26,228.7802581787109
2021-10-27,212.9505615234375
2021-10-28,207.0884552001953
2021-10-29,208.99317932128903
2021-11-01,209.6741180419922
2021-11-02,206.39764404296875
2021-11-03,205.3712921142578
2021-11-04,206.0423583984375
2021-11-05,213.8289031982422
2021-11-08,217.59884643554688
2021-11-09,210.5919342041016
2021-11-10,213.10797119140625
2021-11-11,208.0264434814453
2021-11-12,209.67742919921875
2021-11-15,209.8850555419922
2021-11-16,212.73228454589844
2021-11-17,202.72740173339844
2021-11-18,201.01708984375
2021-11-19,198.5751800537109
2021-11-22,193.3552398681641
2021-11-23,196.23214721679688
2021-11-24,200.93800354003903
2021-11-26,195.4016876220703
2021-11-29,194.05714416503903
2021-11-30,191.5658416748047
2021-12-01,187.99688720703125
2021-12-02,196.03440856933597
2021-12-03,194.0868377685547
2021-12-06,200.3744659423828
2021-12-07,205.0111389160156
2021-12-08,206.6127014160156
2021-12-09,208.9853973388672
2021-12-10,210.97251892089844
2021-12-13,208.61959838867188
2021-12-14,207.5914459228516
2021-12-15,209.8949279785156
2021-12-16,211.93150329589844
2021-12-17,209.46983337402344
2021-12-20,206.3655548095703
2021-12-21,212.93002319335935
2021-12-22,215.4806671142578
2021-12-23,214.1558990478516
2021-12-27,215.1544189453125
2021-12-28,215.56967163085935
2021-12-29,215.68826293945312
2021-12-30,215.3916778564453
2021-12-31,214.244873046875
2022-01-03,218.9111785888672
2022-01-04,219.9294891357422
2022-01-05,217.4974365234375
2022-01-06,217.25030517578125
2022-01-07,214.49203491210935
2022-01-10,209.55880737304688
2022-01-11,211.94140625
2022-01-12,213.2562713623047
2022-01-13,212.5543212890625
2022-01-14,212.22808837890625
2022-01-18,213.2562713623047
2022-01-19,212.23797607421875
2022-01-20,211.9117431640625
2022-01-21,203.5874938964844
2022-01-24,199.5539093017578
2022-01-25,199.70220947265625
2022-01-26,203.5281982421875
2022-01-27,203.80499267578125
2022-01-28,225.40646362304688
2022-01-31,223.59727478027344
2022-02-01,229.7168731689453
2022-02-02,232.74203491210935
2022-02-03,228.90618896484372
2022-02-04,225.7920379638672
2022-02-07,224.57601928710935
2022-02-08,225.3471527099609
2022-02-09,228.24380493164065
2022-02-10,223.38671875
2022-02-11,222.49549865722656
2022-02-14,223.13916015625
2022-02-15,225.59495544433597
2022-02-16,226.58518981933597
2022-02-17,222.41629028320312
2022-02-18,220.5150451660156
2022-02-22,219.15841674804688
2022-02-23,213.8408660888672
2022-02-24,215.1776885986328
2022-02-25,217.12843322753903
2022-02-28,214.0092010498047
2022-03-01,206.92904663085935
2022-03-02,206.4438323974609
2022-03-03,205.2060394287109
2022-03-04,198.3338165283203
2022-03-07,188.8374938964844
2022-03-08,189.8376007080078
2022-03-09,197.8089904785156
2022-03-10,196.0364532470703
2022-03-11,194.78878784179688
2022-03-14,198.3734436035156
2022-03-15,204.12667846679688
2022-03-16,209.8007049560547
2022-03-17,211.36529541015625
2022-03-18,216.97000122070312
2022-03-21,214.9202117919922
2022-03-22,216.33627319335935
2022-03-23,212.5832672119141
2022-03-24,215.1875915527344
2022-03-25,216.296630859375
2022-03-28,218.61378479003903
2022-03-29,225.8919982910156
2022-03-30,221.76271057128903
2022-03-31,219.60401916503903
2022-04-01,224.14920043945312
2022-04-04,225.5157165527344
2022-04-05,223.8818359375
2022-04-06,216.87098693847656
2022-04-07,214.03890991210935
2022-04-08,214.8607940673828
2022-04-11,212.6526031494141
2022-04-12,209.33531188964844
2022-04-13,211.18704223632807
2022-04-14,210.7117462158203
2022-04-18,211.0880126953125
2022-04-19,213.59332275390625
2022-04-20,215.66290283203125
2022-04-21,214.3359832763672
2022-04-22,206.1368408203125
2022-04-25,207.8994598388672
2022-04-26,199.13589477539065
2022-04-27,212.01885986328125
2022-04-28,218.50485229492188
2022-04-29,211.04840087890625
2022-05-02,209.46405029296875
2022-05-03,206.52305603027344
2022-05-04,212.42483520507807
2022-05-05,203.2354736328125
2022-05-06,200.8391265869141
2022-05-09,191.11502075195312
2022-05-10,191.6893615722656
2022-05-11,194.7986602783203
2022-05-12,192.4423828125
2022-05-13,197.66094970703125
2022-05-16,196.2521514892578
2022-05-17,202.39340209960935
2022-05-18,198.41497802734372
2022-05-19,195.81561279296875
2022-05-20,197.4625244140625
2022-05-23,205.9253692626953
2022-05-24,201.03419494628903
2022-05-25,202.23464965820312
2022-05-26,206.90757751464844
2022-05-27,211.20346069335935
2022-05-31,210.49905395507807
2022-06-01,208.2766876220703
2022-06-02,213.35638427734372
2022-06-03,210.97528076171875
2022-06-06,211.2629852294922
2022-06-07,212.8107147216797
2022-06-08,211.81858825683597
2022-06-09,204.48678588867188
2022-06-10,197.93875122070312
2022-06-13,190.7458648681641
2022-06-14,191.99594116210935
2022-06-15,194.6151428222656
2022-06-16,187.56114196777344
2022-06-17,188.51356506347656
2022-06-21,192.8590850830078
2022-06-22,192.29356384277344
2022-06-23,195.09136962890625
2022-06-24,203.89149475097656
2022-06-27,201.95687866210935
2022-06-28,196.5596923828125
2022-06-29,197.9288330078125
2022-06-30,195.33941650390625
2022-07-01,197.61135864257807
2022-07-05,198.96063232421875
2022-07-06,199.5360870361328
2022-07-07,201.2028350830078
2022-07-08,201.9667816162109
2022-07-11,203.44505310058597
2022-07-12,203.2069549560547
2022-07-13,202.54222106933597
2022-07-14,204.28836059570312
2022-07-15,208.3858184814453
2022-07-18,205.5781097412109
2022-07-19,211.9773101806641
2022-07-20,211.68960571289065
2022-07-21,214.4873962402344
2022-07-22,212.0169982910156
2022-07-25,212.58251953125
2022-07-26,210.8165435791016
2022-07-27,208.8124542236328
2022-07-28,209.6855010986328
2022-07-29,210.4395294189453
2022-08-01,209.6954345703125
2022-08-02,204.63560485839844
2022-08-03,206.83811950683597
2022-08-04,211.78880310058597
2022-08-05,214.1699066162109
2022-08-08,211.6400146484375
2022-08-09,208.6040954589844
2022-08-10,210.4296112060547
2022-08-11,209.78857421875
2022-08-12,210.0370330810547
2022-08-15,215.0959014892578
2022-08-16,215.8114776611328
2022-08-17,213.20751953125
2022-08-18,213.9330291748047
2022-08-19,211.51792907714844
2022-08-22,207.3336639404297
2022-08-23,205.5347442626953
2022-08-24,205.40554809570312
2022-08-25,208.5362701416016
2022-08-26,201.64866638183597
2022-08-29,201.09210205078125
2022-08-30,200.1479034423828
2022-08-31,197.49424743652344
2022-09-01,198.90554809570312
2022-09-02,196.550048828125
2022-09-06,197.42465209960935
2022-09-07,199.1937713623047
2022-09-08,199.4820098876953
2022-09-09,203.94451904296875
2022-09-12,205.3657989501953
2022-09-13,198.4483642578125
2022-09-14,198.18997192382807
2022-09-15,194.17466735839844
2022-09-16,192.11734008789065
2022-09-19,191.9483795166016
2022-09-20,190.89488220214844
2022-09-21,185.87576293945312
2022-09-22,184.65328979492188
2022-09-23,182.83450317382807
2022-09-26,179.485107421875
2022-09-27,176.78173828125
2022-09-28,178.08372497558594
2022-09-29,178.95835876464844
2022-09-30,176.56307983398438
2022-10-03,180.5386199951172
2022-10-04,184.51412963867188
2022-10-05,186.5217742919922
2022-10-06,184.4545135498047
2022-10-07,182.70529174804688
2022-10-10,181.06536865234372
2022-10-11,178.04397583007812
2022-10-12,177.1494903564453
2022-10-13,183.53021240234372
2022-10-14,181.502685546875
2022-10-17,184.11659240722656
2022-10-18,186.02484130859372
2022-10-19,185.2694854736328
2022-10-20,186.0745391845703
2022-10-21,189.2052764892578
2022-10-24,189.54318237304688
2022-10-25,193.19073486328125
2022-10-26,202.0859832763672
2022-10-27,203.04010009765625
2022-10-28,208.0592041015625
2022-10-31,205.8925323486328
2022-11-01,205.6639404296875
2022-11-02,199.72052001953125
2022-11-03,193.5584716796875
2022-11-04,195.7748107910156
2022-11-07,198.875732421875
2022-11-08,200.5454559326172
2022-11-09,193.17428588867188
2022-11-10,204.7689514160156
2022-11-11,204.201171875
2022-11-14,206.0539093017578
2022-11-15,209.17172241210935
2022-11-16,209.3211212158203
2022-11-17,210.16781616210935
2022-11-18,209.9785614013672
2022-11-21,205.5160217285156
2022-11-22,209.5103912353516
2022-11-23,210.9049224853516
2022-11-25,212.95689392089844
2022-11-28,210.436767578125
2022-11-29,208.24533081054688
2022-11-30,216.1543884277344
2022-12-01,216.1543884277344
2022-12-02,216.81182861328125
2022-12-05,212.8473358154297
2022-12-06,208.2652587890625
2022-12-07,207.00021362304688
2022-12-08,208.28518676757807
2022-12-09,207.88674926757807
2022-12-12,213.7537841796875
2022-12-13,212.20982360839844
2022-12-14,212.4887542724609
2022-12-15,207.09982299804688
2022-12-16,206.0837860107422
2022-12-19,204.0218811035156
2022-12-20,204.55975341796875
2022-12-21,206.0041046142578
2022-12-22,204.26092529296875
2022-12-23,205.0279235839844
2022-12-27,205.48611450195312
2022-12-28,204.1912078857422
2022-12-29,207.24923706054688
2022-12-30,206.9503936767578
2023-01-03,206.5818328857422
2023-01-04,211.7815093994141
2023-01-05,210.287353515625
2023-01-06,216.90147399902344
2023-01-09,217.7481689453125
2023-01-10,220.22845458984372
2023-01-11,221.23452758789065
2023-01-12,222.74859619140625
2023-01-13,222.19078063964844
2023-01-17,222.1310272216797
2023-01-18,218.6048126220703
2023-01-19,219.5511016845703
2023-01-20,223.4359130859375
2023-01-23,223.3064117431641
2023-01-24,223.01754760742188
2023-01-25,224.0236053466797
2023-01-26,223.83436584472656
2023-01-27,230.5381317138672
2023-01-30,228.20724487304688
2023-01-31,229.31292724609372
2023-02-01,230.00022888183597
2023-02-02,228.6654510498047
2023-02-03,229.2332305908203
2023-02-06,228.54592895507807
2023-02-07,230.41860961914065
2023-02-08,229.30294799804688
2023-02-09,228.9037322998047
2023-02-10,226.75791931152344
2023-02-13,228.4346466064453
2023-02-14,228.9436492919922
2023-02-15,228.4745635986328
2023-02-16,225.3905792236328
2023-02-17,223.125
2023-02-21,220.1907196044922
2023-02-22,219.5918884277344
2023-02-23,220.69973754882807
2023-02-24,219.122802734375
2023-02-27,219.92124938964844
2023-02-28,219.5120391845703
2023-03-01,217.93511962890625
2023-03-02,218.63375854492188
2023-03-03,223.3345947265625
2023-03-06,226.3087921142578
2023-03-07,222.7357482910156
2023-03-08,221.75765991210935
2023-03-09,219.58189392089844
2023-03-10,215.7194366455078
2023-03-13,214.0526885986328
2023-03-14,218.2345428466797
2023-03-15,215.9489898681641
2023-03-16,217.02688598632807
2023-03-17,216.96701049804688
2023-03-20,217.72552490234372
2023-03-21,221.51812744140625
2023-03-22,219.61184692382807
2023-03-23,222.1568756103516
2023-03-24,220.60989379882807
2023-03-27,221.3784027099609
2023-03-28,219.9012908935547
2023-03-29,222.86550903320312
2023-03-30,221.9273376464844
2023-03-31,225.02130126953125
2023-04-03,228.55441284179688
2023-04-04,227.21702575683597
2023-04-05,227.7260284423828
2023-04-06,225.5502777099609
2023-04-10,225.98941040039065
2023-04-11,228.00547790527344
2023-04-12,227.36672973632807
2023-04-13,232.2372283935547
2023-04-14,233.5646514892578
2023-04-17,233.02569580078125
2023-04-18,233.1454620361328
2023-04-19,232.1174774169922
2023-04-20,234.14352416992188
2023-04-21,233.59458923339844
2023-04-24,232.30709838867188
2023-04-25,229.1432647705078
2023-04-26,227.7060546875
2023-04-27,228.56439208984372
2023-04-28,232.2771453857422
2023-05-01,232.0575714111328
2023-05-02,226.5383453369141
2023-05-03,225.540283203125
2023-05-04,225.1610412597656
2023-05-05,231.3290100097656
2023-05-08,231.7781219482422
2023-05-09,232.80612182617188
2023-05-10,230.82000732421875
2023-05-11,231.00999450683597
2023-05-12,231.3800048828125
2023-05-15,232.80999755859372
2023-05-16,230.47000122070312
2023-05-17,232.6499938964844
2023-05-18,233.6000061035156
2023-05-19,233.30999755859372
2023-05-22,231.27999877929688
2023-05-23,224.5800018310547
2023-05-24,222.25
2023-05-25,223.3800048828125
2023-05-26,225.00999450683597
2023-05-30,221.63999938964844
2023-05-31,220.875
