Date,ISRG
2013-01-02,55.27999877929688
2013-01-03,55.96333312988281
2013-01-04,55.58666610717773
2013-01-07,55.77777862548828
2013-01-08,56.04777908325195
2013-01-09,56.3033332824707
2013-01-10,56.54111099243164
2013-01-11,56.22222137451172
2013-01-14,56.96888732910156
2013-01-15,55.95444488525391
2013-01-16,55.38888931274414
2013-01-17,57.133331298828125
2013-01-18,56.48110961914063
2013-01-22,57.61000061035156
2013-01-23,63.00666809082031
2013-01-24,64.55555725097656
2013-01-25,64.20222473144531
2013-01-28,64.21444702148438
2013-01-29,63.82555770874024
2013-01-30,63.66666793823242
2013-01-31,63.81999969482422
2013-02-01,64.85221862792969
2013-02-04,63.73444366455078
2013-02-05,63.73444366455078
2013-02-06,63.54222106933594
2013-02-07,63.369998931884766
2013-02-08,64.30555725097656
2013-02-11,63.502220153808594
2013-02-12,63.48777770996094
2013-02-13,63.74444580078125
2013-02-14,63.473331451416016
2013-02-15,63.24555587768555
2013-02-19,64.69667053222656
2013-02-20,61.869998931884766
2013-02-21,62.36111068725586
2013-02-22,63.78333282470703
2013-02-25,62.926666259765625
2013-02-26,63.195556640625
2013-02-27,63.72444534301758
2013-02-28,56.65444564819336
2013-03-01,61.488887786865234
2013-03-04,60.14666748046875
2013-03-05,58.413333892822266
2013-03-06,57.75333404541016
2013-03-07,57.02000045776367
2013-03-08,57.18111038208008
2013-03-11,57.41777801513672
2013-03-12,56.99111175537109
2013-03-13,56.59222030639648
2013-03-14,54.432220458984375
2013-03-15,51.04888916015625
2013-03-18,53.9466667175293
2013-03-19,53.63111114501953
2013-03-20,55.0966682434082
2013-03-21,54.08777618408203
2013-03-22,54.37666702270508
2013-03-25,54.26666641235352
2013-03-26,55.25
2013-03-27,54.50333404541016
2013-03-28,54.57666778564453
2013-04-01,53.84222030639648
2013-04-02,54.53333282470703
2013-04-03,55.38777923583984
2013-04-04,55.182220458984375
2013-04-05,54.44111251831055
2013-04-08,54.88888931274414
2013-04-09,55.16999816894531
2013-04-10,55.42555618286133
2013-04-11,56.95222091674805
2013-04-12,56.89444351196289
2013-04-15,56.665557861328125
2013-04-16,56.70888900756836
2013-04-17,56.40444564819336
2013-04-18,54.81888961791992
2013-04-19,53.86111068725586
2013-04-22,52.76333236694336
2013-04-23,52.34111022949219
2013-04-24,52.98666763305664
2013-04-25,53.75555419921875
2013-04-26,54.08444213867188
2013-04-29,54.351112365722656
2013-04-30,54.69889068603516
2013-05-01,54.46222305297852
2013-05-02,54.6511116027832
2013-05-03,55.97999954223633
2013-05-06,55.73110961914063
2013-05-07,54.45222091674805
2013-05-08,54.36777877807617
2013-05-09,56.20000076293945
2013-05-10,55.50777816772461
2013-05-13,53.96555709838867
2013-05-14,54.19222259521485
2013-05-15,53.82222366333008
2013-05-16,52.913333892822266
2013-05-17,53.77777862548828
2013-05-20,53.268890380859375
2013-05-21,53.98666763305664
2013-05-22,52.25555419921875
2013-05-23,53.16222381591797
2013-05-24,55.72555541992188
2013-05-28,55.73777770996094
2013-05-29,55.38888931274414
2013-05-30,56.07555770874024
2013-05-31,55.28111267089844
2013-06-03,55.58111190795898
2013-06-04,55.398887634277344
2013-06-05,55.61555480957031
2013-06-06,56.37888717651367
2013-06-07,57.054443359375
2013-06-10,56.68999862670898
2013-06-11,55.50777816772461
2013-06-12,55.04888916015625
2013-06-13,56.05555725097656
2013-06-14,55.36777877807617
2013-06-17,55.47999954223633
2013-06-18,56.62333297729492
2013-06-19,56.66666793823242
2013-06-20,55.27888870239258
2013-06-21,55.87555694580078
2013-06-24,56.018890380859375
2013-06-25,55.74444580078125
2013-06-26,55.988887786865234
2013-06-27,55.79888916015625
2013-06-28,56.23666763305664
2013-07-01,55.72777938842773
2013-07-02,55.68777847290039
2013-07-03,55.524444580078125
2013-07-05,56.0011100769043
2013-07-08,55.56444549560547
2013-07-09,46.5888900756836
2013-07-10,46.96444320678711
2013-07-11,47.77777862548828
2013-07-12,47.67111206054688
2013-07-15,47.41999816894531
2013-07-16,46.9033317565918
2013-07-17,46.17111206054688
2013-07-18,46.83000183105469
2013-07-19,43.630001068115234
2013-07-22,43.9900016784668
2013-07-23,43.8466682434082
2013-07-24,42.66222381591797
2013-07-25,41.70333480834961
2013-07-26,42.47666549682617
2013-07-29,43.44444274902344
2013-07-30,42.86888885498047
2013-07-31,43.11111068725586
2013-08-01,43.606666564941406
2013-08-02,43.738887786865234
2013-08-05,43.73666763305664
2013-08-06,43.65888977050781
2013-08-07,43.32666778564453
2013-08-08,43.8466682434082
2013-08-09,43.54111099243164
2013-08-12,43.17555618286133
2013-08-13,42.84444427490234
2013-08-14,42.88222122192383
2013-08-15,42.63666534423828
2013-08-16,42.03666687011719
2013-08-19,42.772220611572266
2013-08-20,42.82777786254883
2013-08-21,42.988887786865234
2013-08-22,43.3488883972168
2013-08-23,43.34333419799805
2013-08-26,43.52111053466797
2013-08-27,42.913333892822266
2013-08-28,43.04888916015625
2013-08-29,42.73333358764648
2013-08-30,42.9466667175293
2013-09-03,42.79666519165039
2013-09-04,43.03555679321289
2013-09-05,42.71555709838867
2013-09-06,42.74333190917969
2013-09-09,42.76666641235352
2013-09-10,41.885555267333984
2013-09-11,41.83333206176758
2013-09-12,41.40888977050781
2013-09-13,41.66666793823242
2013-09-16,41.674442291259766
2013-09-17,41.55110931396485
2013-09-18,41.38888931274414
2013-09-19,41.10889053344727
2013-09-20,41.63222122192383
2013-09-23,41.20333480834961
2013-09-24,40.432220458984375
2013-09-25,40.81222152709961
2013-09-26,40.932220458984375
2013-09-27,40.828887939453125
2013-09-30,41.80777740478516
2013-10-01,41.377777099609375
2013-10-02,41.06666564941406
2013-10-03,40.10444259643555
2013-10-04,40.47555541992188
2013-10-07,42.33222198486328
2013-10-08,42.35889053344727
2013-10-09,43.2400016784668
2013-10-10,43.02333450317383
2013-10-11,43.35333251953125
2013-10-14,44.63111114501953
2013-10-15,43.356666564941406
2013-10-16,44.59222030639648
2013-10-17,44.3477783203125
2013-10-18,41.83555603027344
2013-10-21,41.33555603027344
2013-10-22,40.92222213745117
2013-10-23,41.66444396972656
2013-10-24,41.143333435058594
2013-10-25,41.014442443847656
2013-10-28,41.73333358764648
2013-10-29,41.96333312988281
2013-10-30,41.63444519042969
2013-10-31,41.27777862548828
2013-11-01,41.33666610717773
2013-11-04,42.470001220703125
2013-11-05,41.6533317565918
2013-11-06,41.90777969360352
2013-11-07,42.17555618286133
2013-11-08,43.31444549560547
2013-11-11,43.93111038208008
2013-11-12,44.00444412231445
2013-11-13,44.02777862548828
2013-11-14,44.141109466552734
2013-11-15,43.82666778564453
2013-11-18,43.663333892822266
2013-11-19,43.84222030639648
2013-11-20,43.83444213867188
2013-11-21,43.391109466552734
2013-11-22,43.30110931396485
2013-11-25,42.72222137451172
2013-11-26,41.61222076416016
2013-11-27,42.0011100769043
2013-11-29,41.877777099609375
2013-12-02,41.720001220703125
2013-12-03,41.42333221435547
2013-12-04,41.186668395996094
2013-12-05,40.87111282348633
2013-12-06,41.93111038208008
2013-12-09,41.84333419799805
2013-12-10,42.168888092041016
2013-12-11,40.73555755615234
2013-12-12,40.92222213745117
2013-12-13,40.32666778564453
2013-12-16,40.25333404541016
2013-12-17,39.54777908325195
2013-12-18,40.13777923583984
2013-12-19,39.900001525878906
2013-12-20,40.48333358764648
2013-12-23,41.24555587768555
2013-12-24,41.21777725219727
2013-12-26,41.6422233581543
2013-12-27,42.22111129760742
2013-12-30,42.56333160400391
2013-12-31,42.67555618286133
2014-01-02,42.223331451416016
2014-01-03,41.49555587768555
2014-01-06,41.21555709838867
2014-01-07,41.52888870239258
2014-01-08,42.27333450317383
2014-01-09,42.97555541992188
2014-01-10,46.68333435058594
2014-01-13,43.674442291259766
2014-01-14,46.6533317565918
2014-01-15,45.86666870117188
2014-01-16,46.04333114624024
2014-01-17,47.79333114624024
2014-01-21,48.81999969482422
2014-01-22,48.79111099243164
2014-01-23,48.77777862548828
2014-01-24,45.63999938964844
2014-01-27,45.4033317565918
2014-01-28,45.50444412231445
2014-01-29,46.133331298828125
2014-01-30,46.261112213134766
2014-01-31,45.28666687011719
2014-02-03,44.57444381713867
2014-02-04,45.4555549621582
2014-02-05,46.12222290039063
2014-02-06,46.08777618408203
2014-02-07,46.40888977050781
2014-02-10,47.7400016784668
2014-02-11,47.383331298828125
2014-02-12,48.70777893066406
2014-02-13,49.17111206054688
2014-02-14,48.758888244628906
2014-02-18,49.34333419799805
2014-02-19,48.88444519042969
2014-02-20,48.67111206054688
2014-02-21,48.35444259643555
2014-02-24,48.72666549682617
2014-02-25,48.31888961791992
2014-02-26,48.7055549621582
2014-02-27,49.34999847412109
2014-02-28,49.42555618286133
2014-03-03,50.426666259765625
2014-03-04,49.945556640625
2014-03-05,49.65777969360352
2014-03-06,49.37222290039063
2014-03-07,49.33111190795898
2014-03-10,48.73222351074219
2014-03-11,48.35444259643555
2014-03-12,48.12666702270508
2014-03-13,47.74111175537109
2014-03-14,47.00777816772461
2014-03-17,47.4011116027832
2014-03-18,47.668888092041016
2014-03-19,48.282222747802734
2014-03-20,48.55666732788086
2014-03-21,47.65444564819336
2014-03-24,46.89666748046875
2014-03-25,46.9900016784668
2014-03-26,47.18444442749024
2014-03-27,47.62333297729492
2014-03-28,48.33222198486328
2014-03-31,48.665557861328125
2014-04-01,54.84444427490234
2014-04-02,57.61111068725586
2014-04-03,60.06999969482422
2014-04-04,56.168888092041016
2014-04-07,55.22555541992188
2014-04-08,54.426666259765625
2014-04-09,50.73777770996094
2014-04-10,50.4011116027832
2014-04-11,48.8477783203125
2014-04-14,47.22222137451172
2014-04-15,46.34333419799805
2014-04-16,46.12555694580078
2014-04-17,45.776668548583984
2014-04-21,45.67889022827149
2014-04-22,46.92555618286133
2014-04-23,41.54777908325195
2014-04-24,41.25777816772461
2014-04-25,40.70777893066406
2014-04-28,40.86666870117188
2014-04-29,40.176666259765625
2014-04-30,40.18888854980469
2014-05-01,39.9033317565918
2014-05-02,40.398887634277344
2014-05-05,40.44111251831055
2014-05-06,40.03333282470703
2014-05-07,39.21666717529297
2014-05-08,39.150001525878906
2014-05-09,39.22888946533203
2014-05-12,40.630001068115234
2014-05-13,40.6077766418457
2014-05-14,41.29666519165039
2014-05-15,40.49222183227539
2014-05-16,41.565555572509766
2014-05-19,41.21444320678711
2014-05-20,40.400001525878906
2014-05-21,40.70333480834961
2014-05-22,40.51555633544922
2014-05-23,40.42889022827149
2014-05-27,41.26333236694336
2014-05-28,40.52000045776367
2014-05-29,41.650001525878906
2014-05-30,41.08222198486328
2014-06-02,41.21110916137695
2014-06-03,41.21555709838867
2014-06-04,41.12555694580078
2014-06-05,40.98222351074219
2014-06-06,41.2511100769043
2014-06-09,41.648887634277344
2014-06-10,41.9555549621582
2014-06-11,42.48666763305664
2014-06-12,43.5966682434082
2014-06-13,44.09111022949219
2014-06-16,45.53555679321289
2014-06-17,44.804443359375
2014-06-18,44.90777969360352
2014-06-19,44.68888854980469
2014-06-20,44.905555725097656
2014-06-23,44.774444580078125
2014-06-24,44.69444274902344
2014-06-25,45.008888244628906
2014-06-26,45.643333435058594
2014-06-27,47.0444450378418
2014-06-30,45.75555419921875
2014-07-01,45.165557861328125
2014-07-02,44.815555572509766
2014-07-03,44.893333435058594
2014-07-07,43.80666732788086
2014-07-08,42.880001068115234
2014-07-09,42.915557861328125
2014-07-10,42.54666519165039
2014-07-11,43.2488899230957
2014-07-14,42.73222351074219
2014-07-15,42.61888885498047
2014-07-16,42.2511100769043
2014-07-17,42.46888732910156
2014-07-18,43.0
2014-07-21,43.19111251831055
2014-07-22,43.573333740234375
2014-07-23,51.29222106933594
2014-07-24,52.59222030639648
2014-07-25,52.18888854980469
2014-07-28,51.69889068603516
2014-07-29,51.69222259521485
2014-07-30,51.88777923583984
2014-07-31,50.8388900756836
2014-08-01,50.35222244262695
2014-08-04,50.55777740478516
2014-08-05,49.81888961791992
2014-08-06,49.82555770874024
2014-08-07,49.0888900756836
2014-08-08,49.33666610717773
2014-08-11,49.29222106933594
2014-08-12,50.16999816894531
2014-08-13,50.59444427490234
2014-08-14,51.15444564819336
2014-08-15,51.01555633544922
2014-08-18,51.59000015258789
2014-08-19,52.57444381713867
2014-08-20,51.94444274902344
2014-08-21,52.432220458984375
2014-08-22,52.415557861328125
2014-08-25,52.282222747802734
2014-08-26,53.186668395996094
2014-08-27,52.34555435180664
2014-08-28,51.72999954223633
2014-08-29,52.223331451416016
2014-09-02,52.67333221435547
2014-09-03,52.63444519042969
2014-09-04,51.63444519042969
2014-09-05,51.70888900756836
2014-09-08,51.864444732666016
2014-09-09,51.86777877807617
2014-09-10,52.61555480957031
2014-09-11,52.22222137451172
2014-09-12,53.41444396972656
2014-09-15,52.08666610717773
2014-09-16,52.74222183227539
2014-09-17,52.614444732666016
2014-09-18,52.83777618408203
2014-09-19,52.16999816894531
2014-09-22,50.78777694702149
2014-09-23,50.68000030517578
2014-09-24,51.75
2014-09-25,50.83777618408203
2014-09-26,51.14444351196289
2014-09-29,51.635555267333984
2014-09-30,51.31333160400391
2014-10-01,51.42222213745117
2014-10-02,52.182220458984375
2014-10-03,52.80110931396485
2014-10-06,54.06111145019531
2014-10-07,53.58444213867188
2014-10-08,54.42777633666992
2014-10-09,52.92777633666992
2014-10-10,52.22777938842773
2014-10-13,51.674442291259766
2014-10-14,51.25666809082031
2014-10-15,51.12666702270508
2014-10-16,50.723331451416016
2014-10-17,52.2488899230957
2014-10-20,53.91777801513672
2014-10-21,55.08555603027344
2014-10-22,53.53444290161133
2014-10-23,53.9477767944336
2014-10-24,53.11222076416016
2014-10-27,53.078887939453125
2014-10-28,54.63222122192383
2014-10-29,54.15777969360352
2014-10-30,54.44444274902344
2014-10-31,55.0888900756836
2014-11-03,55.09333419799805
2014-11-04,55.11111068725586
2014-11-05,56.1522216796875
2014-11-06,56.51666641235352
2014-11-07,55.55777740478516
2014-11-10,56.554443359375
2014-11-11,57.148887634277344
2014-11-12,57.026668548583984
2014-11-13,57.34444427490234
2014-11-14,56.91222381591797
2014-11-17,56.82110977172852
2014-11-18,57.35444259643555
2014-11-19,57.00333404541016
2014-11-20,57.05777740478516
2014-11-21,57.27000045776367
2014-11-24,57.92555618286133
2014-11-25,57.38777923583984
2014-11-26,57.223331451416016
2014-11-28,57.52999877929688
2014-12-01,57.08111190795898
2014-12-02,56.93111038208008
2014-12-03,57.62333297729492
2014-12-04,56.74444580078125
2014-12-05,56.54111099243164
2014-12-08,57.23555755615234
2014-12-09,57.21444320678711
2014-12-10,55.643333435058594
2014-12-11,56.23555755615234
2014-12-12,55.86333465576172
2014-12-15,55.445556640625
2014-12-16,55.24111175537109
2014-12-17,56.68999862670898
2014-12-18,58.16777801513672
2014-12-19,59.106666564941406
2014-12-22,59.315555572509766
2014-12-23,58.46222305297852
2014-12-24,58.99333190917969
2014-12-26,59.026668548583984
2014-12-29,58.85889053344727
2014-12-30,58.43444442749024
2014-12-31,58.77111053466797
2015-01-02,58.39666748046875
2015-01-05,57.1522216796875
2015-01-06,57.75444412231445
2015-01-07,58.07110977172852
2015-01-08,59.22222137451172
2015-01-09,57.87444305419922
2015-01-12,58.38999938964844
2015-01-13,57.96222305297852
2015-01-14,59.48444366455078
2015-01-15,58.264442443847656
2015-01-16,58.95888900756836
2015-01-20,57.98777770996094
2015-01-21,57.56888961791992
2015-01-22,58.37555694580078
2015-01-23,57.50777816772461
2015-01-26,57.88999938964844
2015-01-27,56.578887939453125
2015-01-28,55.84000015258789
2015-01-29,56.10889053344727
2015-01-30,54.94222259521485
2015-02-02,56.3477783203125
2015-02-03,56.51777648925781
2015-02-04,56.10222244262695
2015-02-05,57.35222244262695
2015-02-06,56.918888092041016
2015-02-09,55.69889068603516
2015-02-10,55.54111099243164
2015-02-11,55.436668395996094
2015-02-12,56.41222381591797
2015-02-13,56.747779846191406
2015-02-17,57.11111068725586
2015-02-18,56.98444366455078
2015-02-19,56.83000183105469
2015-02-20,57.03444290161133
2015-02-23,57.07777786254883
2015-02-24,56.87444305419922
2015-02-25,56.40666580200195
2015-02-26,56.258888244628906
2015-02-27,55.55555725097656
2015-03-02,55.91777801513672
2015-03-03,56.56333160400391
2015-03-04,55.61777877807617
2015-03-05,55.502220153808594
2015-03-06,54.893333435058594
2015-03-09,54.73222351074219
2015-03-10,54.168888092041016
2015-03-11,54.83444213867188
2015-03-12,55.47222137451172
2015-03-13,54.82777786254883
2015-03-16,56.31333160400391
2015-03-17,56.19444274902344
2015-03-18,56.540000915527344
2015-03-19,56.52888870239258
2015-03-20,56.55888748168945
2015-03-23,56.46777725219727
2015-03-24,55.96666717529297
2015-03-25,55.02555465698242
2015-03-26,55.44333267211914
2015-03-27,55.25
2015-03-30,56.2400016784668
2015-03-31,56.114444732666016
2015-04-01,56.27999877929688
2015-04-02,56.47666549682617
2015-04-06,57.14777755737305
2015-04-07,56.93999862670898
2015-04-08,56.828887939453125
2015-04-09,57.0099983215332
2015-04-10,58.92889022827149
2015-04-13,60.25666809082031
2015-04-14,59.56111145019531
2015-04-15,59.30110931396485
2015-04-16,60.38777923583984
2015-04-17,60.07777786254883
2015-04-20,61.44222259521485
2015-04-21,60.747779846191406
2015-04-22,57.436668395996094
2015-04-23,56.97444534301758
2015-04-24,56.21333312988281
2015-04-27,55.61333465576172
2015-04-28,56.10444259643555
2015-04-29,55.50333404541016
2015-04-30,55.10889053344727
2015-05-01,55.328887939453125
2015-05-04,55.37333297729492
2015-05-05,54.77333450317383
2015-05-06,54.30110931396485
2015-05-07,54.3477783203125
2015-05-08,54.924442291259766
2015-05-11,55.1522216796875
2015-05-12,54.98222351074219
2015-05-13,55.38444519042969
2015-05-14,55.81666564941406
2015-05-15,55.96222305297852
2015-05-18,55.84999847412109
2015-05-19,55.87333297729492
2015-05-20,54.70777893066406
2015-05-21,54.99444580078125
2015-05-22,55.02999877929688
2015-05-26,54.130001068115234
2015-05-27,54.851112365722656
2015-05-28,53.97777938842773
2015-05-29,54.19444274902344
2015-06-01,55.79777908325195
2015-06-02,55.45888900756836
2015-06-03,55.682220458984375
2015-06-04,55.13777923583984
2015-06-05,55.008888244628906
2015-06-08,54.50666809082031
2015-06-09,55.24666595458984
2015-06-10,56.02333450317383
2015-06-11,55.36000061035156
2015-06-12,55.073333740234375
2015-06-15,54.63111114501953
2015-06-16,54.53666687011719
2015-06-17,54.31444549560547
2015-06-18,55.11111068725586
2015-06-19,54.97222137451172
2015-06-22,55.49444580078125
2015-06-23,55.18000030517578
2015-06-24,54.71666717529297
2015-06-25,54.98444366455078
2015-06-26,55.238887786865234
2015-06-29,53.75333404541016
2015-06-30,53.83333206176758
2015-07-01,53.98222351074219
2015-07-02,54.032222747802734
2015-07-06,53.12222290039063
2015-07-07,53.49666595458984
2015-07-08,53.18333435058594
2015-07-09,53.49666595458984
2015-07-10,54.20777893066406
2015-07-13,55.282222747802734
2015-07-14,54.661109924316406
2015-07-15,54.497779846191406
2015-07-16,54.445556640625
2015-07-17,54.42333221435547
2015-07-20,55.290000915527344
2015-07-21,56.12111282348633
2015-07-22,61.0977783203125
2015-07-23,61.911109924316406
2015-07-24,60.67555618286133
2015-07-27,60.46110916137695
2015-07-28,60.02888870239258
2015-07-29,60.032222747802734
2015-07-30,59.95777893066406
2015-07-31,59.24111175537109
2015-08-03,58.5
2015-08-04,58.52777862548828
2015-08-05,59.00777816772461
2015-08-06,58.22999954223633
2015-08-07,59.22111129760742
2015-08-10,59.13999938964844
2015-08-11,58.87111282348633
2015-08-12,58.80888748168945
2015-08-13,58.6522216796875
2015-08-14,58.87444305419922
2015-08-17,59.22777938842773
2015-08-18,58.85555648803711
2015-08-19,58.51333236694336
2015-08-20,57.135555267333984
2015-08-21,56.315555572509766
2015-08-24,54.53444290161133
2015-08-25,54.93999862670898
2015-08-26,56.49444580078125
2015-08-27,57.28555679321289
2015-08-28,57.13777923583984
2015-08-31,56.772220611572266
2015-09-01,55.93555450439453
2015-09-02,56.79222106933594
2015-09-03,57.08333206176758
2015-09-04,56.488887786865234
2015-09-08,57.8488883972168
2015-09-09,56.663333892822266
2015-09-10,56.83777618408203
2015-09-11,57.25555419921875
2015-09-14,56.73110961914063
2015-09-15,57.08555603027344
2015-09-16,57.16666793823242
2015-09-17,57.69333267211914
2015-09-18,56.828887939453125
2015-09-21,56.10444259643555
2015-09-22,54.91222381591797
2015-09-23,54.43111038208008
2015-09-24,54.573333740234375
2015-09-25,52.87888717651367
2015-09-28,51.5011100769043
2015-09-29,50.6077766418457
2015-09-30,51.06444549560547
2015-10-01,50.61888885498047
2015-10-02,51.6522216796875
2015-10-05,52.09000015258789
2015-10-06,51.06666564941406
2015-10-07,51.85555648803711
2015-10-08,52.045555114746094
2015-10-09,52.18333435058594
2015-10-12,51.20444488525391
2015-10-13,50.71222305297852
2015-10-14,50.540000915527344
2015-10-15,51.36777877807617
2015-10-16,51.92555618286133
2015-10-19,53.15999984741211
2015-10-20,52.55666732788086
2015-10-21,55.4900016784668
2015-10-22,55.13111114501953
2015-10-23,55.55888748168945
2015-10-26,55.17222213745117
2015-10-27,55.195556640625
2015-10-28,55.55777740478516
2015-10-29,55.58666610717773
2015-10-30,55.17777633666992
2015-11-02,56.02888870239258
2015-11-03,55.93444442749024
2015-11-04,55.71666717529297
2015-11-05,55.48333358764648
2015-11-06,55.66222381591797
2015-11-09,55.33777618408203
2015-11-10,55.84000015258789
2015-11-11,55.4011116027832
2015-11-12,55.55555725097656
2015-11-13,55.42111206054688
2015-11-16,55.65666580200195
2015-11-17,55.38999938964844
2015-11-18,56.37333297729492
2015-11-19,56.018890380859375
2015-11-20,57.39666748046875
2015-11-23,57.676666259765625
2015-11-24,57.415557861328125
2015-11-25,57.54111099243164
2015-11-27,57.69333267211914
2015-11-30,57.77999877929688
2015-12-01,58.02777862548828
2015-12-02,57.50666809082031
2015-12-03,56.51777648925781
2015-12-04,57.93333435058594
2015-12-07,58.05777740478516
2015-12-08,57.01555633544922
2015-12-09,57.07222366333008
2015-12-10,58.44889068603516
2015-12-11,58.163333892822266
2015-12-14,58.75
2015-12-15,59.67333221435547
2015-12-16,60.56999969482422
2015-12-17,59.89666748046875
2015-12-18,59.35333251953125
2015-12-21,59.924442291259766
2015-12-22,60.161109924316406
2015-12-23,60.85889053344727
2015-12-24,60.82777786254883
2015-12-28,60.790000915527344
2015-12-29,61.48555755615234
2015-12-30,61.38999938964844
2015-12-31,60.68444442749024
2016-01-04,60.82110977172852
2016-01-05,61.328887939453125
2016-01-06,61.47111129760742
2016-01-07,59.655555725097656
2016-01-08,59.61555480957031
2016-01-11,59.95333480834961
2016-01-12,60.23555755615234
2016-01-13,60.57110977172852
2016-01-14,61.752220153808594
2016-01-15,61.91666793823242
2016-01-19,61.83222198486328
2016-01-20,61.61777877807617
2016-01-21,61.73333358764648
2016-01-22,62.9011116027832
2016-01-25,62.024444580078125
2016-01-26,60.58222198486328
2016-01-27,59.33555603027344
2016-01-28,58.5099983215332
2016-01-29,60.09444427490234
2016-02-01,60.351112365722656
2016-02-02,59.92777633666992
2016-02-03,60.56666564941406
2016-02-04,61.32555770874024
2016-02-05,59.58222198486328
2016-02-08,56.364444732666016
2016-02-09,56.53555679321289
2016-02-10,58.26777648925781
2016-02-11,57.95000076293945
2016-02-12,59.03111267089844
2016-02-16,59.46222305297852
2016-02-17,60.206668853759766
2016-02-18,60.29111099243164
2016-02-19,60.70444488525391
2016-02-22,61.27888870239258
2016-02-23,60.988887786865234
2016-02-24,61.51666641235352
2016-02-25,62.1422233581543
2016-02-26,63.052223205566406
2016-02-29,62.56222152709961
2016-03-01,63.4988899230957
2016-03-02,63.75666809082031
2016-03-03,63.782222747802734
2016-03-04,63.405555725097656
2016-03-07,63.63222122192383
2016-03-08,62.98444366455078
2016-03-09,63.655555725097656
2016-03-10,63.74444580078125
2016-03-11,64.49444580078125
2016-03-14,65.89666748046875
2016-03-15,65.26667022705078
2016-03-16,65.26444244384766
2016-03-17,62.48333358764648
2016-03-18,64.78333282470703
2016-03-21,64.77666473388672
2016-03-22,65.66999816894531
2016-03-23,65.14778137207031
2016-03-24,64.81222534179688
2016-03-28,64.90777587890625
2016-03-29,67.00777435302734
2016-03-30,66.47555541992188
2016-03-31,66.78333282470703
2016-04-01,67.38888549804688
2016-04-04,69.1177749633789
2016-04-05,68.10221862792969
2016-04-06,69.56888580322266
2016-04-07,68.30889129638672
2016-04-08,68.86333465576172
2016-04-11,68.9111099243164
2016-04-12,69.50111389160156
2016-04-13,69.66777801513672
2016-04-14,69.23222351074219
2016-04-15,69.35778045654297
2016-04-18,69.66444396972656
2016-04-19,69.30110931396484
2016-04-20,71.6177749633789
2016-04-21,71.32333374023438
2016-04-22,70.90555572509766
2016-04-25,70.97110748291016
2016-04-26,70.27777862548828
2016-04-27,70.33444213867188
2016-04-28,70.16666412353516
2016-04-29,69.5955581665039
2016-05-02,70.37333679199219
2016-05-03,68.73666381835938
2016-05-04,68.3499984741211
2016-05-05,68.36888885498047
2016-05-06,68.77333068847656
2016-05-09,69.31777954101562
2016-05-10,69.6177749633789
2016-05-11,69.74333190917969
2016-05-12,70.36666870117188
2016-05-13,69.8677749633789
2016-05-16,70.58555603027344
2016-05-17,69.04222106933594
2016-05-18,69.46778106689453
2016-05-19,69.30999755859375
2016-05-20,70.28666687011719
2016-05-23,69.8499984741211
2016-05-24,70.96333312988281
2016-05-25,71.44889068603516
2016-05-26,70.80000305175781
2016-05-27,70.7388916015625
2016-05-31,70.52333068847656
2016-06-01,70.85444641113281
2016-06-02,71.04888916015625
2016-06-03,70.76000213623047
2016-06-06,70.62444305419922
2016-06-07,70.6544418334961
2016-06-08,71.43111419677734
2016-06-09,72.02222442626953
2016-06-10,71.28778076171875
2016-06-13,71.56666564941406
2016-06-14,71.66555786132812
2016-06-15,71.67888641357422
2016-06-16,71.50333404541016
2016-06-17,71.304443359375
2016-06-20,72.0088882446289
2016-06-21,71.68555450439453
2016-06-22,72.38333129882812
2016-06-23,73.4800033569336
2016-06-24,71.64666748046875
2016-06-27,69.9888916015625
2016-06-28,70.9566650390625
2016-06-29,73.08000183105469
2016-06-30,73.48999786376953
2016-07-01,74.0344467163086
2016-07-05,73.85221862792969
2016-07-06,74.49333190917969
2016-07-07,75.03333282470703
2016-07-08,75.42666625976562
2016-07-11,74.85555267333984
2016-07-12,75.0344467163086
2016-07-13,74.76000213623047
2016-07-14,75.06666564941406
2016-07-15,74.48666381835938
2016-07-18,74.50444030761719
2016-07-19,74.65555572509766
2016-07-20,78.11666870117188
2016-07-21,76.77222442626953
2016-07-22,76.59666442871094
2016-07-25,76.26333618164062
2016-07-26,76.2911148071289
2016-07-27,75.89778137207031
2016-07-28,76.67666625976562
2016-07-29,77.3066635131836
2016-08-01,77.09666442871094
2016-08-02,76.72110748291016
2016-08-03,76.41444396972656
2016-08-04,77.06555938720703
2016-08-05,77.03666687011719
2016-08-08,76.98222351074219
2016-08-09,77.40888977050781
2016-08-10,77.02666473388672
2016-08-11,77.28221893310547
2016-08-12,76.76889038085938
2016-08-15,76.99888610839844
2016-08-16,76.22666931152344
2016-08-17,75.87777709960938
2016-08-18,76.18000030517578
2016-08-19,76.40777587890625
2016-08-22,76.91666412353516
2016-08-23,77.32888793945312
2016-08-24,76.17666625976562
2016-08-25,76.27222442626953
2016-08-26,76.1433334350586
2016-08-29,76.39444732666016
2016-08-30,76.39221954345703
2016-08-31,76.26889038085938
2016-09-01,76.6322250366211
2016-09-02,76.48555755615234
2016-09-06,77.01333618164062
2016-09-07,76.67444610595703
2016-09-08,76.79444122314453
2016-09-09,75.13555908203125
2016-09-12,75.93222045898438
2016-09-13,74.69222259521484
2016-09-14,74.7911148071289
2016-09-15,76.02111053466797
2016-09-16,76.26333618164062
2016-09-19,77.06111145019531
2016-09-20,77.6522216796875
2016-09-21,78.1177749633789
2016-09-22,79.80000305175781
2016-09-23,78.913330078125
2016-09-26,78.58222198486328
2016-09-27,80.02111053466797
2016-09-28,79.7522201538086
2016-09-29,79.99888610839844
2016-09-30,80.53666687011719
2016-10-03,79.77111053466797
2016-10-04,79.62444305419922
2016-10-05,79.78888702392578
2016-10-06,79.57666778564453
2016-10-07,79.78221893310547
2016-10-10,80.51222229003906
2016-10-11,78.9222183227539
2016-10-12,78.99222564697266
2016-10-13,79.27111053466797
2016-10-14,79.43444061279297
2016-10-17,78.82666778564453
2016-10-18,80.19222259521484
2016-10-19,75.68111419677734
2016-10-20,75.75777435302734
2016-10-21,75.33555603027344
2016-10-24,76.11111450195312
2016-10-25,75.5
2016-10-26,73.96888732910156
2016-10-27,73.69222259521484
2016-10-28,74.06111145019531
2016-10-31,74.67555236816406
2016-11-01,74.413330078125
2016-11-02,74.0633316040039
2016-11-03,74.81111145019531
2016-11-04,74.60221862792969
2016-11-07,75.38111114501953
2016-11-08,76.12555694580078
2016-11-09,72.38444519042969
2016-11-10,70.61333465576172
2016-11-11,69.08444213867188
2016-11-14,69.4000015258789
2016-11-15,71.1722183227539
2016-11-16,71.48444366455078
2016-11-17,72.73332977294922
2016-11-18,72.76555633544922
2016-11-21,73.56555938720703
2016-11-22,71.13444519042969
2016-11-23,71.6977767944336
2016-11-25,72.945556640625
2016-11-28,71.9655532836914
2016-11-29,72.25666809082031
2016-11-30,71.52666473388672
2016-12-01,70.2588882446289
2016-12-02,70.73777770996094
2016-12-05,70.77222442626953
2016-12-06,69.06555938720703
2016-12-07,68.77889251708984
2016-12-08,68.82888793945312
2016-12-09,69.46778106689453
2016-12-12,70.41555786132812
2016-12-13,70.663330078125
2016-12-14,70.73222351074219
2016-12-15,71.0
2016-12-16,71.26555633544922
2016-12-19,70.87889099121094
2016-12-20,70.445556640625
2016-12-21,70.03221893310547
2016-12-22,70.84222412109375
2016-12-23,71.19444274902344
2016-12-27,71.0566635131836
2016-12-28,70.61666870117188
2016-12-29,70.72777557373047
2016-12-30,70.46333312988281
2017-01-03,71.30999755859375
2017-01-04,69.9433364868164
2017-01-05,70.32333374023438
2017-01-06,70.67888641357422
2017-01-09,71.25555419921875
2017-01-10,73.5777816772461
2017-01-11,75.35111236572266
2017-01-12,73.87555694580078
2017-01-13,73.8566665649414
2017-01-17,73.74888610839844
2017-01-18,73.67444610595703
2017-01-19,73.1177749633789
2017-01-20,72.97222137451172
2017-01-23,72.78111267089844
2017-01-24,74.00555419921875
2017-01-25,77.77777862548828
2017-01-26,76.39555358886719
2017-01-27,76.80999755859375
2017-01-30,76.68111419677734
2017-01-31,76.9655532836914
2017-02-01,77.44667053222656
2017-02-02,77.7955551147461
2017-02-03,78.01444244384766
2017-02-06,78.32888793945312
2017-02-07,78.24888610839844
2017-02-08,78.07444763183594
2017-02-09,78.37555694580078
2017-02-10,78.39111328125
2017-02-13,78.96666717529297
2017-02-14,79.43555450439453
2017-02-15,79.63777923583984
2017-02-16,80.163330078125
2017-02-17,80.51777648925781
2017-02-21,81.35221862792969
2017-02-22,81.34222412109375
2017-02-23,81.70555877685547
2017-02-24,81.87333679199219
2017-02-27,81.55889129638672
2017-02-28,81.88888549804688
2017-03-01,82.34333038330078
2017-03-02,82.50777435302734
2017-03-03,82.75444030761719
2017-03-06,81.74444580078125
2017-03-07,81.12777709960938
2017-03-08,80.90110778808594
2017-03-09,81.77999877929688
2017-03-10,81.57333374023438
2017-03-13,81.5433349609375
2017-03-14,82.23110961914062
2017-03-15,82.96333312988281
2017-03-16,82.61444091796875
2017-03-17,83.31444549560547
2017-03-20,83.336669921875
2017-03-21,82.88333129882812
2017-03-22,83.14555358886719
2017-03-23,82.90888977050781
2017-03-24,84.22222137451172
2017-03-27,85.25777435302734
2017-03-28,84.94110870361328
2017-03-29,85.07555389404297
2017-03-30,85.13999938964844
2017-03-31,85.163330078125
2017-04-03,84.96778106689453
2017-04-04,84.7044448852539
2017-04-05,84.75555419921875
2017-04-06,84.7522201538086
2017-04-07,85.23555755615234
2017-04-10,85.22666931152344
2017-04-11,84.98110961914062
2017-04-12,84.91777801513672
2017-04-13,84.97666931152344
2017-04-17,85.36444091796875
2017-04-18,84.37110900878906
2017-04-19,89.74444580078125
2017-04-20,90.49444580078124
2017-04-21,90.38111114501952
2017-04-24,91.35333251953124
2017-04-25,91.91555786132812
2017-04-26,92.66889190673828
2017-04-27,92.95111083984376
2017-04-28,92.87444305419922
2017-05-01,93.28555297851562
2017-05-02,93.86333465576172
2017-05-03,93.92555236816406
2017-05-04,94.13555908203124
2017-05-05,94.5044403076172
2017-05-08,93.42111206054688
2017-05-09,93.68555450439452
2017-05-10,93.67333221435548
2017-05-11,93.88111114501952
2017-05-12,93.74666595458984
2017-05-15,94.51889038085938
2017-05-16,95.49666595458984
2017-05-17,94.55332946777344
2017-05-18,95.55332946777344
2017-05-19,96.70333099365234
2017-05-22,99.11555480957033
2017-05-23,99.67111206054688
2017-05-24,99.98555755615234
2017-05-25,100.8411102294922
2017-05-26,101.15110778808594
2017-05-30,101.60333251953124
2017-05-31,101.63111114501952
2017-06-01,102.12000274658205
2017-06-02,102.74333190917967
2017-06-05,102.445556640625
2017-06-06,102.7066650390625
2017-06-07,103.55555725097656
2017-06-08,103.31666564941406
2017-06-09,101.81555938720705
2017-06-12,100.36555480957033
2017-06-13,100.91444396972656
2017-06-14,100.64778137207033
2017-06-15,99.8822250366211
2017-06-16,101.64888763427734
2017-06-19,104.12777709960938
2017-06-20,104.48444366455078
2017-06-21,105.91889190673828
2017-06-22,106.0177764892578
2017-06-23,105.43777465820312
2017-06-26,104.49333190917967
2017-06-27,104.00111389160156
2017-06-28,105.1455535888672
2017-06-29,103.38888549804688
2017-06-30,103.93000030517578
2017-07-03,102.40666961669922
2017-07-05,104.2322235107422
2017-07-06,103.86666870117188
2017-07-07,104.91889190673828
2017-07-10,105.25
2017-07-11,104.72110748291016
2017-07-12,105.37110900878906
2017-07-13,104.28221893310548
2017-07-14,105.75
2017-07-17,105.34333038330078
2017-07-18,105.18333435058594
2017-07-19,107.42111206054688
2017-07-20,107.97000122070312
2017-07-21,103.0522232055664
2017-07-24,105.4633331298828
2017-07-25,104.9911117553711
2017-07-26,104.87889099121094
2017-07-27,103.53888702392578
2017-07-28,104.5777816772461
2017-07-31,104.25111389160156
2017-08-01,104.5522232055664
2017-08-02,103.663330078125
2017-08-03,103.7955551147461
2017-08-04,103.45222473144533
2017-08-07,104.06999969482422
2017-08-08,103.81999969482422
2017-08-09,104.8277816772461
2017-08-10,103.26444244384766
2017-08-11,104.69444274902344
2017-08-14,107.17333221435548
2017-08-15,109.48555755615234
2017-08-16,109.87777709960938
2017-08-17,108.12222290039062
2017-08-18,109.3677749633789
2017-08-21,109.18888854980467
2017-08-22,110.73332977294922
2017-08-23,109.62999725341795
2017-08-24,110.06444549560548
2017-08-25,108.73666381835938
2017-08-28,109.55555725097656
2017-08-29,109.71111297607422
2017-08-30,110.67111206054688
2017-08-31,111.62999725341795
2017-09-01,111.86111450195312
2017-09-05,113.49333190917967
2017-09-06,113.59666442871094
2017-09-07,115.163330078125
2017-09-08,115.84333038330078
2017-09-11,116.16444396972656
2017-09-12,116.11111450195312
2017-09-13,115.87555694580078
2017-09-14,115.61111450195312
2017-09-15,115.336669921875
2017-09-18,116.2544403076172
2017-09-19,116.163330078125
2017-09-20,116.26333618164062
2017-09-21,114.46778106689452
2017-09-22,114.61333465576172
2017-09-25,113.03778076171876
2017-09-26,112.95999908447266
2017-09-27,113.7866668701172
2017-09-28,113.98666381835938
2017-09-29,116.2088851928711
2017-10-02,117.83110809326172
2017-10-03,119.32111358642578
2017-10-04,120.54444122314452
2017-10-05,121.07555389404295
2017-10-06,120.48999786376952
2017-10-09,118.20333099365234
2017-10-10,118.33000183105467
2017-10-11,120.09666442871094
2017-10-12,120.84333038330078
2017-10-13,120.76333618164062
2017-10-16,117.8499984741211
2017-10-17,118.33333587646484
2017-10-18,118.1233367919922
2017-10-19,119.15333557128906
2017-10-20,123.1933364868164
2017-10-23,124.50666809082033
2017-10-24,123.83000183105467
2017-10-25,124.13999938964844
2017-10-26,124.12000274658205
2017-10-27,124.59333038330078
2017-10-30,125.36333465576172
2017-10-31,125.12000274658205
2017-11-01,125.34666442871094
2017-11-02,126.58333587646484
2017-11-03,128.0833282470703
2017-11-06,128.27667236328125
2017-11-07,130.34666442871094
2017-11-08,130.77999877929688
2017-11-09,130.0
2017-11-10,129.71665954589844
2017-11-13,130.7066650390625
2017-11-14,130.32333374023438
2017-11-15,129.89666748046875
2017-11-16,131.26666259765625
2017-11-17,130.82666015625
2017-11-20,131.00999450683594
2017-11-21,132.8300018310547
2017-11-22,132.19667053222656
2017-11-24,132.71665954589844
2017-11-27,134.56666564941406
2017-11-28,134.07666015625
2017-11-29,131.43333435058594
2017-11-30,133.25999450683594
2017-12-01,132.22000122070312
2017-12-04,123.31666564941406
2017-12-05,123.16666412353516
2017-12-06,126.34666442871094
2017-12-07,127.92666625976562
2017-12-08,126.5366668701172
2017-12-11,124.51667022705078
2017-12-12,123.49666595458984
2017-12-13,123.6933364868164
2017-12-14,120.1866683959961
2017-12-15,123.29000091552734
2017-12-18,123.96666717529295
2017-12-19,122.4499969482422
2017-12-20,122.40333557128906
2017-12-21,120.4433364868164
2017-12-22,121.05332946777344
2017-12-26,121.9433364868164
2017-12-27,122.69667053222656
2017-12-28,122.9566650390625
2017-12-29,121.64666748046876
2018-01-02,125.08333587646484
2018-01-03,127.94000244140624
2018-01-04,125.63999938964844
2018-01-05,126.336669921875
2018-01-08,130.6199951171875
2018-01-09,132.53334045410156
2018-01-10,141.25332641601562
2018-01-11,140.4566650390625
2018-01-12,139.67999267578125
2018-01-16,140.02333068847656
2018-01-17,143.6999969482422
2018-01-18,144.02333068847656
2018-01-19,144.41000366210938
2018-01-22,144.64666748046875
2018-01-23,146.51666259765625
2018-01-24,145.82666015625
2018-01-25,149.93666076660156
2018-01-26,146.74667358398438
2018-01-29,145.44667053222656
2018-01-30,142.6133270263672
2018-01-31,143.88999938964844
2018-02-01,141.97332763671875
2018-02-02,138.98666381835938
2018-02-05,133.00332641601562
2018-02-06,136.11000061035156
2018-02-07,133.17666625976562
2018-02-08,127.29000091552734
2018-02-09,130.97000122070312
2018-02-12,132.836669921875
2018-02-13,134.0
2018-02-14,136.6300048828125
2018-02-15,139.52000427246094
2018-02-16,138.66000366210938
2018-02-20,140.586669921875
2018-02-21,138.85333251953125
2018-02-22,139.92999267578125
2018-02-23,142.50332641601562
2018-02-26,144.0
2018-02-27,143.66000366210938
2018-02-28,142.14999389648438
2018-03-01,137.3766632080078
2018-03-02,139.1300048828125
2018-03-05,141.4166717529297
2018-03-06,142.1666717529297
2018-03-07,143.48666381835938
2018-03-08,144.1199951171875
2018-03-09,146.82000732421875
2018-03-12,146.31666564941406
2018-03-13,146.74000549316406
2018-03-14,146.92333984375
2018-03-15,147.31666564941406
2018-03-16,145.2866668701172
2018-03-19,142.2866668701172
2018-03-20,143.39666748046875
2018-03-21,141.663330078125
2018-03-22,137.96665954589844
2018-03-23,133.0500030517578
2018-03-26,138.3733367919922
2018-03-27,135.07333374023438
2018-03-28,134.1300048828125
2018-03-29,137.61000061035156
2018-04-02,133.6300048828125
2018-04-03,134.49000549316406
2018-04-04,133.97332763671875
2018-04-05,135.3733367919922
2018-04-06,132.18333435058594
2018-04-09,135.21665954589844
2018-04-10,139.56666564941406
2018-04-11,137.3733367919922
2018-04-12,138.35000610351562
2018-04-13,138.2100067138672
2018-04-16,139.4600067138672
2018-04-17,145.14999389648438
2018-04-18,157.00999450683594
2018-04-19,154.23666381835938
2018-04-20,152.08999633789062
2018-04-23,149.27999877929688
2018-04-24,145.49000549316406
2018-04-25,145.98666381835938
2018-04-26,148.72999572753906
2018-04-27,149.00999450683594
2018-04-30,146.92666625976562
2018-05-01,149.18333435058594
2018-05-02,149.6699981689453
2018-05-03,149.413330078125
2018-05-04,153.47332763671875
2018-05-07,155.13333129882812
2018-05-08,154.1999969482422
2018-05-09,154.08999633789062
2018-05-10,156.13333129882812
2018-05-11,156.11666870117188
2018-05-14,155.39666748046875
2018-05-15,152.27667236328125
2018-05-16,153.67999267578125
2018-05-17,152.63999938964844
2018-05-18,152.92999267578125
2018-05-21,154.4600067138672
2018-05-22,151.5366668701172
2018-05-23,152.90333557128906
2018-05-24,152.59666442871094
2018-05-25,152.18666076660156
2018-05-29,151.5433349609375
2018-05-30,153.22000122070312
2018-05-31,153.22332763671875
2018-06-01,159.75
2018-06-04,159.30999755859375
2018-06-05,164.1233367919922
2018-06-06,164.4600067138672
2018-06-07,161.77999877929688
2018-06-08,161.53334045410156
2018-06-11,163.57000732421875
2018-06-12,164.97332763671875
2018-06-13,163.49000549316406
2018-06-14,165.17333984375
2018-06-15,163.49667358398438
2018-06-18,163.55667114257812
2018-06-19,162.86666870117188
2018-06-20,162.48333740234375
2018-06-21,162.36000061035156
2018-06-22,161.07000732421875
2018-06-25,157.82666015625
2018-06-26,160.92666625976562
2018-06-27,158.79666137695312
2018-06-28,161.23666381835938
2018-06-29,159.4933319091797
2018-07-02,162.6999969482422
2018-07-03,161.86000061035156
2018-07-05,162.4633331298828
2018-07-06,165.15333557128906
2018-07-09,166.47332763671875
2018-07-10,167.3699951171875
2018-07-11,168.07333374023438
2018-07-12,175.0
2018-07-13,174.77999877929688
2018-07-16,172.68666076660156
2018-07-17,174.5933380126953
2018-07-18,175.97000122070312
2018-07-19,173.76333618164062
2018-07-20,172.25999450683594
2018-07-23,173.2899932861328
2018-07-24,174.4066619873047
2018-07-25,179.32333374023438
2018-07-26,175.65333557128906
2018-07-27,173.07000732421875
2018-07-30,167.6666717529297
2018-07-31,169.39666748046875
2018-08-01,172.09666442871094
2018-08-02,173.96665954589844
2018-08-03,174.1999969482422
2018-08-06,173.60000610351562
2018-08-07,172.63333129882812
2018-08-08,173.0933380126953
2018-08-09,174.22999572753906
2018-08-10,173.67333984375
2018-08-13,173.45333862304688
2018-08-14,176.3333282470703
2018-08-15,174.2566680908203
2018-08-16,174.63333129882812
2018-08-17,174.97332763671875
2018-08-20,175.1199951171875
2018-08-21,176.35000610351562
2018-08-22,178.3333282470703
2018-08-23,179.07000732421875
2018-08-24,180.5066680908203
2018-08-27,181.7400054931641
2018-08-28,181.6366729736328
2018-08-29,184.6699981689453
2018-08-30,185.05667114257807
2018-08-31,186.6666717529297
2018-09-04,185.3433380126953
2018-09-05,178.9066619873047
2018-09-06,180.6199951171875
2018-09-07,179.32000732421875
2018-09-10,180.6266632080078
2018-09-11,182.13333129882807
2018-09-12,183.1866607666016
2018-09-13,186.27333068847656
2018-09-14,189.45333862304688
2018-09-17,186.21665954589844
2018-09-18,188.27333068847656
2018-09-19,185.4900054931641
2018-09-20,187.05999755859372
2018-09-21,185.58999633789065
2018-09-24,189.7566680908203
2018-09-25,191.39666748046875
2018-09-26,189.8466644287109
2018-09-27,189.89666748046875
2018-09-28,191.3333282470703
2018-10-01,191.5800018310547
2018-10-02,190.4933319091797
2018-10-03,187.1566619873047
2018-10-04,184.81333923339844
2018-10-05,182.90333557128903
2018-10-08,175.49000549316406
2018-10-09,177.07000732421875
2018-10-10,170.73666381835938
2018-10-11,169.4066619873047
2018-10-12,177.33999633789062
2018-10-15,173.09666442871094
2018-10-16,180.97000122070312
2018-10-17,180.97000122070312
2018-10-18,174.09666442871094
2018-10-19,168.086669921875
2018-10-22,170.47000122070312
2018-10-23,168.97666931152344
2018-10-24,161.0366668701172
2018-10-25,164.30667114257812
2018-10-26,162.29666137695312
2018-10-29,159.2866668701172
2018-10-30,163.60667419433594
2018-10-31,173.72666931152344
2018-11-01,172.8699951171875
2018-11-02,172.07333374023438
2018-11-05,169.13333129882812
2018-11-06,173.22999572753906
2018-11-07,181.8933258056641
2018-11-08,180.0066680908203
2018-11-09,177.52000427246094
2018-11-12,168.0
2018-11-13,167.81333923339844
2018-11-14,166.2133331298828
2018-11-15,171.2133331298828
2018-11-16,172.84666442871094
2018-11-19,160.88999938964844
2018-11-20,161.74667358398438
2018-11-21,163.8733367919922
2018-11-23,163.19000244140625
2018-11-26,167.75999450683594
2018-11-27,165.6199951171875
2018-11-28,173.96665954589844
2018-11-29,173.6566619873047
2018-11-30,176.9566650390625
2018-12-03,182.97666931152344
2018-12-04,172.94000244140625
2018-12-06,173.02999877929688
2018-12-07,163.89666748046875
2018-12-10,166.0366668701172
2018-12-11,169.35333251953125
2018-12-12,171.8766632080078
2018-12-13,170.75
2018-12-14,163.93666076660156
2018-12-17,160.5833282470703
2018-12-18,160.7866668701172
2018-12-19,157.30667114257812
2018-12-20,153.2933349609375
2018-12-21,148.67333984375
2018-12-24,144.9633331298828
2018-12-26,153.9933319091797
2018-12-27,156.23333740234375
2018-12-28,157.06666564941406
2018-12-31,159.63999938964844
2019-01-02,155.3433380126953
2019-01-03,150.0800018310547
2019-01-04,157.22666931152344
2019-01-07,159.47999572753906
2019-01-08,160.99667358398438
2019-01-09,172.3699951171875
2019-01-10,172.69000244140625
2019-01-11,168.44000244140625
2019-01-14,167.57000732421875
2019-01-15,171.82000732421875
2019-01-16,171.97666931152344
2019-01-17,178.0933380126953
2019-01-18,180.8500061035156
2019-01-22,178.92666625976562
2019-01-23,176.64999389648438
2019-01-24,178.7066650390625
2019-01-25,171.67999267578125
2019-01-28,165.57666015625
2019-01-29,164.75
2019-01-30,169.4933319091797
2019-01-31,174.54666137695312
2019-02-01,174.88333129882812
2019-02-04,174.14332580566406
2019-02-05,174.29666137695312
2019-02-06,173.98333740234375
2019-02-07,169.7866668701172
2019-02-08,172.35000610351562
2019-02-11,176.48666381835938
2019-02-12,179.90333557128906
2019-02-13,177.82333374023438
2019-02-14,178.69332885742188
2019-02-15,182.8333282470703
2019-02-19,182.72332763671875
2019-02-20,183.21665954589844
2019-02-21,183.2899932861328
2019-02-22,183.95333862304688
2019-02-25,184.4633331298828
2019-02-26,182.82000732421875
2019-02-27,183.1366729736328
2019-02-28,182.5366668701172
2019-03-01,186.18333435058597
2019-03-04,183.30999755859372
2019-03-05,182.20333862304688
2019-03-06,178.836669921875
2019-03-07,177.72000122070312
2019-03-08,177.9199981689453
2019-03-11,180.98333740234372
2019-03-12,183.3766632080078
2019-03-13,185.72000122070312
2019-03-14,186.2433319091797
2019-03-15,186.07000732421875
2019-03-18,186.4966735839844
2019-03-19,187.5733337402344
2019-03-20,189.7866668701172
2019-03-21,192.66000366210935
2019-03-22,187.086669921875
2019-03-25,187.5733337402344
2019-03-26,189.2133331298828
2019-03-27,186.08999633789065
2019-03-28,187.6300048828125
2019-03-29,190.19332885742188
2019-04-01,191.8466644287109
2019-04-02,191.9933319091797
2019-04-03,192.086669921875
2019-04-04,190.0933380126953
2019-04-05,191.9066619873047
2019-04-08,192.77999877929688
2019-04-09,193.1266632080078
2019-04-10,195.29666137695312
2019-04-11,194.8766632080078
2019-04-12,194.2833404541016
2019-04-15,192.2700042724609
2019-04-16,187.1433258056641
2019-04-17,175.0
2019-04-18,176.02000427246094
2019-04-22,163.68666076660156
2019-04-23,166.80667114257812
2019-04-24,169.3800048828125
2019-04-25,172.5933380126953
2019-04-26,173.0366668701172
2019-04-29,170.1133270263672
2019-04-30,170.2100067138672
2019-05-01,165.68333435058594
2019-05-02,167.3699951171875
2019-05-03,169.31333923339844
2019-05-06,169.4933319091797
2019-05-07,163.77000427246094
2019-05-08,165.23333740234375
2019-05-09,165.35333251953125
2019-05-10,165.10333251953125
2019-05-13,159.5833282470703
2019-05-14,162.4499969482422
2019-05-15,163.04666137695312
2019-05-16,163.91000366210938
2019-05-17,163.3800048828125
2019-05-20,161.07333374023438
2019-05-21,161.18666076660156
2019-05-22,161.7899932861328
2019-05-23,157.92666625976562
2019-05-24,158.8433380126953
2019-05-28,157.07333374023438
2019-05-29,157.30999755859375
2019-05-30,159.07333374023438
2019-05-31,154.9499969482422
2019-06-03,152.7566680908203
2019-06-04,158.14332580566406
2019-06-05,161.68666076660156
2019-06-06,161.74667358398438
2019-06-07,166.34666442871094
2019-06-10,169.9066619873047
2019-06-11,168.85333251953125
2019-06-12,167.30667114257812
2019-06-13,168.53334045410156
2019-06-14,165.51333618164062
2019-06-17,169.0500030517578
2019-06-18,172.42666625976562
2019-06-19,173.97999572753906
2019-06-20,177.68333435058594
2019-06-21,175.7433319091797
2019-06-24,175.26666259765625
2019-06-25,173.50999450683594
2019-06-26,171.24000549316406
2019-06-27,172.586669921875
2019-06-28,174.85000610351562
2019-07-01,176.43666076660156
2019-07-02,176.5066680908203
2019-07-03,179.05999755859375
2019-07-05,179.0833282470703
2019-07-08,177.72000122070312
2019-07-09,176.08999633789062
2019-07-10,177.42666625976562
2019-07-11,178.6666717529297
2019-07-12,175.4166717529297
2019-07-15,175.9166717529297
2019-07-16,171.85333251953125
2019-07-17,174.5
2019-07-18,178.8766632080078
2019-07-19,176.27000427246094
2019-07-22,178.5
2019-07-23,179.26333618164062
2019-07-24,181.01333618164065
2019-07-25,177.22999572753906
2019-07-26,175.8766632080078
2019-07-29,176.5366668701172
2019-07-30,177.2133331298828
2019-07-31,173.1699981689453
2019-08-01,174.64999389648438
2019-08-02,171.1999969482422
2019-08-05,163.82000732421875
2019-08-06,167.92333984375
2019-08-07,168.45333862304688
2019-08-08,173.1366729736328
2019-08-09,171.8333282470703
2019-08-12,169.9600067138672
2019-08-13,172.6666717529297
2019-08-14,166.82000732421875
2019-08-15,166.6233367919922
2019-08-16,165.14999389648438
2019-08-19,165.1666717529297
2019-08-20,165.94332885742188
2019-08-21,167.0933380126953
2019-08-22,166.7566680908203
2019-08-23,161.52667236328125
2019-08-26,163.69667053222656
2019-08-27,165.0066680908203
2019-08-28,167.0833282470703
2019-08-29,169.3866729736328
2019-08-30,170.44667053222656
2019-09-03,164.64666748046875
2019-09-04,165.4066619873047
2019-09-05,169.38999938964844
2019-09-06,168.4199981689453
2019-09-09,165.56333923339844
2019-09-10,167.43333435058594
2019-09-11,174.27333068847656
2019-09-12,174.3733367919922
2019-09-13,174.4066619873047
2019-09-16,174.54666137695312
2019-09-17,176.72332763671875
2019-09-18,176.92333984375
2019-09-19,176.48333740234375
2019-09-20,177.05332946777344
2019-09-23,175.98666381835938
2019-09-24,180.48666381835935
2019-09-25,181.6699981689453
2019-09-26,181.0966644287109
2019-09-27,177.91000366210938
2019-09-30,179.97666931152344
2019-10-01,176.1999969482422
2019-10-02,170.6300048828125
2019-10-03,173.02333068847656
2019-10-04,176.39332580566406
2019-10-07,175.53334045410156
2019-10-08,169.6666717529297
2019-10-09,171.3733367919922
2019-10-10,170.41000366210938
2019-10-11,172.67666625976562
2019-10-14,172.9600067138672
2019-10-15,176.07000732421875
2019-10-16,176.74667358398438
2019-10-17,176.46665954589844
2019-10-18,188.75
2019-10-21,187.5666656494141
2019-10-22,178.5833282470703
2019-10-23,179.9499969482422
2019-10-24,182.6499938964844
2019-10-25,183.08999633789065
2019-10-28,186.21665954589844
2019-10-29,185.38999938964844
2019-10-30,185.44000244140625
2019-10-31,184.3166656494141
2019-11-01,186.4566650390625
2019-11-04,186.95333862304688
2019-11-05,187.7899932861328
2019-11-06,184.72000122070312
2019-11-07,183.9633331298828
2019-11-08,182.98333740234372
2019-11-11,181.6000061035156
2019-11-12,183.1199951171875
2019-11-13,183.50999450683597
2019-11-14,184.81333923339844
2019-11-15,189.8466644287109
2019-11-18,189.69667053222656
2019-11-19,192.6000061035156
2019-11-20,190.8433380126953
2019-11-21,190.60667419433597
2019-11-22,189.8300018310547
2019-11-25,193.8333282470703
2019-11-26,195.3333282470703
2019-11-27,197.0833282470703
2019-11-29,197.63333129882807
2019-12-02,195.7933349609375
2019-12-03,193.07666015625
2019-12-04,194.1100006103516
2019-12-05,193.60333251953125
2019-12-06,195.19000244140625
2019-12-09,191.05667114257807
2019-12-10,191.7899932861328
2019-12-11,191.5966644287109
2019-12-12,193.6566619873047
2019-12-13,193.21665954589844
2019-12-16,196.67999267578125
2019-12-17,197.9066619873047
2019-12-18,197.42333984375
2019-12-19,196.23666381835935
2019-12-20,197.10333251953125
2019-12-23,199.13999938964844
2019-12-24,199.60333251953125
2019-12-26,199.3466644287109
2019-12-27,199.2933349609375
2019-12-30,197.10667419433597
2019-12-31,197.0500030517578
2020-01-02,199.086669921875
2020-01-03,197.77999877929688
2020-01-06,198.586669921875
2020-01-07,194.26666259765625
2020-01-08,193.9266662597656
2020-01-09,195.26333618164065
2020-01-10,199.5733337402344
2020-01-13,201.0399932861328
2020-01-14,200.89666748046875
2020-01-15,199.0800018310547
2020-01-16,199.42999267578125
2020-01-17,200.00999450683597
2020-01-21,200.5500030517578
2020-01-22,203.413330078125
2020-01-23,205.0
2020-01-24,196.3999938964844
2020-01-27,189.1666717529297
2020-01-28,189.91000366210935
2020-01-29,190.47000122070312
2020-01-30,190.27999877929688
2020-01-31,186.5933380126953
2020-02-03,188.5399932861328
2020-02-04,191.35667419433597
2020-02-05,192.1866607666016
2020-02-06,193.8500061035156
2020-02-07,193.1433258056641
2020-02-10,194.97666931152344
2020-02-11,195.94000244140625
2020-02-12,197.6133270263672
2020-02-13,200.11666870117188
2020-02-14,201.1199951171875
2020-02-18,201.55667114257807
2020-02-19,204.9600067138672
2020-02-20,206.0966644287109
2020-02-21,204.3600006103516
2020-02-24,193.38999938964844
2020-02-25,186.17333984375
2020-02-26,186.50999450683597
2020-02-27,181.5399932861328
2020-02-28,177.98666381835938
2020-03-02,186.35667419433597
2020-03-03,186.08999633789065
2020-03-04,194.3000030517578
2020-03-05,189.4566650390625
2020-03-06,185.04666137695312
2020-03-09,170.22000122070312
2020-03-10,179.13333129882812
2020-03-11,169.85000610351562
2020-03-12,152.50999450683594
2020-03-13,156.9933319091797
2020-03-16,134.76333618164062
2020-03-17,141.82666015625
2020-03-18,135.56666564941406
2020-03-19,136.06666564941406
2020-03-20,131.39666748046875
2020-03-23,122.58333587646484
2020-03-24,143.96665954589844
2020-03-25,153.43666076660156
2020-03-26,167.1566619873047
2020-03-27,163.47000122070312
2020-03-30,168.07333374023438
2020-03-31,165.07000732421875
2020-04-01,152.75332641601562
2020-04-02,155.9066619873047
2020-04-03,154.1566619873047
2020-04-06,166.74667358398438
2020-04-07,163.3300018310547
2020-04-08,170.1666717529297
2020-04-09,167.92999267578125
2020-04-13,164.8433380126953
2020-04-14,169.31333923339844
2020-04-15,170.3333282470703
2020-04-16,170.14666748046875
2020-04-17,175.44332885742188
2020-04-20,172.77667236328125
2020-04-21,165.5433349609375
2020-04-22,170.7100067138672
2020-04-23,171.07333374023438
2020-04-24,171.64332580566406
2020-04-27,172.36666870117188
2020-04-28,167.81666564941406
2020-04-29,173.24000549316406
2020-04-30,170.2933349609375
2020-05-01,166.2866668701172
2020-05-04,167.3300018310547
2020-05-05,170.95333862304688
2020-05-06,170.61666870117188
2020-05-07,178.64666748046875
2020-05-08,179.2566680908203
2020-05-11,179.6999969482422
2020-05-12,174.2866668701172
2020-05-13,169.64332580566406
2020-05-14,172.42333984375
2020-05-15,173.47000122070312
2020-05-18,179.47000122070312
2020-05-19,177.0
2020-05-20,184.10333251953125
2020-05-21,181.98333740234372
2020-05-22,187.6000061035156
2020-05-26,187.02999877929688
2020-05-27,188.2433319091797
2020-05-28,190.79666137695312
2020-05-29,193.3433380126953
2020-06-01,191.52999877929688
2020-06-02,193.2700042724609
2020-06-03,191.48666381835935
2020-06-04,188.0833282470703
2020-06-05,197.586669921875
2020-06-08,197.5666656494141
2020-06-09,194.83999633789065
2020-06-10,195.1266632080078
2020-06-11,182.6100006103516
2020-06-12,186.1366729736328
2020-06-15,190.4266662597656
2020-06-16,191.69000244140625
2020-06-17,192.8300018310547
2020-06-18,195.17999267578125
2020-06-19,195.8433380126953
2020-06-22,196.32000732421875
2020-06-23,196.17333984375
2020-06-24,184.98666381835935
2020-06-25,185.0366668701172
2020-06-26,183.2833404541016
2020-06-29,184.58999633789065
2020-06-30,189.94332885742188
2020-07-01,191.8466644287109
2020-07-02,193.4933319091797
2020-07-06,194.8800048828125
2020-07-07,191.77999877929688
2020-07-08,193.65333557128903
2020-07-09,191.4900054931641
2020-07-10,191.9566650390625
2020-07-13,190.42999267578125
2020-07-14,195.1133270263672
2020-07-15,202.6000061035156
2020-07-16,201.4166717529297
2020-07-17,216.913330078125
2020-07-20,222.51333618164065
2020-07-21,219.38333129882807
2020-07-22,227.1133270263672
2020-07-23,228.8500061035156
2020-07-24,225.1100006103516
2020-07-27,228.4499969482422
2020-07-28,226.56333923339844
2020-07-29,231.92999267578125
2020-07-30,229.1300048828125
2020-07-31,228.47999572753903
2020-08-03,229.64666748046875
2020-08-04,227.8333282470703
2020-08-05,230.9633331298828
2020-08-06,230.4166717529297
2020-08-07,228.61666870117188
2020-08-10,227.6666717529297
2020-08-11,225.0
2020-08-12,227.69667053222656
2020-08-13,230.1866607666016
2020-08-14,228.17333984375
2020-08-17,231.3333282470703
2020-08-18,230.79666137695312
2020-08-19,230.47000122070312
2020-08-20,231.01666259765625
2020-08-21,231.2933349609375
2020-08-24,231.913330078125
2020-08-25,233.1666717529297
2020-08-26,233.3300018310547
2020-08-27,236.4633331298828
2020-08-28,242.336669921875
2020-08-31,243.6133270263672
2020-09-01,247.19000244140625
2020-09-02,255.0366668701172
2020-09-03,247.20333862304688
2020-09-04,245.0933380126953
2020-09-08,231.38999938964844
2020-09-09,239.82666015625
2020-09-10,235.1999969482422
2020-09-11,234.17999267578125
2020-09-14,238.77999877929688
2020-09-15,238.52333068847656
2020-09-16,230.4633331298828
2020-09-17,226.9566650390625
2020-09-18,218.52333068847656
2020-09-21,213.98333740234372
2020-09-22,222.0066680908203
2020-09-23,219.1366729736328
2020-09-24,219.1766662597656
2020-09-25,224.57666015625
2020-09-28,231.05332946777344
2020-09-29,230.97666931152344
2020-09-30,236.51333618164065
2020-10-01,236.83999633789065
2020-10-02,232.0933380126953
2020-10-05,235.8999938964844
2020-10-06,233.0066680908203
2020-10-07,240.0933380126953
2020-10-08,241.0066680908203
2020-10-09,246.06333923339844
2020-10-12,251.88999938964844
2020-10-13,251.7833404541016
2020-10-14,250.3600006103516
2020-10-15,247.0
2020-10-16,250.8933258056641
2020-10-19,245.3733367919922
2020-10-20,244.3333282470703
2020-10-21,242.82666015625
2020-10-22,244.31333923339844
2020-10-23,245.16000366210935
2020-10-26,237.2566680908203
2020-10-27,240.3000030517578
2020-10-28,229.26666259765625
2020-10-29,228.75999450683597
2020-10-30,222.3600006103516
2020-11-02,225.32666015625
2020-11-03,227.3333282470703
2020-11-04,236.5500030517578
2020-11-05,242.75999450683597
2020-11-06,244.6233367919922
2020-11-09,257.8166809082031
2020-11-10,249.8333282470703
2020-11-11,245.8500061035156
2020-11-12,246.92333984375
2020-11-13,251.1266632080078
2020-11-16,252.72999572753903
2020-11-17,249.71665954589844
2020-11-18,244.4600067138672
2020-11-19,244.6499938964844
2020-11-20,243.5800018310547
2020-11-23,239.68333435058597
2020-11-24,241.6133270263672
2020-11-25,242.1233367919922
2020-11-27,243.27333068847656
2020-11-30,242.01666259765625
2020-12-01,244.5500030517578
2020-12-02,250.4266662597656
2020-12-03,252.9066619873047
2020-12-04,260.11334228515625
2020-12-07,254.79666137695312
2020-12-08,255.11666870117188
2020-12-09,251.1699981689453
2020-12-10,252.69000244140625
2020-12-11,253.3333282470703
2020-12-14,254.92999267578125
2020-12-15,256.163330078125
2020-12-16,255.35333251953125
2020-12-17,259.9266662597656
2020-12-18,263.0299987792969
2020-12-21,263.0899963378906
2020-12-22,271.75
2020-12-23,269.8833312988281
2020-12-24,269.0
2020-12-28,268.3866577148437
2020-12-29,271.3566589355469
2020-12-30,271.76666259765625
2020-12-31,272.70001220703125
2021-01-04,266.6666564941406
2021-01-05,268.3500061035156
2021-01-06,264.2633361816406
2021-01-07,269.4033203125
2021-01-08,272.9166564941406
2021-01-11,271.2166748046875
2021-01-12,262.8099975585937
2021-01-13,270.4833374023437
2021-01-14,265.7133178710937
2021-01-15,259.47332763671875
2021-01-19,259.4700012207031
2021-01-20,266.19000244140625
2021-01-21,266.22332763671875
2021-01-22,248.02667236328125
2021-01-25,250.6699981689453
2021-01-26,256.54998779296875
2021-01-27,252.91000366210935
2021-01-28,255.1199951171875
2021-01-29,249.2133331298828
2021-02-01,248.70333862304688
2021-02-02,252.6133270263672
2021-02-03,248.46665954589844
2021-02-04,252.3500061035156
2021-02-05,254.0833282470703
2021-02-08,256.663330078125
2021-02-09,259.7833251953125
2021-02-10,262.6966552734375
2021-02-11,266.27667236328125
2021-02-12,269.2699890136719
2021-02-16,263.9833374023437
2021-02-17,260.0199890136719
2021-02-18,255.8433380126953
2021-02-19,250.0500030517578
2021-02-22,247.13333129882807
2021-02-23,248.23666381835935
2021-02-24,252.90333557128903
2021-02-25,247.26333618164065
2021-02-26,245.6000061035156
2021-03-01,253.07000732421875
2021-03-02,250.0
2021-03-03,242.38333129882807
2021-03-04,236.38999938964844
2021-03-05,237.7899932861328
2021-03-08,228.3000030517578
2021-03-09,234.26666259765625
2021-03-10,239.9366607666016
2021-03-11,244.0
2021-03-12,244.663330078125
2021-03-15,245.0200042724609
2021-03-16,242.2100067138672
2021-03-17,241.54666137695312
2021-03-18,233.10667419433597
2021-03-19,235.8300018310547
2021-03-22,238.2433319091797
2021-03-23,236.94000244140625
2021-03-24,237.02333068847656
2021-03-25,234.8333282470703
2021-03-26,243.5833282470703
2021-03-29,241.3166656494141
2021-03-30,242.163330078125
2021-03-31,246.31333923339844
2021-04-01,249.1999969482422
2021-04-05,255.30999755859372
2021-04-06,255.61666870117188
2021-04-07,253.67333984375
2021-04-08,256.7833251953125
2021-04-09,261.49334716796875
2021-04-12,259.7533264160156
2021-04-13,264.8233337402344
2021-04-14,261.9433288574219
2021-04-15,268.239990234375
2021-04-16,270.8566589355469
2021-04-19,270.39666748046875
2021-04-20,270.3699951171875
2021-04-21,297.1266784667969
2021-04-22,286.5533447265625
2021-04-23,291.84332275390625
2021-04-26,288.64666748046875
2021-04-27,287.1266784667969
2021-04-28,289.5966796875
2021-04-29,287.739990234375
2021-04-30,288.3333435058594
2021-05-03,289.1833190917969
2021-05-04,282.9966735839844
2021-05-05,279.4666748046875
2021-05-06,280.82000732421875
2021-05-07,285.6966552734375
2021-05-10,278.2633361816406
2021-05-11,278.9166564941406
2021-05-12,270.5966796875
2021-05-13,273.5299987792969
2021-05-14,277.7933349609375
2021-05-17,272.336669921875
2021-05-18,271.5400085449219
2021-05-19,272.32000732421875
2021-05-20,277.5533447265625
2021-05-21,274.9966735839844
2021-05-24,278.3066711425781
2021-05-25,282.0033264160156
2021-05-26,279.7933349609375
2021-05-27,278.1199951171875
2021-05-28,280.7266540527344
2021-06-01,278.67999267578125
2021-06-02,273.8466796875
2021-06-03,272.2166748046875
2021-06-04,277.1499938964844
2021-06-07,277.0400085449219
2021-06-08,277.8900146484375
2021-06-09,280.0799865722656
2021-06-10,286.3800048828125
2021-06-11,288.0899963378906
2021-06-14,290.92999267578125
2021-06-15,290.78668212890625
2021-06-16,290.47332763671875
2021-06-17,295.0033264160156
2021-06-18,292.9533386230469
2021-06-21,298.0
2021-06-22,300.6533203125
2021-06-23,301.8066711425781
2021-06-24,301.5233459472656
2021-06-25,302.7833251953125
2021-06-28,304.1366577148437
2021-06-29,306.9066772460937
2021-06-30,306.5466613769531
2021-07-01,309.1533203125
2021-07-02,312.7200012207031
2021-07-06,316.0133361816406
2021-07-07,318.2300109863281
2021-07-08,317.2900085449219
2021-07-09,316.9266662597656
2021-07-12,319.6833190917969
2021-07-13,318.75
2021-07-14,318.3599853515625
2021-07-15,317.8866577148437
2021-07-16,316.7033386230469
2021-07-19,310.7300109863281
2021-07-20,318.3500061035156
2021-07-21,314.9800109863281
2021-07-22,324.6300048828125
2021-07-23,325.4866638183594
2021-07-26,322.0333251953125
2021-07-27,325.02667236328125
2021-07-28,324.1666564941406
2021-07-29,327.163330078125
2021-07-30,330.4866638183594
2021-08-02,330.8500061035156
2021-08-03,333.2033386230469
2021-08-04,330.2933349609375
2021-08-05,339.70001220703125
2021-08-06,343.3399963378906
2021-08-09,344.0
2021-08-10,331.8733215332031
2021-08-11,331.8833312988281
2021-08-12,333.3333435058594
2021-08-13,334.3466796875
2021-08-16,339.413330078125
2021-08-17,345.0
2021-08-18,346.4599914550781
2021-08-19,351.8800048828125
2021-08-20,347.94000244140625
2021-08-23,348.67333984375
2021-08-24,348.89666748046875
2021-08-25,347.9866638183594
2021-08-26,347.4166564941406
2021-08-27,345.50665283203125
2021-08-30,352.9700012207031
2021-08-31,351.1866760253906
2021-09-01,354.2366638183594
2021-09-02,357.1766662597656
2021-09-03,357.25665283203125
2021-09-07,359.3866577148437
2021-09-08,360.8533325195313
2021-09-09,356.6700134277344
2021-09-10,341.1566772460937
2021-09-13,342.6066589355469
2021-09-14,346.336669921875
2021-09-15,348.50665283203125
2021-09-16,344.6700134277344
2021-09-17,345.75665283203125
2021-09-20,337.9966735839844
2021-09-21,338.0133361816406
2021-09-22,342.8233337402344
2021-09-23,348.2799987792969
2021-09-24,347.77667236328125
2021-09-27,337.9166564941406
2021-09-28,330.8299865722656
2021-09-29,330.7833251953125
2021-09-30,331.3833312988281
2021-10-01,336.5
2021-10-04,323.5
2021-10-05,330.07000732421875
2021-10-06,334.94000244140625
2021-10-07,338.3399963378906
2021-10-08,328.5400085449219
2021-10-11,324.17999267578125
2021-10-12,324.45001220703125
2021-10-13,326.0
2021-10-14,330.95001220703125
2021-10-15,331.5
2021-10-18,332.29998779296875
2021-10-19,336.29998779296875
2021-10-20,339.79998779296875
2021-10-21,339.6300048828125
2021-10-22,341.5199890136719
2021-10-25,343.5899963378906
2021-10-26,348.70001220703125
2021-10-27,348.9800109863281
2021-10-28,355.6099853515625
2021-10-29,361.1300048828125
2021-11-01,355.0299987792969
2021-11-02,360.3699951171875
2021-11-03,361.489990234375
2021-11-04,363.3200073242188
2021-11-05,364.9500122070313
2021-11-08,365.4200134277344
2021-11-09,364.1499938964844
2021-11-10,359.489990234375
2021-11-11,350.7900085449219
2021-11-12,354.92999267578125
2021-11-15,353.5599975585937
2021-11-16,361.1199951171875
2021-11-17,361.4200134277344
2021-11-18,359.20001220703125
2021-11-19,348.6499938964844
2021-11-22,340.7200012207031
2021-11-23,335.8999938964844
2021-11-24,339.4200134277344
2021-11-26,329.2300109863281
2021-11-29,334.739990234375
2021-11-30,324.3399963378906
2021-12-01,319.92999267578125
2021-12-02,327.32000732421875
2021-12-03,321.6300048828125
2021-12-06,323.7699890136719
2021-12-07,340.489990234375
2021-12-08,340.79998779296875
2021-12-09,340.3399963378906
2021-12-10,344.9599914550781
2021-12-13,340.3599853515625
2021-12-14,328.239990234375
2021-12-15,331.6600036621094
2021-12-16,334.5299987792969
2021-12-17,337.3999938964844
2021-12-20,332.1099853515625
2021-12-21,348.0899963378906
2021-12-22,362.2099914550781
2021-12-23,363.9400024414063
2021-12-27,364.5799865722656
2021-12-28,364.5400085449219
2021-12-29,365.2699890136719
2021-12-30,363.2999877929688
2021-12-31,359.29998779296875
2022-01-03,360.0
2022-01-04,354.6300048828125
2022-01-05,341.95001220703125
2022-01-06,334.17999267578125
2022-01-07,324.2900085449219
2022-01-10,325.5299987792969
2022-01-11,328.0199890136719
2022-01-12,323.1600036621094
2022-01-13,313.2099914550781
2022-01-14,307.739990234375
2022-01-18,295.489990234375
2022-01-19,293.4599914550781
2022-01-20,292.7300109863281
2022-01-21,269.5299987792969
2022-01-24,271.9800109863281
2022-01-25,264.1400146484375
2022-01-26,264.4599914550781
2022-01-27,262.7699890136719
2022-01-28,271.7900085449219
2022-01-31,284.17999267578125
2022-02-01,286.510009765625
2022-02-02,292.94000244140625
2022-02-03,285.6000061035156
2022-02-04,285.7300109863281
2022-02-07,284.8900146484375
2022-02-08,283.3900146484375
2022-02-09,292.17999267578125
2022-02-10,292.489990234375
2022-02-11,283.1600036621094
2022-02-14,281.1400146484375
2022-02-15,289.3099975585937
2022-02-16,291.1400146484375
2022-02-17,284.0799865722656
2022-02-18,280.7799987792969
2022-02-22,284.0
2022-02-23,276.5
2022-02-24,288.3800048828125
2022-02-25,293.510009765625
2022-02-28,290.3299865722656
2022-03-01,291.54998779296875
2022-03-02,299.010009765625
2022-03-03,299.82000732421875
2022-03-04,302.2799987792969
2022-03-07,292.69000244140625
2022-03-08,269.32000732421875
2022-03-09,278.82000732421875
2022-03-10,275.7200012207031
2022-03-11,273.69000244140625
2022-03-14,263.79998779296875
2022-03-15,270.0
2022-03-16,277.8500061035156
2022-03-17,282.95001220703125
2022-03-18,290.1099853515625
2022-03-21,283.2799987792969
2022-03-22,286.44000244140625
2022-03-23,275.20001220703125
2022-03-24,281.0799865722656
2022-03-25,286.8699951171875
2022-03-28,294.95001220703125
2022-03-29,302.0
2022-03-30,304.44000244140625
2022-03-31,301.67999267578125
2022-04-01,305.5400085449219
2022-04-04,302.25
2022-04-05,295.9200134277344
2022-04-06,288.6700134277344
2022-04-07,291.82000732421875
2022-04-08,289.8599853515625
2022-04-11,278.9599914550781
2022-04-12,277.8500061035156
2022-04-13,285.2200012207031
2022-04-14,279.70001220703125
2022-04-18,276.3500061035156
2022-04-19,294.8599853515625
2022-04-20,302.8999938964844
2022-04-21,294.57000732421875
2022-04-22,252.33999633789065
2022-04-25,255.1199951171875
2022-04-26,244.5200042724609
2022-04-27,235.3500061035156
2022-04-28,243.25999450683597
2022-04-29,239.3000030517578
2022-05-02,240.66000366210935
2022-05-03,238.1100006103516
2022-05-04,246.30999755859372
2022-05-05,233.97999572753903
2022-05-06,224.8500061035156
2022-05-09,208.7100067138672
2022-05-10,211.38999938964844
2022-05-11,210.8699951171875
2022-05-12,211.69000244140625
2022-05-13,223.69000244140625
2022-05-16,219.52999877929688
2022-05-17,225.17999267578125
2022-05-18,215.3500061035156
2022-05-19,218.13999938964844
2022-05-20,219.07000732421875
2022-05-23,221.6100006103516
2022-05-24,218.38999938964844
2022-05-25,222.5800018310547
2022-05-26,223.3000030517578
2022-05-27,229.16000366210935
2022-05-31,227.63999938964844
2022-06-01,216.38999938964844
2022-06-02,227.2100067138672
2022-06-03,217.7899932861328
2022-06-06,216.42999267578125
2022-06-07,221.9499969482422
2022-06-08,218.6000061035156
2022-06-09,209.9499969482422
2022-06-10,205.2700042724609
2022-06-13,194.97000122070312
2022-06-14,191.1000061035156
2022-06-15,196.1300048828125
2022-06-16,190.7100067138672
2022-06-17,192.0800018310547
2022-06-21,194.32000732421875
2022-06-22,200.6199951171875
2022-06-23,204.5
2022-06-24,209.6699981689453
2022-06-27,207.94000244140625
2022-06-28,201.9900054931641
2022-06-29,202.58999633789065
2022-06-30,200.7100067138672
2022-07-01,206.1000061035156
2022-07-05,206.75
2022-07-06,205.3500061035156
2022-07-07,208.7100067138672
2022-07-08,208.80999755859372
2022-07-11,205.72000122070312
2022-07-12,202.1300048828125
2022-07-13,202.05999755859372
2022-07-14,204.30999755859372
2022-07-15,210.9199981689453
2022-07-18,206.25999450683597
2022-07-19,214.44000244140625
2022-07-20,219.22000122070312
2022-07-21,224.75
2022-07-22,211.8500061035156
2022-07-25,219.1699981689453
2022-07-26,216.7899932861328
2022-07-27,225.33999633789065
2022-07-28,230.5399932861328
2022-07-29,230.1699981689453
2022-08-01,228.5399932861328
2022-08-02,238.47999572753903
2022-08-03,242.17999267578125
2022-08-04,242.4600067138672
2022-08-05,240.32000732421875
2022-08-08,239.1300048828125
2022-08-09,232.8800048828125
2022-08-10,237.8500061035156
2022-08-11,236.0200042724609
2022-08-12,238.3699951171875
2022-08-15,238.25999450683597
2022-08-16,233.7100067138672
2022-08-17,229.7100067138672
2022-08-18,229.58999633789065
2022-08-19,224.77999877929688
2022-08-22,218.5399932861328
2022-08-23,216.80999755859372
2022-08-24,220.47000122070312
2022-08-25,225.0200042724609
2022-08-26,211.08999633789065
2022-08-29,208.8999938964844
2022-08-30,206.5
2022-08-31,205.7400054931641
2022-09-01,206.1100006103516
2022-09-02,203.6699981689453
2022-09-06,202.3000030517578
2022-09-07,210.8699951171875
2022-09-08,214.77999877929688
2022-09-09,221.32000732421875
2022-09-12,222.0200042724609
2022-09-13,211.3999938964844
2022-09-14,210.77999877929688
2022-09-15,209.6199951171875
2022-09-16,206.27999877929688
2022-09-19,202.2100067138672
2022-09-20,199.5500030517578
2022-09-21,195.0399932861328
2022-09-22,191.0800018310547
2022-09-23,190.5200042724609
2022-09-26,187.92999267578125
2022-09-27,186.3800048828125
2022-09-28,192.3999938964844
2022-09-29,189.05999755859372
2022-09-30,187.44000244140625
2022-10-03,193.3600006103516
2022-10-04,201.5399932861328
2022-10-05,201.3800048828125
2022-10-06,197.6999969482422
2022-10-07,188.67999267578125
2022-10-10,186.5500030517578
2022-10-11,185.8999938964844
2022-10-12,186.33999633789065
2022-10-13,190.3800048828125
2022-10-14,183.05999755859372
2022-10-17,190.1199951171875
2022-10-18,193.72999572753903
2022-10-19,211.13999938964844
2022-10-20,212.0
2022-10-21,218.4900054931641
2022-10-24,220.2700042724609
2022-10-25,237.8699951171875
2022-10-26,241.66000366210935
2022-10-27,241.69000244140625
2022-10-28,244.16000366210935
2022-10-31,246.47000122070312
2022-11-01,246.8600006103516
2022-11-02,236.1300048828125
2022-11-03,234.19000244140625
2022-11-04,239.52999877929688
2022-11-07,242.3300018310547
2022-11-08,240.6999969482422
2022-11-09,236.1300048828125
2022-11-10,257.8599853515625
2022-11-11,265.0799865722656
2022-11-14,259.44000244140625
2022-11-15,264.17999267578125
2022-11-16,263.0400085449219
2022-11-17,260.7699890136719
2022-11-18,262.1099853515625
2022-11-21,260.3500061035156
2022-11-22,262.8999938964844
2022-11-23,264.45001220703125
2022-11-25,265.1300048828125
2022-11-28,262.6400146484375
2022-11-29,258.79998779296875
2022-11-30,270.3900146484375
2022-12-01,274.489990234375
2022-12-02,272.25
2022-12-05,269.7200012207031
2022-12-06,266.3099975585937
2022-12-07,267.9599914550781
2022-12-08,272.0199890136719
2022-12-09,270.6000061035156
2022-12-12,273.8399963378906
2022-12-13,281.739990234375
2022-12-14,280.6499938964844
2022-12-15,267.29998779296875
2022-12-16,264.67999267578125
2022-12-19,261.010009765625
2022-12-20,261.79998779296875
2022-12-21,266.1600036621094
2022-12-22,263.6099853515625
2022-12-23,262.6600036621094
2022-12-27,263.9700012207031
2022-12-28,261.6499938964844
2022-12-29,267.7900085449219
2022-12-30,265.3500061035156
2023-01-03,265.6300048828125
2023-01-04,270.0
2023-01-05,268.6199951171875
2023-01-06,270.3900146484375
2023-01-09,264.92999267578125
2023-01-10,271.3599853515625
2023-01-11,259.9599914550781
2023-01-12,256.94000244140625
2023-01-13,258.8999938964844
2023-01-17,261.7300109863281
2023-01-18,256.3500061035156
2023-01-19,252.5
2023-01-20,256.7699890136719
2023-01-23,255.97999572753903
2023-01-24,257.9800109863281
2023-01-25,243.8000030517578
2023-01-26,250.5500030517578
2023-01-27,247.25999450683597
2023-01-30,242.22999572753903
2023-01-31,245.69000244140625
2023-02-01,251.19000244140625
2023-02-02,260.8999938964844
2023-02-03,254.67999267578125
2023-02-06,248.97999572753903
2023-02-07,253.05999755859372
2023-02-08,248.8500061035156
2023-02-09,244.17999267578125
2023-02-10,245.2700042724609
2023-02-13,245.1300048828125
2023-02-14,241.08999633789065
2023-02-15,244.7700042724609
2023-02-16,240.16000366210935
2023-02-17,238.91000366210935
2023-02-21,233.5800018310547
2023-02-22,233.5500030517578
2023-02-23,234.8999938964844
2023-02-24,231.0500030517578
2023-02-27,231.7400054931641
2023-02-28,229.38999938964844
2023-03-01,227.3300018310547
2023-03-02,228.8999938964844
2023-03-03,234.8699951171875
2023-03-06,234.8500061035156
2023-03-07,230.7100067138672
2023-03-08,231.08999633789065
2023-03-09,228.57000732421875
2023-03-10,224.75
2023-03-13,227.77999877929688
2023-03-14,235.27999877929688
2023-03-15,234.17999267578125
2023-03-16,240.5
2023-03-17,237.8000030517578
2023-03-20,240.5
2023-03-21,246.67999267578125
2023-03-22,240.80999755859372
2023-03-23,244.47000122070312
2023-03-24,256.4200134277344
2023-03-27,252.57000732421875
2023-03-28,249.4900054931641
2023-03-29,250.75999450683597
2023-03-30,251.3000030517578
2023-03-31,255.47000122070312
2023-04-03,253.52999877929688
2023-04-04,254.7100067138672
2023-04-05,257.989990234375
2023-04-06,256.8999938964844
2023-04-10,258.94000244140625
2023-04-11,262.7699890136719
2023-04-12,261.7699890136719
2023-04-13,266.5599975585937
2023-04-14,267.0199890136719
2023-04-17,268.8900146484375
2023-04-18,269.2799987792969
2023-04-19,298.57000732421875
2023-04-20,297.4100036621094
2023-04-21,300.2200012207031
2023-04-24,300.4599914550781
2023-04-25,294.9700012207031
2023-04-26,294.9599914550781
2023-04-27,295.9200134277344
2023-04-28,301.2200012207031
2023-05-01,303.0199890136719
2023-05-02,301.2200012207031
2023-05-03,305.0599975585937
2023-05-04,303.2099914550781
2023-05-05,304.8800048828125
2023-05-08,303.0899963378906
2023-05-09,301.54998779296875
2023-05-10,302.5899963378906
2023-05-11,303.4700012207031
2023-05-12,305.2699890136719
2023-05-15,308.04998779296875
2023-05-16,306.6099853515625
2023-05-17,308.2200012207031
2023-05-18,312.2300109863281
2023-05-19,313.6099853515625
2023-05-22,313.6199951171875
2023-05-23,301.44000244140625
2023-05-24,302.4800109863281
2023-05-25,303.7699890136719
2023-05-26,306.8999938964844
2023-05-30,307.07000732421875
2023-05-31,308.1600036621094
