Date,MNST
2013-01-02,9.03833293914795
2013-01-03,8.701666831970215
2013-01-04,8.648332595825195
2013-01-07,8.34333324432373
2013-01-08,8.454999923706055
2013-01-09,8.388333320617676
2013-01-10,8.126667022705078
2013-01-11,8.486666679382324
2013-01-14,8.46166706085205
2013-01-15,8.508333206176758
2013-01-16,8.425000190734863
2013-01-17,8.30666732788086
2013-01-18,7.96999979019165
2013-01-22,8.09000015258789
2013-01-23,8.010000228881836
2013-01-24,7.87833309173584
2013-01-25,7.784999847412109
2013-01-28,7.908332824707031
2013-01-29,7.873332977294922
2013-01-30,8.029999732971191
2013-01-31,7.983333110809326
2013-02-01,7.941667079925537
2013-02-04,7.933332920074463
2013-02-05,8.055000305175781
2013-02-06,8.241666793823242
2013-02-07,8.024999618530273
2013-02-08,7.806666851043701
2013-02-11,7.908332824707031
2013-02-12,7.793333053588867
2013-02-13,7.948332786560059
2013-02-14,7.948332786560059
2013-02-15,8.513333320617676
2013-02-19,8.279999732971191
2013-02-20,8.444999694824219
2013-02-21,8.293333053588867
2013-02-22,8.448332786560059
2013-02-25,8.273332595825195
2013-02-26,8.158332824707031
2013-02-27,8.270000457763672
2013-02-28,8.40999984741211
2013-03-01,8.44333267211914
2013-03-04,8.301667213439941
2013-03-05,8.175000190734863
2013-03-06,8.113332748413086
2013-03-07,7.9583330154418945
2013-03-08,7.889999866485596
2013-03-11,7.84833288192749
2013-03-12,7.698332786560059
2013-03-13,7.84833288192749
2013-03-14,7.855000019073486
2013-03-15,8.063332557678223
2013-03-18,8.020000457763672
2013-03-19,8.286666870117188
2013-03-20,8.5
2013-03-21,8.391667366027832
2013-03-22,8.083333015441895
2013-03-25,8.063332557678223
2013-03-26,8.138333320617676
2013-03-27,8.001667022705078
2013-03-28,7.956666946411133
2013-04-01,7.943333148956299
2013-04-02,8.101667404174805
2013-04-03,8.046667098999023
2013-04-04,8.380000114440918
2013-04-05,8.279999732971191
2013-04-08,8.668333053588867
2013-04-09,8.778332710266113
2013-04-10,9.131667137145996
2013-04-11,9.3100004196167
2013-04-12,9.458333015441896
2013-04-15,9.220000267028809
2013-04-16,9.414999961853027
2013-04-17,9.279999732971191
2013-04-18,9.203332901000977
2013-04-19,9.28499984741211
2013-04-22,9.265000343322754
2013-04-23,9.44833278656006
2013-04-24,9.581666946411133
2013-04-25,9.476667404174805
2013-04-26,9.44166660308838
2013-04-29,9.416666984558104
2013-04-30,9.399999618530272
2013-05-01,9.31999969482422
2013-05-02,9.25
2013-05-03,9.57333278656006
2013-05-06,9.363332748413086
2013-05-07,9.524999618530272
2013-05-08,9.494999885559082
2013-05-09,9.001667022705078
2013-05-10,9.03833293914795
2013-05-13,8.971667289733887
2013-05-14,9.403332710266112
2013-05-15,9.633333206176758
2013-05-16,9.53499984741211
2013-05-17,9.484999656677246
2013-05-20,9.37833309173584
2013-05-21,9.404999732971191
2013-05-22,9.479999542236328
2013-05-23,9.458333015441896
2013-05-24,9.31833267211914
2013-05-28,9.248332977294922
2013-05-29,9.145000457763672
2013-05-30,9.136667251586914
2013-05-31,9.098333358764648
2013-06-03,8.993332862854004
2013-06-04,9.93333339691162
2013-06-05,9.770000457763672
2013-06-06,9.956666946411133
2013-06-07,10.270000457763672
2013-06-10,10.366666793823242
2013-06-11,10.228333473205566
2013-06-12,10.31666660308838
2013-06-13,10.333333015441896
2013-06-14,9.876667022705078
2013-06-17,9.9350004196167
2013-06-18,9.938332557678224
2013-06-19,9.726667404174805
2013-06-20,9.34000015258789
2013-06-21,9.369999885559082
2013-06-24,9.470000267028809
2013-06-25,9.533332824707031
2013-06-26,9.625
2013-06-27,9.94166660308838
2013-06-28,10.138333320617676
2013-07-01,10.136667251586914
2013-07-02,10.06666660308838
2013-07-03,10.041666984558104
2013-07-05,10.098333358764648
2013-07-08,10.103333473205566
2013-07-09,9.963333129882812
2013-07-10,9.93333339691162
2013-07-11,10.074999809265137
2013-07-12,9.976667404174805
2013-07-15,10.133333206176758
2013-07-16,10.104999542236328
2013-07-17,10.453332901000977
2013-07-18,10.543333053588867
2013-07-19,10.5649995803833
2013-07-22,10.771666526794434
2013-07-23,10.774999618530272
2013-07-24,10.53833293914795
2013-07-25,10.550000190734863
2013-07-26,10.479999542236328
2013-07-29,10.101667404174805
2013-07-30,10.045000076293944
2013-07-31,10.164999961853027
2013-08-01,10.420000076293944
2013-08-02,10.561667442321776
2013-08-05,10.57333278656006
2013-08-06,10.49666690826416
2013-08-07,10.40999984741211
2013-08-08,10.578332901000977
2013-08-09,10.616666793823242
2013-08-12,10.460000038146973
2013-08-13,10.300000190734863
2013-08-14,10.095000267028809
2013-08-15,9.763333320617676
2013-08-16,9.706666946411133
2013-08-19,9.851667404174805
2013-08-20,9.873332977294922
2013-08-21,9.831666946411133
2013-08-22,10.015000343322754
2013-08-23,9.93333339691162
2013-08-26,9.831666946411133
2013-08-27,9.66333293914795
2013-08-28,9.609999656677246
2013-08-29,9.49666690826416
2013-08-30,9.5649995803833
2013-09-03,9.00333309173584
2013-09-04,9.341667175292969
2013-09-05,9.356666564941406
2013-09-06,9.208333015441896
2013-09-09,9.369999885559082
2013-09-10,9.338333129882812
2013-09-11,9.25333309173584
2013-09-12,9.18333339691162
2013-09-13,9.175000190734863
2013-09-16,9.291666984558104
2013-09-17,9.505000114440918
2013-09-18,9.671667098999023
2013-09-19,9.361666679382324
2013-09-20,9.31666660308838
2013-09-23,9.143333435058594
2013-09-24,9.123332977294922
2013-09-25,9.05666732788086
2013-09-26,8.928333282470703
2013-09-27,8.845000267028809
2013-09-30,8.708333015441895
2013-10-01,8.766667366027832
2013-10-02,8.703332901000977
2013-10-03,8.625
2013-10-04,8.645000457763672
2013-10-07,8.608332633972168
2013-10-08,8.93166732788086
2013-10-09,8.876667022705078
2013-10-10,8.975000381469727
2013-10-11,8.958333015441895
2013-10-14,9.188332557678224
2013-10-15,9.260000228881836
2013-10-16,9.411666870117188
2013-10-17,9.574999809265137
2013-10-18,9.619999885559082
2013-10-21,9.571666717529297
2013-10-22,9.596667289733888
2013-10-23,9.456666946411133
2013-10-24,9.5600004196167
2013-10-25,9.69166660308838
2013-10-28,9.75
2013-10-29,9.755000114440918
2013-10-30,9.666666984558104
2013-10-31,9.53833293914795
2013-11-01,9.44833278656006
2013-11-04,9.449999809265137
2013-11-05,9.58666706085205
2013-11-06,9.638333320617676
2013-11-07,9.518333435058594
2013-11-08,9.19333267211914
2013-11-11,9.300000190734863
2013-11-12,9.331666946411133
2013-11-13,9.515000343322754
2013-11-14,9.619999885559082
2013-11-15,9.576666831970217
2013-11-18,9.505000114440918
2013-11-19,9.510000228881836
2013-11-20,9.475000381469728
2013-11-21,9.523332595825195
2013-11-22,9.553333282470703
2013-11-25,9.536666870117188
2013-11-26,9.800000190734863
2013-11-27,9.975000381469728
2013-11-29,9.863332748413086
2013-12-02,9.918333053588867
2013-12-03,10.21166706085205
2013-12-04,10.414999961853027
2013-12-05,10.381667137145996
2013-12-06,10.508333206176758
2013-12-09,10.518333435058594
2013-12-10,10.545000076293944
2013-12-11,10.44833278656006
2013-12-12,10.265000343322754
2013-12-13,10.243332862854004
2013-12-16,10.600000381469728
2013-12-17,10.5649995803833
2013-12-18,10.859999656677246
2013-12-19,11.039999961853027
2013-12-20,11.039999961853027
2013-12-23,11.1850004196167
2013-12-24,11.226667404174805
2013-12-26,11.243332862854004
2013-12-27,11.236666679382324
2013-12-30,11.300000190734863
2013-12-31,11.295000076293944
2014-01-02,11.130000114440918
2014-01-03,11.25333309173584
2014-01-06,11.076666831970217
2014-01-07,11.289999961853027
2014-01-08,11.398332595825195
2014-01-09,11.258333206176758
2014-01-10,11.636667251586914
2014-01-13,11.619999885559082
2014-01-14,11.536666870117188
2014-01-15,11.515000343322754
2014-01-16,11.59000015258789
2014-01-17,11.520000457763672
2014-01-21,11.630000114440918
2014-01-22,11.651666641235352
2014-01-23,11.506667137145996
2014-01-24,11.258333206176758
2014-01-27,11.286666870117188
2014-01-28,11.491666793823242
2014-01-29,11.295000076293944
2014-01-30,11.44499969482422
2014-01-31,11.31666660308838
2014-02-03,11.15666675567627
2014-02-04,11.231666564941406
2014-02-05,11.108332633972168
2014-02-06,11.33666706085205
2014-02-07,11.411666870117188
2014-02-10,11.78166675567627
2014-02-11,12.16333293914795
2014-02-12,11.966667175292969
2014-02-13,11.888333320617676
2014-02-14,11.93166732788086
2014-02-18,12.001667022705078
2014-02-19,12.19166660308838
2014-02-20,12.449999809265137
2014-02-21,12.46500015258789
2014-02-24,12.420000076293944
2014-02-25,11.898332595825195
2014-02-26,11.833333015441896
2014-02-27,11.859999656677246
2014-02-28,12.333333015441896
2014-03-03,12.098333358764648
2014-03-04,12.411666870117188
2014-03-05,12.239999771118164
2014-03-06,12.140000343322754
2014-03-07,12.231666564941406
2014-03-10,12.220000267028809
2014-03-11,12.283332824707031
2014-03-12,12.213333129882812
2014-03-13,11.69166660308838
2014-03-14,11.67666721343994
2014-03-17,11.81833267211914
2014-03-18,11.831666946411133
2014-03-19,11.603333473205566
2014-03-20,11.608332633972168
2014-03-21,11.471667289733888
2014-03-24,11.3149995803833
2014-03-25,11.366666793823242
2014-03-26,11.363332748413086
2014-03-27,11.42666721343994
2014-03-28,11.581666946411133
2014-03-31,11.574999809265137
2014-04-01,11.841667175292969
2014-04-02,11.608332633972168
2014-04-03,11.335000038146973
2014-04-04,11.109999656677246
2014-04-07,11.138333320617676
2014-04-08,10.975000381469728
2014-04-09,11.481666564941406
2014-04-10,10.673333168029783
2014-04-11,10.545000076293944
2014-04-14,10.664999961853027
2014-04-15,10.645000457763672
2014-04-16,10.903332710266112
2014-04-17,11.258333206176758
2014-04-21,11.204999923706056
2014-04-22,11.293333053588867
2014-04-23,11.18000030517578
2014-04-24,11.125
2014-04-25,10.963333129882812
2014-04-28,11.123332977294922
2014-04-29,11.07333278656006
2014-04-30,11.15999984741211
2014-05-01,11.16333293914795
2014-05-02,11.153332710266112
2014-05-05,11.08666706085205
2014-05-06,11.008333206176758
2014-05-07,10.863332748413086
2014-05-08,11.020000457763672
2014-05-09,11.164999961853027
2014-05-12,11.68333339691162
2014-05-13,11.67666721343994
2014-05-14,11.721667289733888
2014-05-15,11.708333015441896
2014-05-16,11.758333206176758
2014-05-19,11.741666793823242
2014-05-20,11.574999809265137
2014-05-21,11.630000114440918
2014-05-22,11.5600004196167
2014-05-23,11.611666679382324
2014-05-27,11.44333267211914
2014-05-28,11.411666870117188
2014-05-29,11.50333309173584
2014-05-30,11.563332557678224
2014-06-02,11.5
2014-06-03,11.123332977294922
2014-06-04,11.350000381469728
2014-06-05,11.33666706085205
2014-06-06,11.37833309173584
2014-06-09,11.380000114440918
2014-06-10,11.649999618530272
2014-06-11,11.670000076293944
2014-06-12,11.771666526794434
2014-06-13,11.478333473205566
2014-06-16,11.729999542236328
2014-06-17,11.706666946411133
2014-06-18,11.896666526794434
2014-06-19,12.125
2014-06-20,12.114999771118164
2014-06-23,12.208333015441896
2014-06-24,11.869999885559082
2014-06-25,11.741666793823242
2014-06-26,11.645000457763672
2014-06-27,11.541666984558104
2014-06-30,11.838333129882812
2014-07-01,11.6899995803833
2014-07-02,11.641667366027832
2014-07-03,11.69166660308838
2014-07-07,11.661666870117188
2014-07-08,11.55833339691162
2014-07-09,11.49666690826416
2014-07-10,11.8100004196167
2014-07-11,11.833333015441896
2014-07-14,11.71833324432373
2014-07-15,11.511667251586914
2014-07-16,11.175000190734863
2014-07-17,11.046667098999023
2014-07-18,11.30166721343994
2014-07-21,10.789999961853027
2014-07-22,10.908332824707031
2014-07-23,10.903332710266112
2014-07-24,11.111666679382324
2014-07-25,11.168333053588867
2014-07-28,10.833333015441896
2014-07-29,10.848333358764648
2014-07-30,10.8100004196167
2014-07-31,10.65999984741211
2014-08-01,10.868332862854004
2014-08-04,10.925000190734863
2014-08-05,10.851667404174805
2014-08-06,11.006667137145996
2014-08-07,10.850000381469728
2014-08-08,11.574999809265137
2014-08-11,11.6899995803833
2014-08-12,11.783332824707031
2014-08-13,11.858332633972168
2014-08-14,11.94166660308838
2014-08-15,15.581666946411133
2014-08-18,14.739999771118164
2014-08-19,14.84000015258789
2014-08-20,14.748332977294922
2014-08-21,14.583333015441896
2014-08-22,14.395000457763672
2014-08-25,14.399999618530272
2014-08-26,14.501667022705078
2014-08-27,14.425000190734863
2014-08-28,14.69333267211914
2014-08-29,14.734999656677246
2014-09-02,14.96166706085205
2014-09-03,15.05833339691162
2014-09-04,14.80500030517578
2014-09-05,14.869999885559082
2014-09-08,14.984999656677246
2014-09-09,14.94833278656006
2014-09-10,15.268333435058594
2014-09-11,15.15999984741211
2014-09-12,14.981666564941406
2014-09-15,15.0
2014-09-16,15.098333358764648
2014-09-17,15.136667251586914
2014-09-18,15.07333278656006
2014-09-19,14.963333129882812
2014-09-22,15.396666526794434
2014-09-23,15.088333129882812
2014-09-24,15.279999732971191
2014-09-25,14.921667098999023
2014-09-26,15.088333129882812
2014-09-29,15.221667289733888
2014-09-30,15.278332710266112
2014-10-01,15.088333129882812
2014-10-02,15.091667175292969
2014-10-03,15.338333129882812
2014-10-06,15.395000457763672
2014-10-07,15.404999732971191
2014-10-08,16.078332901000977
2014-10-09,15.911666870117188
2014-10-10,15.80666732788086
2014-10-13,15.486666679382324
2014-10-14,15.74666690826416
2014-10-15,15.236666679382324
2014-10-16,15.138333320617676
2014-10-17,15.351667404174805
2014-10-20,15.888333320617676
2014-10-21,16.393333435058594
2014-10-22,16.364999771118164
2014-10-23,16.27166748046875
2014-10-24,16.315000534057617
2014-10-27,16.315000534057617
2014-10-28,16.241666793823242
2014-10-29,16.441667556762695
2014-10-30,16.516666412353516
2014-10-31,16.81333351135254
2014-11-03,16.871667861938477
2014-11-04,16.67333221435547
2014-11-05,16.52833366394043
2014-11-06,16.746667861938477
2014-11-07,18.065000534057617
2014-11-10,17.959999084472656
2014-11-11,17.834999084472656
2014-11-12,17.985000610351562
2014-11-13,18.02666664123535
2014-11-14,17.98666763305664
2014-11-17,18.34499931335449
2014-11-18,18.291667938232425
2014-11-19,18.38333320617676
2014-11-20,18.364999771118164
2014-11-21,18.24166679382324
2014-11-24,18.13166618347168
2014-11-25,18.40833282470703
2014-11-26,18.398332595825195
2014-11-28,18.69166755676269
2014-12-01,18.549999237060547
2014-12-02,18.26333236694336
2014-12-03,17.82666778564453
2014-12-04,17.768333435058594
2014-12-05,17.781667709350586
2014-12-08,17.753332138061523
2014-12-09,17.735000610351562
2014-12-10,17.751667022705078
2014-12-11,18.065000534057617
2014-12-12,17.518333435058594
2014-12-15,17.501667022705078
2014-12-16,17.706666946411133
2014-12-17,18.09333229064941
2014-12-18,18.68833351135254
2014-12-19,18.604999542236328
2014-12-22,18.68833351135254
2014-12-23,18.67333221435547
2014-12-24,18.76000022888184
2014-12-26,18.584999084472656
2014-12-29,18.536666870117188
2014-12-30,18.26333236694336
2014-12-31,18.058332443237305
2015-01-02,18.02666664123535
2015-01-05,18.23833274841309
2015-01-06,18.71333312988281
2015-01-07,19.32666778564453
2015-01-08,19.61833381652832
2015-01-09,19.50666618347168
2015-01-12,18.65999984741211
2015-01-13,18.851667404174805
2015-01-14,19.62333297729492
2015-01-15,19.37666702270508
2015-01-16,19.815000534057617
2015-01-20,19.57333374023437
2015-01-21,19.75666618347168
2015-01-22,19.99833297729492
2015-01-23,19.88500022888184
2015-01-26,19.99166679382324
2015-01-27,19.801666259765625
2015-01-28,19.86833381652832
2015-01-29,20.128332138061523
2015-01-30,19.49166679382324
2015-02-02,19.59166717529297
2015-02-03,19.44499969482422
2015-02-04,19.788333892822266
2015-02-05,19.72833251953125
2015-02-06,19.524999618530277
2015-02-09,19.32333374023437
2015-02-10,19.74833297729492
2015-02-11,19.831666946411133
2015-02-12,19.918333053588867
2015-02-13,19.62333297729492
2015-02-17,19.78499984741211
2015-02-18,20.046667098999023
2015-02-19,20.18833351135254
2015-02-20,20.209999084472656
2015-02-23,20.35333251953125
2015-02-24,20.801666259765625
2015-02-25,20.63166618347168
2015-02-26,20.790000915527344
2015-02-27,23.520000457763672
2015-03-02,23.538333892822266
2015-03-03,23.44833374023437
2015-03-04,23.25666618347168
2015-03-05,23.33833312988281
2015-03-06,22.770000457763672
2015-03-09,22.86833381652832
2015-03-10,22.65333366394043
2015-03-11,22.65999984741211
2015-03-12,22.975000381469727
2015-03-13,22.57999992370605
2015-03-16,23.00666618347168
2015-03-17,22.71500015258789
2015-03-18,22.78499984741211
2015-03-19,23.046667098999023
2015-03-20,22.920000076293945
2015-03-23,22.989999771118164
2015-03-24,23.11666679382324
2015-03-25,22.671667098999023
2015-03-26,22.76166725158692
2015-03-27,22.99833297729492
2015-03-30,23.406667709350582
2015-03-31,23.06666755676269
2015-04-01,22.774999618530277
2015-04-02,22.61000061035156
2015-04-06,22.953332901000977
2015-04-07,22.920000076293945
2015-04-08,22.96500015258789
2015-04-09,22.933332443237305
2015-04-10,23.05666732788086
2015-04-13,22.96333312988281
2015-04-14,22.63333320617676
2015-04-15,22.94833374023437
2015-04-16,23.0
2015-04-17,22.81833267211914
2015-04-20,23.26333236694336
2015-04-21,23.308332443237305
2015-04-22,23.31833267211914
2015-04-23,23.393333435058597
2015-04-24,23.6299991607666
2015-04-27,23.906667709350582
2015-04-28,23.456666946411133
2015-04-29,23.19333267211914
2015-04-30,22.851667404174805
2015-05-01,23.52166748046875
2015-05-04,23.64166641235352
2015-05-05,23.43833351135254
2015-05-06,23.413333892822266
2015-05-07,23.915000915527344
2015-05-08,21.411666870117188
2015-05-11,22.334999084472656
2015-05-12,21.98666763305664
2015-05-13,21.656667709350582
2015-05-14,22.106666564941406
2015-05-15,22.053333282470703
2015-05-18,21.87666702270508
2015-05-19,21.71666717529297
2015-05-20,21.540000915527344
2015-05-21,21.70166778564453
2015-05-22,21.56833267211914
2015-05-26,21.27666664123535
2015-05-27,21.67333221435547
2015-05-28,21.53333282470703
2015-05-29,21.21333312988281
2015-06-01,21.19499969482422
2015-06-02,21.020000457763672
2015-06-03,20.9950008392334
2015-06-04,21.196666717529297
2015-06-05,20.924999237060547
2015-06-08,20.915000915527344
2015-06-09,20.81333351135254
2015-06-10,21.171667098999023
2015-06-11,21.19499969482422
2015-06-12,21.398332595825195
2015-06-15,21.15166664123535
2015-06-16,22.030000686645508
2015-06-17,22.041667938232425
2015-06-18,22.309999465942383
2015-06-19,22.286666870117188
2015-06-22,22.25
2015-06-23,22.233333587646484
2015-06-24,22.15999984741211
2015-06-25,22.795000076293945
2015-06-26,23.23500061035156
2015-06-29,22.398332595825195
2015-06-30,22.33666610717773
2015-07-01,22.416667938232425
2015-07-02,22.26666641235352
2015-07-06,22.46999931335449
2015-07-07,22.72333335876465
2015-07-08,22.299999237060547
2015-07-09,22.239999771118164
2015-07-10,22.684999465942383
2015-07-13,23.231666564941406
2015-07-14,23.479999542236328
2015-07-15,23.35333251953125
2015-07-16,23.280000686645508
2015-07-17,23.34333229064941
2015-07-20,23.791667938232425
2015-07-21,24.00833320617676
2015-07-22,24.64166641235352
2015-07-23,24.7549991607666
2015-07-24,24.815000534057617
2015-07-27,24.793333053588867
2015-07-28,24.99833297729492
2015-07-29,25.21999931335449
2015-07-30,25.36333274841309
2015-07-31,25.59166717529297
2015-08-03,25.96833229064941
2015-08-04,25.286666870117188
2015-08-05,25.666667938232425
2015-08-06,24.145000457763672
2015-08-07,24.86166763305664
2015-08-10,24.12166786193848
2015-08-11,23.799999237060547
2015-08-12,23.69166755676269
2015-08-13,24.84333229064941
2015-08-14,25.06666755676269
2015-08-17,25.11833381652832
2015-08-18,25.08666610717773
2015-08-19,24.541667938232425
2015-08-20,24.100000381469727
2015-08-21,23.15166664123535
2015-08-24,22.57666778564453
2015-08-25,22.393333435058597
2015-08-26,23.09833335876465
2015-08-27,23.334999084472656
2015-08-28,23.405000686645508
2015-08-31,23.07666778564453
2015-09-01,22.5049991607666
2015-09-02,22.733333587646484
2015-09-03,22.606666564941406
2015-09-04,22.37333297729492
2015-09-08,22.81666755676269
2015-09-09,22.06666755676269
2015-09-10,22.040000915527344
2015-09-11,22.128332138061523
2015-09-14,22.02666664123535
2015-09-15,22.07999992370605
2015-09-16,22.321666717529297
2015-09-17,22.450000762939453
2015-09-18,22.433332443237305
2015-09-21,22.540000915527344
2015-09-22,22.42333221435547
2015-09-23,22.393333435058597
2015-09-24,22.856666564941406
2015-09-25,22.70499992370605
2015-09-28,22.34666633605957
2015-09-29,22.424999237060547
2015-09-30,22.523332595825195
2015-10-01,22.36666679382324
2015-10-02,22.321666717529297
2015-10-05,22.520000457763672
2015-10-06,22.31666755676269
2015-10-07,22.44333267211914
2015-10-08,22.69333267211914
2015-10-09,22.905000686645508
2015-10-12,22.90999984741211
2015-10-13,21.946666717529297
2015-10-14,21.428333282470703
2015-10-15,21.76000022888184
2015-10-16,22.041667938232425
2015-10-19,22.11666679382324
2015-10-20,23.268333435058597
2015-10-21,23.148332595825195
2015-10-22,23.7450008392334
2015-10-23,23.59666633605957
2015-10-26,23.57666778564453
2015-10-27,23.434999465942383
2015-10-28,23.55666732788086
2015-10-29,22.773332595825195
2015-10-30,22.71999931335449
2015-11-02,22.49666786193848
2015-11-03,22.450000762939453
2015-11-04,22.13666725158692
2015-11-05,22.040000915527344
2015-11-06,25.040000915527344
2015-11-09,24.84166717529297
2015-11-10,25.315000534057617
2015-11-11,25.34166717529297
2015-11-12,24.74333381652832
2015-11-13,24.45499992370605
2015-11-16,24.578332901000977
2015-11-17,24.268333435058597
2015-11-18,24.854999542236328
2015-11-19,24.893333435058597
2015-11-20,24.68166732788086
2015-11-23,25.06833267211914
2015-11-24,25.37666702270508
2015-11-25,26.06833267211914
2015-11-27,26.09000015258789
2015-11-30,25.768333435058597
2015-12-01,26.203332901000977
2015-12-02,25.801666259765625
2015-12-03,25.51166725158692
2015-12-04,26.11666679382324
2015-12-07,25.93000030517578
2015-12-08,26.083332061767575
2015-12-09,25.333332061767575
2015-12-10,25.30500030517578
2015-12-11,24.956666946411133
2015-12-14,25.31833267211914
2015-12-15,25.43000030517578
2015-12-16,25.551666259765625
2015-12-17,25.04833221435547
2015-12-18,24.30666732788086
2015-12-21,24.57999992370605
2015-12-22,24.583332061767575
2015-12-23,24.578332901000977
2015-12-24,24.803333282470703
2015-12-28,24.69333267211914
2015-12-29,25.02833366394043
2015-12-30,25.040000915527344
2015-12-31,24.82666778564453
2016-01-04,24.05666732788086
2016-01-05,24.34499931335449
2016-01-06,24.38333320617676
2016-01-07,24.200000762939453
2016-01-08,24.041667938232425
2016-01-11,24.34000015258789
2016-01-12,24.549999237060547
2016-01-13,23.94499969482422
2016-01-14,23.73666763305664
2016-01-15,23.52166748046875
2016-01-19,24.12666702270508
2016-01-20,23.33666610717773
2016-01-21,23.003332138061523
2016-01-22,24.02666664123535
2016-01-25,23.34833335876465
2016-01-26,23.174999237060547
2016-01-27,22.9950008392334
2016-01-28,22.86666679382324
2016-01-29,22.5049991607666
2016-02-01,22.905000686645508
2016-02-02,22.68666648864746
2016-02-03,22.48666763305664
2016-02-04,21.40999984741211
2016-02-05,20.62166786193848
2016-02-08,19.6200008392334
2016-02-09,19.81833267211914
2016-02-10,19.46999931335449
2016-02-11,19.81666755676269
2016-02-12,20.395000457763672
2016-02-16,20.71833229064941
2016-02-17,20.906667709350582
2016-02-18,21.01166725158692
2016-02-19,21.26333236694336
2016-02-22,21.63500022888184
2016-02-23,21.46500015258789
2016-02-24,22.06666755676269
2016-02-25,22.184999465942383
2016-02-26,21.79833221435547
2016-02-29,20.916667938232425
2016-03-01,21.62166786193848
2016-03-02,21.291667938232425
2016-03-03,21.411666870117188
2016-03-04,21.481666564941406
2016-03-07,21.331666946411133
2016-03-08,21.55500030517578
2016-03-09,21.678333282470703
2016-03-10,21.94166755676269
2016-03-11,22.309999465942383
2016-03-14,21.99333381652832
2016-03-15,21.99666786193848
2016-03-16,22.696666717529297
2016-03-17,22.696666717529297
2016-03-18,22.7549991607666
2016-03-21,22.420000076293945
2016-03-22,22.433332443237305
2016-03-23,22.13833236694336
2016-03-24,21.875
2016-03-28,22.206666946411133
2016-03-29,22.268333435058597
2016-03-30,22.483333587646484
2016-03-31,22.229999542236328
2016-04-01,22.46500015258789
2016-04-04,22.46166610717773
2016-04-05,22.43666648864746
2016-04-06,22.36166763305664
2016-04-07,21.99333381652832
2016-04-08,22.09666633605957
2016-04-11,21.773332595825195
2016-04-12,21.69833374023437
2016-04-13,21.479999542236328
2016-04-14,21.406667709350582
2016-04-15,21.38833236694336
2016-04-18,21.274999618530277
2016-04-19,21.551666259765625
2016-04-20,21.114999771118164
2016-04-21,20.75666618347168
2016-04-22,20.49833297729492
2016-04-25,20.81999969482422
2016-04-26,20.6299991607666
2016-04-27,20.571666717529297
2016-04-28,21.30666732788086
2016-04-29,24.036666870117188
2016-05-02,24.655000686645508
2016-05-03,24.38666725158692
2016-05-04,24.39166641235352
2016-05-05,24.325000762939453
2016-05-06,24.68833351135254
2016-05-09,24.79833221435547
2016-05-10,25.51666641235352
2016-05-11,25.071666717529297
2016-05-12,25.02833366394043
2016-05-13,24.768333435058597
2016-05-16,25.1200008392334
2016-05-17,24.88333320617676
2016-05-18,24.803333282470703
2016-05-19,24.74333381652832
2016-05-20,24.649999618530277
2016-05-23,24.72166633605957
2016-05-24,25.018333435058597
2016-05-25,24.921667098999023
2016-05-26,25.00166702270508
2016-05-27,25.084999084472656
2016-05-31,25.0
2016-06-01,25.233333587646484
2016-06-02,25.40999984741211
2016-06-03,25.476667404174805
2016-06-06,25.726667404174805
2016-06-07,25.63666725158692
2016-06-08,25.86333274841309
2016-06-09,25.834999084472656
2016-06-10,25.59000015258789
2016-06-13,25.1299991607666
2016-06-14,25.49666786193848
2016-06-15,25.604999542236328
2016-06-16,25.96999931335449
2016-06-17,25.99666786193848
2016-06-20,26.02833366394043
2016-06-21,26.30500030517578
2016-06-22,26.155000686645508
2016-06-23,26.23666763305664
2016-06-24,25.57333374023437
2016-06-27,25.801666259765625
2016-06-28,25.74333381652832
2016-06-29,26.308332443237305
2016-06-30,26.78499984741211
2016-07-01,26.62166786193848
2016-07-05,26.81833267211914
2016-07-06,26.87666702270508
2016-07-07,26.85333251953125
2016-07-08,26.916667938232425
2016-07-11,26.833332061767575
2016-07-12,26.79833221435547
2016-07-13,26.96333312988281
2016-07-14,27.018333435058597
2016-07-15,26.933332443237305
2016-07-18,25.92333221435547
2016-07-19,26.22833251953125
2016-07-20,26.351667404174805
2016-07-21,26.34333229064941
2016-07-22,26.76333236694336
2016-07-25,26.678333282470703
2016-07-26,26.43666648864746
2016-07-27,26.25166702270508
2016-07-28,26.57333374023437
2016-07-29,26.77166748046875
2016-08-01,26.84666633605957
2016-08-02,26.549999237060547
2016-08-03,26.295000076293945
2016-08-04,26.43166732788086
2016-08-05,27.08666610717773
2016-08-08,26.49333381652832
2016-08-09,26.520000457763672
2016-08-10,26.81666755676269
2016-08-11,26.95166778564453
2016-08-12,26.86333274841309
2016-08-15,26.905000686645508
2016-08-16,26.60333251953125
2016-08-17,26.61833381652832
2016-08-18,26.73833274841309
2016-08-19,26.575000762939453
2016-08-22,26.52833366394043
2016-08-23,26.229999542236328
2016-08-24,26.15333366394043
2016-08-25,26.24333381652832
2016-08-26,26.17333221435547
2016-08-29,25.989999771118164
2016-08-30,25.63500022888184
2016-08-31,25.648332595825195
2016-09-01,25.72166633605957
2016-09-02,25.64166641235352
2016-09-06,25.645000457763672
2016-09-07,25.36166763305664
2016-09-08,25.35333251953125
2016-09-09,24.59166717529297
2016-09-12,24.71666717529297
2016-09-13,23.98666763305664
2016-09-14,23.81666755676269
2016-09-15,24.39166641235352
2016-09-16,24.38500022888184
2016-09-19,24.57333374023437
2016-09-20,24.51666641235352
2016-09-21,24.51666641235352
2016-09-22,24.82333374023437
2016-09-23,24.74666786193848
2016-09-26,24.600000381469727
2016-09-27,24.62666702270508
2016-09-28,24.47166633605957
2016-09-29,24.22833251953125
2016-09-30,24.46833229064941
2016-10-03,24.29833221435547
2016-10-04,24.21666717529297
2016-10-05,24.206666946411133
2016-10-06,24.456666946411133
2016-10-07,24.30666732788086
2016-10-10,24.3700008392334
2016-10-11,23.85333251953125
2016-10-12,24.19333267211914
2016-10-13,24.32999992370605
2016-10-14,24.18000030517578
2016-10-17,24.049999237060547
2016-10-18,24.453332901000977
2016-10-19,24.581666946411133
2016-10-20,24.434999465942383
2016-10-21,24.543333053588867
2016-10-24,25.020000457763672
2016-10-25,24.96833229064941
2016-10-26,24.350000381469727
2016-10-27,23.88333320617676
2016-10-28,23.98666763305664
2016-10-31,24.05666732788086
2016-11-01,23.93833351135254
2016-11-02,24.04833221435547
2016-11-03,23.36833381652832
2016-11-04,22.538333892822266
2016-11-07,22.690000534057617
2016-11-08,22.666667938232425
2016-11-09,22.09833335876465
2016-11-10,21.165000915527344
2016-11-11,20.959999084472656
2016-11-14,20.434999465942383
2016-11-15,20.809999465942383
2016-11-16,21.030000686645508
2016-11-17,20.98500061035156
2016-11-18,20.84000015258789
2016-11-21,21.795000076293945
2016-11-22,22.6299991607666
2016-11-23,22.3700008392334
2016-11-25,22.424999237060547
2016-11-28,22.645000457763672
2016-11-29,22.63999938964844
2016-11-30,22.375
2016-12-01,21.81999969482422
2016-12-02,22.21999931335449
2016-12-05,22.44499969482422
2016-12-06,22.184999465942383
2016-12-07,22.23500061035156
2016-12-08,21.524999618530277
2016-12-09,22.020000457763672
2016-12-12,22.13500022888184
2016-12-13,22.5
2016-12-14,22.01000022888184
2016-12-15,22.145000457763672
2016-12-16,22.25
2016-12-19,21.934999465942383
2016-12-20,21.770000457763672
2016-12-21,22.684999465942383
2016-12-22,22.649999618530277
2016-12-23,22.78499984741211
2016-12-27,22.76499938964844
2016-12-28,22.45499992370605
2016-12-29,22.51499938964844
2016-12-30,22.170000076293945
2017-01-03,22.770000457763672
2017-01-04,23.01000022888184
2017-01-05,23.09499931335449
2017-01-06,22.809999465942383
2017-01-09,22.200000762939453
2017-01-10,21.75
2017-01-11,21.9950008392334
2017-01-12,21.55500030517578
2017-01-13,22.2549991607666
2017-01-17,21.96999931335449
2017-01-18,21.729999542236328
2017-01-19,21.674999237060547
2017-01-20,21.7549991607666
2017-01-23,21.76000022888184
2017-01-24,21.854999542236328
2017-01-25,21.565000534057617
2017-01-26,21.334999084472656
2017-01-27,21.149999618530277
2017-01-30,21.21500015258789
2017-01-31,21.299999237060547
2017-02-01,20.90999984741211
2017-02-02,20.905000686645508
2017-02-03,21.31999969482422
2017-02-06,21.364999771118164
2017-02-07,21.540000915527344
2017-02-08,21.834999084472656
2017-02-09,21.88999938964844
2017-02-10,22.0049991607666
2017-02-13,21.709999084472656
2017-02-14,21.690000534057617
2017-02-15,21.674999237060547
2017-02-16,21.725000381469727
2017-02-17,21.815000534057617
2017-02-21,21.9950008392334
2017-02-22,21.96999931335449
2017-02-23,21.95499992370605
2017-02-24,21.774999618530277
2017-02-27,21.045000076293945
2017-02-28,20.71999931335449
2017-03-01,21.0049991607666
2017-03-02,23.684999465942383
2017-03-03,24.020000457763672
2017-03-06,23.489999771118164
2017-03-07,23.350000381469727
2017-03-08,23.684999465942383
2017-03-09,23.5049991607666
2017-03-10,23.40999984741211
2017-03-13,23.21500015258789
2017-03-14,23.13500022888184
2017-03-15,23.545000076293945
2017-03-16,23.440000534057617
2017-03-17,23.23500061035156
2017-03-20,23.399999618530277
2017-03-21,23.34499931335449
2017-03-22,23.565000534057617
2017-03-23,23.280000686645508
2017-03-24,23.46999931335449
2017-03-27,23.450000762939453
2017-03-28,23.4950008392334
2017-03-29,23.614999771118164
2017-03-30,23.1299991607666
2017-03-31,23.084999084472656
2017-04-03,22.8799991607666
2017-04-04,23.01000022888184
2017-04-05,22.96500015258789
2017-04-06,22.875
2017-04-07,22.924999237060547
2017-04-10,22.90999984741211
2017-04-11,22.68000030517578
2017-04-12,22.700000762939453
2017-04-13,22.450000762939453
2017-04-17,22.5049991607666
2017-04-18,22.655000686645508
2017-04-19,22.549999237060547
2017-04-20,22.8700008392334
2017-04-21,22.69499969482422
2017-04-24,22.73500061035156
2017-04-25,22.684999465942383
2017-04-26,22.55500030517578
2017-04-27,22.645000457763672
2017-04-28,22.690000534057617
2017-05-01,22.280000686645508
2017-05-02,22.34000015258789
2017-05-03,22.46500015258789
2017-05-04,22.96500015258789
2017-05-05,23.725000381469727
2017-05-08,24.239999771118164
2017-05-09,23.9950008392334
2017-05-10,23.924999237060547
2017-05-11,23.940000534057617
2017-05-12,23.809999465942383
2017-05-15,23.729999542236328
2017-05-16,23.405000686645508
2017-05-17,23.399999618530277
2017-05-18,23.405000686645508
2017-05-19,23.84499931335449
2017-05-22,24.170000076293945
2017-05-23,24.71500015258789
2017-05-24,24.94499969482422
2017-05-25,25.3799991607666
2017-05-26,25.450000762939453
2017-05-30,25.354999542236328
2017-05-31,25.280000686645508
2017-06-01,25.48500061035156
2017-06-02,25.63500022888184
2017-06-05,25.55500030517578
2017-06-06,25.375
2017-06-07,25.424999237060547
2017-06-08,25.239999771118164
2017-06-09,25.024999618530277
2017-06-12,25.31999969482422
2017-06-13,25.274999618530277
2017-06-14,25.375
2017-06-15,25.649999618530277
2017-06-16,25.155000686645508
2017-06-19,25.43000030517578
2017-06-20,25.415000915527344
2017-06-21,25.59499931335449
2017-06-22,25.424999237060547
2017-06-23,25.9950008392334
2017-06-26,25.76000022888184
2017-06-27,25.149999618530277
2017-06-28,25.524999618530277
2017-06-29,24.95499992370605
2017-06-30,24.84000015258789
2017-07-03,24.86000061035156
2017-07-05,24.7549991607666
2017-07-06,25.165000915527344
2017-07-07,25.350000381469727
2017-07-10,25.2549991607666
2017-07-11,24.989999771118164
2017-07-12,25.209999084472656
2017-07-13,25.405000686645508
2017-07-14,25.834999084472656
2017-07-17,25.770000457763672
2017-07-18,25.920000076293945
2017-07-19,26.114999771118164
2017-07-20,26.184999465942383
2017-07-21,26.290000915527344
2017-07-24,26.364999771118164
2017-07-25,26.69499969482422
2017-07-26,26.78499984741211
2017-07-27,27.01499938964844
2017-07-28,26.70499992370605
2017-07-31,26.375
2017-08-01,26.559999465942383
2017-08-02,26.520000457763672
2017-08-03,26.56999969482422
2017-08-04,26.354999542236328
2017-08-07,26.434999465942383
2017-08-08,26.315000534057617
2017-08-09,26.01499938964844
2017-08-10,26.26000022888184
2017-08-11,26.90999984741211
2017-08-14,26.975000381469727
2017-08-15,27.0049991607666
2017-08-16,27.155000686645508
2017-08-17,26.854999542236328
2017-08-18,27.024999618530277
2017-08-21,27.18000030517578
2017-08-22,27.690000534057617
2017-08-23,27.57999992370605
2017-08-24,27.489999771118164
2017-08-25,27.61000061035156
2017-08-28,27.57999992370605
2017-08-29,27.684999465942383
2017-08-30,27.975000381469727
2017-08-31,27.90999984741211
2017-09-01,28.040000915527344
2017-09-05,28.174999237060547
2017-09-06,28.165000915527344
2017-09-07,28.18000030517578
2017-09-08,28.15999984741211
2017-09-11,28.32999992370605
2017-09-12,28.040000915527344
2017-09-13,28.190000534057617
2017-09-14,28.290000915527344
2017-09-15,28.09000015258789
2017-09-18,28.334999084472656
2017-09-19,28.1299991607666
2017-09-20,27.975000381469727
2017-09-21,27.78499984741211
2017-09-22,27.905000686645508
2017-09-25,27.584999084472656
2017-09-26,27.600000381469727
2017-09-27,27.440000534057617
2017-09-28,27.739999771118164
2017-09-29,27.625
2017-10-02,27.56999969482422
2017-10-03,27.63500022888184
2017-10-04,27.61000061035156
2017-10-05,27.700000762939453
2017-10-06,27.684999465942383
2017-10-09,27.69499969482422
2017-10-10,27.68000030517578
2017-10-11,27.850000381469727
2017-10-12,27.979999542236328
2017-10-13,27.915000915527344
2017-10-16,28.11000061035156
2017-10-17,28.26000022888184
2017-10-18,28.145000457763672
2017-10-19,27.9950008392334
2017-10-20,28.229999542236328
2017-10-23,28.18000030517578
2017-10-24,28.415000915527344
2017-10-25,28.25
2017-10-26,28.375
2017-10-27,28.375
2017-10-30,28.415000915527344
2017-10-31,28.96500015258789
2017-11-01,28.899999618530277
2017-11-02,28.725000381469727
2017-11-03,28.834999084472656
2017-11-06,28.76000022888184
2017-11-07,28.959999084472656
2017-11-08,29.0
2017-11-09,29.34000015258789
2017-11-10,30.57999992370605
2017-11-13,31.100000381469727
2017-11-14,31.315000534057617
2017-11-15,30.799999237060547
2017-11-16,31.0
2017-11-17,31.084999084472656
2017-11-20,30.57999992370605
2017-11-21,30.63500022888184
2017-11-22,30.63500022888184
2017-11-24,30.875
2017-11-27,30.88500022888184
2017-11-28,31.045000076293945
2017-11-29,30.94499969482422
2017-11-30,31.334999084472656
2017-12-01,31.459999084472656
2017-12-04,31.674999237060547
2017-12-05,31.524999618530277
2017-12-06,31.63500022888184
2017-12-07,31.149999618530277
2017-12-08,31.61000061035156
2017-12-11,31.46999931335449
2017-12-12,31.45499992370605
2017-12-13,31.7549991607666
2017-12-14,31.565000534057617
2017-12-15,32.005001068115234
2017-12-18,32.01499938964844
2017-12-19,32.10499954223633
2017-12-20,32.0099983215332
2017-12-21,31.905000686645508
2017-12-22,31.88500022888184
2017-12-26,31.920000076293945
2017-12-27,32.1150016784668
2017-12-28,31.459999084472656
2017-12-29,31.645000457763672
2018-01-02,31.354999542236328
2018-01-03,31.559999465942383
2018-01-04,31.68000030517578
2018-01-05,31.7450008392334
2018-01-08,32.01499938964844
2018-01-09,32.7400016784668
2018-01-10,31.795000076293945
2018-01-11,31.979999542236328
2018-01-12,31.88500022888184
2018-01-16,32.279998779296875
2018-01-17,33.53499984741211
2018-01-18,33.23500061035156
2018-01-19,33.43000030517578
2018-01-22,33.8849983215332
2018-01-23,34.224998474121094
2018-01-24,34.13999938964844
2018-01-25,33.900001525878906
2018-01-26,34.45500183105469
2018-01-29,34.14500045776367
2018-01-30,33.95000076293945
2018-01-31,34.1150016784668
2018-02-01,33.96500015258789
2018-02-02,33.314998626708984
2018-02-05,31.924999237060547
2018-02-06,32.10499954223633
2018-02-07,32.275001525878906
2018-02-08,30.9950008392334
2018-02-09,31.44499969482422
2018-02-12,32.040000915527344
2018-02-13,31.69499969482422
2018-02-14,31.950000762939453
2018-02-15,32.80500030517578
2018-02-16,32.7400016784668
2018-02-20,32.29999923706055
2018-02-21,32.5099983215332
2018-02-22,32.46500015258789
2018-02-23,32.939998626708984
2018-02-26,32.904998779296875
2018-02-27,32.084999084472656
2018-02-28,31.684999465942383
2018-03-01,27.11000061035156
2018-03-02,27.07999992370605
2018-03-05,27.8700008392334
2018-03-06,27.834999084472656
2018-03-07,27.774999618530277
2018-03-08,28.415000915527344
2018-03-09,29.030000686645508
2018-03-12,29.21500015258789
2018-03-13,29.34499931335449
2018-03-14,29.364999771118164
2018-03-15,29.09499931335449
2018-03-16,29.31999969482422
2018-03-19,29.13500022888184
2018-03-20,29.34000015258789
2018-03-21,29.040000915527344
2018-03-22,28.38999938964844
2018-03-23,27.93000030517578
2018-03-26,28.434999465942383
2018-03-27,28.125
2018-03-28,28.1200008392334
2018-03-29,28.604999542236328
2018-04-02,27.809999465942383
2018-04-03,27.864999771118164
2018-04-04,28.38500022888184
2018-04-05,28.70499992370605
2018-04-06,27.96500015258789
2018-04-09,28.114999771118164
2018-04-10,28.15999984741211
2018-04-11,28.11000061035156
2018-04-12,28.26499938964844
2018-04-13,28.34000015258789
2018-04-16,28.489999771118164
2018-04-17,28.84000015258789
2018-04-18,28.73500061035156
2018-04-19,28.655000686645508
2018-04-20,28.25
2018-04-23,28.434999465942383
2018-04-24,27.864999771118164
2018-04-25,27.20499992370605
2018-04-26,27.549999237060547
2018-04-27,28.09499931335449
2018-04-30,27.5
2018-05-01,27.600000381469727
2018-05-02,26.36000061035156
2018-05-03,26.155000686645508
2018-05-04,26.3799991607666
2018-05-07,26.655000686645508
2018-05-08,26.540000915527344
2018-05-09,24.55500030517578
2018-05-10,25.030000686645508
2018-05-11,24.63500022888184
2018-05-14,24.46500015258789
2018-05-15,24.100000381469727
2018-05-16,24.045000076293945
2018-05-17,24.28499984741211
2018-05-18,24.73500061035156
2018-05-21,24.95499992370605
2018-05-22,24.84000015258789
2018-05-23,25.0049991607666
2018-05-24,24.809999465942383
2018-05-25,24.82999992370605
2018-05-29,24.645000457763672
2018-05-30,25.979999542236328
2018-05-31,25.57999992370605
2018-06-01,25.75
2018-06-04,25.895000457763672
2018-06-05,25.68000030517578
2018-06-06,26.600000381469727
2018-06-07,26.415000915527344
2018-06-08,27.739999771118164
2018-06-11,28.03499984741211
2018-06-12,28.09000015258789
2018-06-13,28.049999237060547
2018-06-14,28.024999618530277
2018-06-15,28.21500015258789
2018-06-18,28.045000076293945
2018-06-19,27.940000534057617
2018-06-20,27.770000457763672
2018-06-21,27.98500061035156
2018-06-22,28.43000030517578
2018-06-25,28.315000534057617
2018-06-26,28.1200008392334
2018-06-27,27.96500015258789
2018-06-28,28.38999938964844
2018-06-29,28.649999618530277
2018-07-02,28.790000915527344
2018-07-03,28.84000015258789
2018-07-05,28.81999969482422
2018-07-06,29.21999931335449
2018-07-09,29.36000061035156
2018-07-10,29.78499984741211
2018-07-11,30.1200008392334
2018-07-12,30.4950008392334
2018-07-13,30.604999542236328
2018-07-16,30.53499984741211
2018-07-17,31.084999084472656
2018-07-18,30.51499938964844
2018-07-19,30.56999969482422
2018-07-20,30.790000915527344
2018-07-23,30.4950008392334
2018-07-24,30.540000915527344
2018-07-25,31.059999465942383
2018-07-26,30.825000762939453
2018-07-27,30.315000534057617
2018-07-30,29.854999542236328
2018-07-31,30.01000022888184
2018-08-01,29.38500022888184
2018-08-02,29.674999237060547
2018-08-03,29.6299991607666
2018-08-06,29.70499992370605
2018-08-07,29.895000457763672
2018-08-08,29.700000762939453
2018-08-09,30.489999771118164
2018-08-10,30.350000381469727
2018-08-13,30.21999931335449
2018-08-14,30.88999938964844
2018-08-15,30.670000076293945
2018-08-16,30.834999084472656
2018-08-17,31.084999084472656
2018-08-20,31.045000076293945
2018-08-21,30.93000030517578
2018-08-22,30.5049991607666
2018-08-23,30.34000015258789
2018-08-24,30.325000762939453
2018-08-27,30.21999931335449
2018-08-28,30.395000457763672
2018-08-29,30.690000534057617
2018-08-30,30.40999984741211
2018-08-31,30.44499969482422
2018-09-04,30.46500015258789
2018-09-05,30.725000381469727
2018-09-06,30.670000076293945
2018-09-07,30.170000076293945
2018-09-10,29.8799991607666
2018-09-11,29.045000076293945
2018-09-12,29.145000457763672
2018-09-13,29.46999931335449
2018-09-14,29.76499938964844
2018-09-17,29.86000061035156
2018-09-18,29.69499969482422
2018-09-19,29.65999984741211
2018-09-20,30.190000534057617
2018-09-21,29.924999237060547
2018-09-24,29.149999618530277
2018-09-25,28.96500015258789
2018-09-26,29.155000686645508
2018-09-27,29.15999984741211
2018-09-28,29.13999938964844
2018-10-01,28.68000030517578
2018-10-02,28.59499931335449
2018-10-03,28.334999084472656
2018-10-04,27.98500061035156
2018-10-05,28.09499931335449
2018-10-08,28.2450008392334
2018-10-09,28.274999618530277
2018-10-10,26.950000762939453
2018-10-11,26.415000915527344
2018-10-12,26.645000457763672
2018-10-15,26.100000381469727
2018-10-16,26.549999237060547
2018-10-17,26.315000534057617
2018-10-18,25.915000915527344
2018-10-19,26.05500030517578
2018-10-22,26.045000076293945
2018-10-23,26.31999969482422
2018-10-24,26.01000022888184
2018-10-25,26.2549991607666
2018-10-26,25.524999618530277
2018-10-29,25.65999984741211
2018-10-30,26.48500061035156
2018-10-31,26.424999237060547
2018-11-01,27.225000381469727
2018-11-02,27.049999237060547
2018-11-05,27.354999542236328
2018-11-06,27.395000457763672
2018-11-07,27.95499992370605
2018-11-08,27.06999969482422
2018-11-09,28.420000076293945
2018-11-12,27.375
2018-11-13,27.88999938964844
2018-11-14,27.2450008392334
2018-11-15,27.649999618530277
2018-11-16,27.88500022888184
2018-11-19,28.520000457763672
2018-11-20,27.88999938964844
2018-11-21,28.01499938964844
2018-11-23,28.65999984741211
2018-11-26,28.40999984741211
2018-11-27,28.8799991607666
2018-11-28,29.549999237060547
2018-11-29,29.399999618530277
2018-11-30,29.84000015258789
2018-12-03,30.0
2018-12-04,28.915000915527344
2018-12-06,29.13500022888184
2018-12-07,28.70499992370605
2018-12-10,28.475000381469727
2018-12-11,28.790000915527344
2018-12-12,28.71999931335449
2018-12-13,26.71500015258789
2018-12-14,26.34499931335449
2018-12-17,25.625
2018-12-18,25.614999771118164
2018-12-19,24.71999931335449
2018-12-20,24.604999542236328
2018-12-21,24.114999771118164
2018-12-24,23.975000381469727
2018-12-26,24.549999237060547
2018-12-27,24.71999931335449
2018-12-28,24.520000457763672
2018-12-31,24.61000061035156
2019-01-02,24.3799991607666
2019-01-03,24.0
2019-01-04,24.895000457763672
2019-01-07,24.864999771118164
2019-01-08,26.415000915527344
2019-01-09,26.665000915527344
2019-01-10,26.6299991607666
2019-01-11,27.184999465942383
2019-01-14,27.075000762939453
2019-01-15,27.3799991607666
2019-01-16,26.905000686645508
2019-01-17,27.13500022888184
2019-01-18,27.790000915527344
2019-01-22,27.739999771118164
2019-01-23,27.59000015258789
2019-01-24,27.68000030517578
2019-01-25,27.924999237060547
2019-01-28,27.780000686645508
2019-01-29,27.739999771118164
2019-01-30,28.11000061035156
2019-01-31,28.6200008392334
2019-02-01,28.975000381469727
2019-02-04,29.09000015258789
2019-02-05,28.80500030517578
2019-02-06,28.68000030517578
2019-02-07,28.71500015258789
2019-02-08,28.94499969482422
2019-02-11,29.0
2019-02-12,29.44499969482422
2019-02-13,29.655000686645508
2019-02-14,29.315000534057617
2019-02-15,29.36000061035156
2019-02-19,29.114999771118164
2019-02-20,29.350000381469727
2019-02-21,29.440000534057617
2019-02-22,29.21999931335449
2019-02-25,29.270000457763672
2019-02-26,29.3700008392334
2019-02-27,29.3700008392334
2019-02-28,31.915000915527344
2019-03-01,32.369998931884766
2019-03-04,32.5099983215332
2019-03-05,31.309999465942383
2019-03-06,30.8700008392334
2019-03-07,30.795000076293945
2019-03-08,30.30500030517578
2019-03-11,30.59499931335449
2019-03-12,30.114999771118164
2019-03-13,29.88500022888184
2019-03-14,29.834999084472656
2019-03-15,30.13500022888184
2019-03-18,30.299999237060547
2019-03-19,28.959999084472656
2019-03-20,28.25
2019-03-21,27.100000381469727
2019-03-22,26.7549991607666
2019-03-25,27.274999618530277
2019-03-26,27.809999465942383
2019-03-27,27.440000534057617
2019-03-28,27.229999542236328
2019-03-29,27.290000915527344
2019-04-01,26.63999938964844
2019-04-02,26.665000915527344
2019-04-03,26.295000076293945
2019-04-04,26.434999465942383
2019-04-05,26.440000534057617
2019-04-08,26.53499984741211
2019-04-09,27.34499931335449
2019-04-10,27.48500061035156
2019-04-11,27.375
2019-04-12,26.51000022888184
2019-04-15,27.03499984741211
2019-04-16,27.100000381469727
2019-04-17,27.44499969482422
2019-04-18,27.600000381469727
2019-04-22,27.48500061035156
2019-04-23,28.114999771118164
2019-04-24,28.40999984741211
2019-04-25,28.950000762939453
2019-04-26,29.825000762939453
2019-04-29,29.34499931335449
2019-04-30,29.799999237060547
2019-05-01,28.96999931335449
2019-05-02,28.9950008392334
2019-05-03,31.55500030517578
2019-05-06,31.309999465942383
2019-05-07,30.799999237060547
2019-05-08,30.84000015258789
2019-05-09,30.959999084472656
2019-05-10,31.5
2019-05-13,31.170000076293945
2019-05-14,31.174999237060547
2019-05-15,31.53499984741211
2019-05-16,31.96500015258789
2019-05-17,31.815000534057617
2019-05-20,31.80500030517578
2019-05-21,31.8700008392334
2019-05-22,32.0
2019-05-23,31.614999771118164
2019-05-24,31.709999084472656
2019-05-28,31.13500022888184
2019-05-29,30.8799991607666
2019-05-30,31.13999938964844
2019-05-31,30.93000030517578
2019-06-03,31.405000686645508
2019-06-04,31.434999465942383
2019-06-05,32.01499938964844
2019-06-06,31.920000076293945
2019-06-07,32.959999084472656
2019-06-10,32.875
2019-06-11,32.25
2019-06-12,32.040000915527344
2019-06-13,30.299999237060547
2019-06-14,30.665000915527344
2019-06-17,30.959999084472656
2019-06-18,31.059999465942383
2019-06-19,31.18000030517578
2019-06-20,31.76000022888184
2019-06-21,31.88999938964844
2019-06-24,31.780000686645508
2019-06-25,31.665000915527344
2019-06-26,31.799999237060547
2019-06-27,31.78499984741211
2019-06-28,31.915000915527344
2019-07-01,32.3849983215332
2019-07-02,32.32500076293945
2019-07-03,32.974998474121094
2019-07-05,32.959999084472656
2019-07-08,33.0
2019-07-09,32.380001068115234
2019-07-10,32.51499938964844
2019-07-11,32.400001525878906
2019-07-12,32.5
2019-07-15,32.630001068115234
2019-07-16,32.89500045776367
2019-07-17,32.869998931884766
2019-07-18,32.48500061035156
2019-07-19,31.6299991607666
2019-07-22,31.76499938964844
2019-07-23,32.04999923706055
2019-07-24,32.369998931884766
2019-07-25,32.08000183105469
2019-07-26,32.599998474121094
2019-07-29,32.69499969482422
2019-07-30,32.755001068115234
2019-07-31,32.23500061035156
2019-08-01,31.729999542236328
2019-08-02,31.19499969482422
2019-08-05,29.479999542236328
2019-08-06,30.09000015258789
2019-08-07,30.19499969482422
2019-08-08,31.09000015258789
2019-08-09,29.614999771118164
2019-08-12,28.239999771118164
2019-08-13,29.020000457763672
2019-08-14,28.05500030517578
2019-08-15,28.475000381469727
2019-08-16,28.59000015258789
2019-08-19,28.899999618530277
2019-08-20,28.920000076293945
2019-08-21,29.01499938964844
2019-08-22,28.575000762939453
2019-08-23,28.040000915527344
2019-08-26,28.325000762939453
2019-08-27,28.28499984741211
2019-08-28,29.040000915527344
2019-08-29,28.80500030517578
2019-08-30,29.334999084472656
2019-09-03,28.81999969482422
2019-09-04,29.030000686645508
2019-09-05,29.38500022888184
2019-09-06,28.584999084472656
2019-09-09,28.614999771118164
2019-09-10,28.8799991607666
2019-09-11,28.434999465942383
2019-09-12,28.725000381469727
2019-09-13,29.43000030517578
2019-09-16,29.614999771118164
2019-09-17,28.9950008392334
2019-09-18,29.18000030517578
2019-09-19,29.395000457763672
2019-09-20,29.174999237060547
2019-09-23,29.559999465942383
2019-09-24,29.405000686645508
2019-09-25,29.184999465942383
2019-09-26,28.88500022888184
2019-09-27,28.905000686645508
2019-09-30,29.030000686645508
2019-10-01,28.209999084472656
2019-10-02,27.559999465942383
2019-10-03,27.809999465942383
2019-10-04,28.290000915527344
2019-10-07,27.864999771118164
2019-10-08,27.940000534057617
2019-10-09,28.13999938964844
2019-10-10,28.059999465942383
2019-10-11,28.149999618530277
2019-10-14,28.274999618530277
2019-10-15,28.145000457763672
2019-10-16,28.26000022888184
2019-10-17,28.280000686645508
2019-10-18,28.030000686645508
2019-10-21,28.145000457763672
2019-10-22,27.96999931335449
2019-10-23,28.100000381469727
2019-10-24,28.30500030517578
2019-10-25,28.174999237060547
2019-10-28,27.98500061035156
2019-10-29,28.075000762939453
2019-10-30,28.075000762939453
2019-10-31,28.065000534057617
2019-11-01,28.125
2019-11-04,28.045000076293945
2019-11-05,28.23500061035156
2019-11-06,27.9950008392334
2019-11-07,28.31999969482422
2019-11-08,29.07999992370605
2019-11-11,29.01499938964844
2019-11-12,29.200000762939453
2019-11-13,29.475000381469727
2019-11-14,29.46500015258789
2019-11-15,29.31999969482422
2019-11-18,29.51499938964844
2019-11-19,29.280000686645508
2019-11-20,29.0
2019-11-21,29.200000762939453
2019-11-22,29.315000534057617
2019-11-25,29.32999992370605
2019-11-26,29.81999969482422
2019-11-27,30.045000076293945
2019-11-29,29.90999984741211
2019-12-02,29.905000686645508
2019-12-03,29.4950008392334
2019-12-04,30.19499969482422
2019-12-05,29.959999084472656
2019-12-06,30.020000457763672
2019-12-09,30.2450008392334
2019-12-10,30.7549991607666
2019-12-11,31.21500015258789
2019-12-12,31.1200008392334
2019-12-13,31.104999542236328
2019-12-16,31.2450008392334
2019-12-17,31.38500022888184
2019-12-18,31.43000030517578
2019-12-19,31.73500061035156
2019-12-20,31.959999084472656
2019-12-23,31.68000030517578
2019-12-24,31.73500061035156
2019-12-26,31.940000534057617
2019-12-27,31.78499984741211
2019-12-30,31.68000030517578
2019-12-31,31.774999618530277
2020-01-02,31.850000381469727
2020-01-03,31.63999938964844
2020-01-06,31.690000534057617
2020-01-07,31.84499931335449
2020-01-08,31.90999984741211
2020-01-09,32.125
2020-01-10,32.66999816894531
2020-01-13,32.76499938964844
2020-01-14,32.790000915527344
2020-01-15,32.939998626708984
2020-01-16,33.54999923706055
2020-01-17,33.654998779296875
2020-01-21,33.40999984741211
2020-01-22,33.744998931884766
2020-01-23,33.8849983215332
2020-01-24,33.54999923706055
2020-01-27,33.29999923706055
2020-01-28,33.439998626708984
2020-01-29,33.275001525878906
2020-01-30,33.505001068115234
2020-01-31,33.29999923706055
2020-02-03,33.709999084472656
2020-02-04,34.439998626708984
2020-02-05,34.474998474121094
2020-02-06,34.724998474121094
2020-02-07,34.45500183105469
2020-02-10,34.584999084472656
2020-02-11,34.57500076293945
2020-02-12,34.625
2020-02-13,34.845001220703125
2020-02-14,34.93000030517578
2020-02-18,34.79999923706055
2020-02-19,35.040000915527344
2020-02-20,35.20000076293945
2020-02-21,34.869998931884766
2020-02-24,34.095001220703125
2020-02-25,33.310001373291016
2020-02-26,32.939998626708984
2020-02-27,31.8700008392334
2020-02-28,31.20499992370605
2020-03-02,32.3849983215332
2020-03-03,31.88999938964844
2020-03-04,34.025001525878906
2020-03-05,33.564998626708984
2020-03-06,33.095001220703125
2020-03-09,30.93000030517578
2020-03-10,33.064998626708984
2020-03-11,30.905000686645508
2020-03-12,28.69499969482422
2020-03-13,31.19499969482422
2020-03-16,28.71999931335449
2020-03-17,29.8700008392334
2020-03-18,27.94499969482422
2020-03-19,27.15999984741211
2020-03-20,26.049999237060547
2020-03-23,25.48500061035156
2020-03-24,26.864999771118164
2020-03-25,26.82999992370605
2020-03-26,28.920000076293945
2020-03-27,28.19499969482422
2020-03-30,29.0
2020-03-31,28.1299991607666
2020-04-01,26.549999237060547
2020-04-02,27.530000686645508
2020-04-03,27.11000061035156
2020-04-06,29.03499984741211
2020-04-07,29.20499992370605
2020-04-08,30.1299991607666
2020-04-09,30.2549991607666
2020-04-13,29.76499938964844
2020-04-14,32.20500183105469
2020-04-15,31.145000457763672
2020-04-16,30.934999465942383
2020-04-17,31.09499931335449
2020-04-20,30.690000534057617
2020-04-21,29.520000457763672
2020-04-22,30.059999465942383
2020-04-23,29.815000534057617
2020-04-24,29.899999618530277
2020-04-27,30.26000022888184
2020-04-28,30.06999969482422
2020-04-29,31.06999969482422
2020-04-30,30.905000686645508
2020-05-01,29.76000022888184
2020-05-04,29.604999542236328
2020-05-05,30.325000762939453
2020-05-06,30.649999618530277
2020-05-07,31.045000076293945
2020-05-08,32.88999938964844
2020-05-11,33.20000076293945
2020-05-12,33.095001220703125
2020-05-13,32.584999084472656
2020-05-14,32.494998931884766
2020-05-15,33.005001068115234
2020-05-18,33.310001373291016
2020-05-19,33.57500076293945
2020-05-20,34.70500183105469
2020-05-21,34.18000030517578
2020-05-22,34.35499954223633
2020-05-26,34.505001068115234
2020-05-27,35.29999923706055
2020-05-28,35.435001373291016
2020-05-29,35.95500183105469
2020-06-01,36.29499816894531
2020-06-02,36.040000915527344
2020-06-03,36.255001068115234
2020-06-04,35.459999084472656
2020-06-05,36.1150016784668
2020-06-08,35.20000076293945
2020-06-09,35.21500015258789
2020-06-10,35.220001220703125
2020-06-11,33.900001525878906
2020-06-12,34.150001525878906
2020-06-15,34.400001525878906
2020-06-16,34.75
2020-06-17,34.77000045776367
2020-06-18,34.85499954223633
2020-06-19,35.040000915527344
2020-06-22,35.1349983215332
2020-06-23,35.09000015258789
2020-06-24,34.03499984741211
2020-06-25,34.529998779296875
2020-06-26,33.95000076293945
2020-06-29,34.55500030517578
2020-06-30,34.65999984741211
2020-07-01,34.51499938964844
2020-07-02,34.630001068115234
2020-07-06,35.654998779296875
2020-07-07,35.849998474121094
2020-07-08,35.880001068115234
2020-07-09,35.525001525878906
2020-07-10,35.82500076293945
2020-07-13,35.275001525878906
2020-07-14,35.814998626708984
2020-07-15,36.095001220703125
2020-07-16,36.310001373291016
2020-07-17,37.11000061035156
2020-07-20,36.935001373291016
2020-07-21,37.5
2020-07-22,37.8650016784668
2020-07-23,37.46500015258789
2020-07-24,37.43999862670898
2020-07-27,38.21500015258789
2020-07-28,38.095001220703125
2020-07-29,38.65499877929688
2020-07-30,38.90999984741211
2020-07-31,39.2400016784668
2020-08-03,38.91999816894531
2020-08-04,39.005001068115234
2020-08-05,41.54999923706055
2020-08-06,41.755001068115234
2020-08-07,41.595001220703125
2020-08-10,41.0
2020-08-11,40.29999923706055
2020-08-12,41.32500076293945
2020-08-13,41.90999984741211
2020-08-14,41.65999984741211
2020-08-17,41.72499847412109
2020-08-18,41.4900016784668
2020-08-19,41.334999084472656
2020-08-20,41.505001068115234
2020-08-21,41.3650016784668
2020-08-24,41.845001220703125
2020-08-25,41.98500061035156
2020-08-26,41.98500061035156
2020-08-27,41.66999816894531
2020-08-28,42.27000045776367
2020-08-31,41.93000030517578
2020-09-01,42.41999816894531
2020-09-02,43.26499938964844
2020-09-03,41.34999847412109
2020-09-04,41.1349983215332
2020-09-08,40.04999923706055
2020-09-09,41.369998931884766
2020-09-10,40.88999938964844
2020-09-11,40.66999816894531
2020-09-14,41.44499969482422
2020-09-15,41.56999969482422
2020-09-16,40.935001373291016
2020-09-17,40.35499954223633
2020-09-18,39.494998931884766
2020-09-21,39.18999862670898
2020-09-22,39.6150016784668
2020-09-23,38.89500045776367
2020-09-24,39.0
2020-09-25,39.39500045776367
2020-09-28,40.255001068115234
2020-09-29,39.89500045776367
2020-09-30,40.09999847412109
2020-10-01,40.7400016784668
2020-10-02,39.775001525878906
2020-10-05,39.334999084472656
2020-10-06,38.81499862670898
2020-10-07,39.380001068115234
2020-10-08,39.584999084472656
2020-10-09,40.47499847412109
2020-10-12,41.38999938964844
2020-10-13,41.744998931884766
2020-10-14,41.400001525878906
2020-10-15,40.69499969482422
2020-10-16,40.380001068115234
2020-10-19,40.005001068115234
2020-10-20,40.09999847412109
2020-10-21,40.04499816894531
2020-10-22,40.27999877929688
2020-10-23,40.19499969482422
2020-10-26,39.42499923706055
2020-10-27,40.19499969482422
2020-10-28,38.685001373291016
2020-10-29,38.77000045776367
2020-10-30,38.28499984741211
2020-11-02,38.959999084472656
2020-11-03,39.7599983215332
2020-11-04,41.36000061035156
2020-11-05,41.84000015258789
2020-11-06,41.630001068115234
2020-11-09,40.67499923706055
2020-11-10,40.790000915527344
2020-11-11,42.25
2020-11-12,41.47999954223633
2020-11-13,42.0099983215332
2020-11-16,41.790000915527344
2020-11-17,42.77000045776367
2020-11-18,42.11000061035156
2020-11-19,41.8650016784668
2020-11-20,41.7599983215332
2020-11-23,42.03499984741211
2020-11-24,42.095001220703125
2020-11-25,42.040000915527344
2020-11-27,42.07500076293945
2020-11-30,42.38999938964844
2020-12-01,43.34000015258789
2020-12-02,43.130001068115234
2020-12-03,43.2599983215332
2020-12-04,43.720001220703125
2020-12-07,43.584999084472656
2020-12-08,44.09999847412109
2020-12-09,43.95000076293945
2020-12-10,44.01499938964844
2020-12-11,44.0099983215332
2020-12-14,44.209999084472656
2020-12-15,44.290000915527344
2020-12-16,44.900001525878906
2020-12-17,45.06999969482422
2020-12-18,45.06499862670898
2020-12-21,44.48500061035156
2020-12-22,44.1349983215332
2020-12-23,44.470001220703125
2020-12-24,44.90499877929688
2020-12-28,45.40499877929688
2020-12-29,45.52000045776367
2020-12-30,45.72999954223633
2020-12-31,46.2400016784668
2021-01-04,45.29999923706055
2021-01-05,45.709999084472656
2021-01-06,45.34999847412109
2021-01-07,46.75
2021-01-08,47.494998931884766
2021-01-11,46.470001220703125
2021-01-12,46.994998931884766
2021-01-13,45.935001373291016
2021-01-14,45.68000030517578
2021-01-15,45.82500076293945
2021-01-19,45.040000915527344
2021-01-20,44.80500030517578
2021-01-21,44.59999847412109
2021-01-22,44.09999847412109
2021-01-25,44.22999954223633
2021-01-26,44.400001525878906
2021-01-27,42.96500015258789
2021-01-28,44.3650016784668
2021-01-29,43.415000915527344
2021-02-01,44.125
2021-02-02,45.220001220703125
2021-02-03,45.20500183105469
2021-02-04,45.73500061035156
2021-02-05,45.54999923706055
2021-02-08,45.43999862670898
2021-02-09,45.255001068115234
2021-02-10,45.22499847412109
2021-02-11,44.970001220703125
2021-02-12,45.8650016784668
2021-02-16,46.09000015258789
2021-02-17,46.08000183105469
2021-02-18,46.32500076293945
2021-02-19,44.82500076293945
2021-02-22,44.584999084472656
2021-02-23,44.15999984741211
2021-02-24,44.119998931884766
2021-02-25,42.67499923706055
2021-02-26,43.869998931884766
2021-03-01,43.775001525878906
2021-03-02,43.43999862670898
2021-03-03,42.29999923706055
2021-03-04,42.34000015258789
2021-03-05,43.209999084472656
2021-03-08,42.56999969482422
2021-03-09,44.220001220703125
2021-03-10,44.70000076293945
2021-03-11,44.67499923706055
2021-03-12,44.470001220703125
2021-03-15,44.65499877929688
2021-03-16,44.69499969482422
2021-03-17,44.29999923706055
2021-03-18,43.959999084472656
2021-03-19,43.959999084472656
2021-03-22,44.525001525878906
2021-03-23,44.810001373291016
2021-03-24,44.36000061035156
2021-03-25,44.39500045776367
2021-03-26,45.82500076293945
2021-03-29,45.959999084472656
2021-03-30,45.345001220703125
2021-03-31,45.54499816894531
2021-04-01,45.68000030517578
2021-04-05,46.720001220703125
2021-04-06,46.8650016784668
2021-04-07,47.1150016784668
2021-04-08,47.650001525878906
2021-04-09,47.64500045776367
2021-04-12,47.709999084472656
2021-04-13,47.94499969482422
2021-04-14,47.400001525878906
2021-04-15,47.97499847412109
2021-04-16,49.084999084472656
2021-04-19,48.93000030517578
2021-04-20,48.70000076293945
2021-04-21,48.994998931884766
2021-04-22,48.755001068115234
2021-04-23,49.34000015258789
2021-04-26,48.56999969482422
2021-04-27,48.5099983215332
2021-04-28,48.23500061035156
2021-04-29,48.970001220703125
2021-04-30,48.525001525878906
2021-05-03,48.80500030517578
2021-05-04,47.970001220703125
2021-05-05,47.22499847412109
2021-05-06,47.5099983215332
2021-05-07,45.625
2021-05-10,45.79999923706055
2021-05-11,45.77000045776367
2021-05-12,44.89500045776367
2021-05-13,44.73500061035156
2021-05-14,46.06999969482422
2021-05-17,45.67499923706055
2021-05-18,45.40499877929688
2021-05-19,45.3650016784668
2021-05-20,46.25
2021-05-21,46.005001068115234
2021-05-24,46.6150016784668
2021-05-25,46.51499938964844
2021-05-26,46.70500183105469
2021-05-27,46.65499877929688
2021-05-28,47.1349983215332
2021-06-01,46.79499816894531
2021-06-02,47.415000915527344
2021-06-03,47.525001525878906
2021-06-04,47.685001373291016
2021-06-07,47.150001525878906
2021-06-08,47.08000183105469
2021-06-09,46.619998931884766
2021-06-10,46.8849983215332
2021-06-11,46.75
2021-06-14,46.70000076293945
2021-06-15,46.095001220703125
2021-06-16,45.7599983215332
2021-06-17,46.28499984741211
2021-06-18,45.880001068115234
2021-06-21,46.02000045776367
2021-06-22,45.88999938964844
2021-06-23,45.15499877929688
2021-06-24,45.06999969482422
2021-06-25,46.060001373291016
2021-06-28,45.72999954223633
2021-06-29,45.77999877929688
2021-06-30,45.67499923706055
2021-07-01,45.57500076293945
2021-07-02,45.43000030517578
2021-07-06,45.30500030517578
2021-07-07,45.41999816894531
2021-07-08,44.91999816894531
2021-07-09,45.119998931884766
2021-07-12,45.584999084472656
2021-07-13,46.0099983215332
2021-07-14,46.5
2021-07-15,46.810001373291016
2021-07-16,46.53499984741211
2021-07-19,46.125
2021-07-20,46.85499954223633
2021-07-21,46.67499923706055
2021-07-22,46.685001373291016
2021-07-23,48.14500045776367
2021-07-26,48.0
2021-07-27,47.59000015258789
2021-07-28,47.025001525878906
2021-07-29,47.290000915527344
2021-07-30,47.15999984741211
2021-08-02,46.68000030517578
2021-08-03,46.52000045776367
2021-08-04,46.005001068115234
2021-08-05,45.97499847412109
2021-08-06,48.48500061035156
2021-08-09,49.23500061035156
2021-08-10,49.39500045776367
2021-08-11,49.36000061035156
2021-08-12,48.810001373291016
2021-08-13,49.060001373291016
2021-08-16,49.209999084472656
2021-08-17,48.7599983215332
2021-08-18,47.93000030517578
2021-08-19,48.59000015258789
2021-08-20,48.369998931884766
2021-08-23,48.375
2021-08-24,48.31499862670898
2021-08-25,48.56499862670898
2021-08-26,48.41999816894531
2021-08-27,48.665000915527344
2021-08-30,48.90499877929688
2021-08-31,48.78499984741211
2021-09-01,48.900001525878906
2021-09-02,48.79999923706055
2021-09-03,48.790000915527344
2021-09-07,47.59000015258789
2021-09-08,48.41999816894531
2021-09-09,48.17499923706055
2021-09-10,47.959999084472656
2021-09-13,47.69499969482422
2021-09-14,47.47999954223633
2021-09-15,47.56999969482422
2021-09-16,47.93999862670898
2021-09-17,47.31999969482422
2021-09-20,46.39500045776367
2021-09-21,45.900001525878906
2021-09-22,46.28499984741211
2021-09-23,46.54499816894531
2021-09-24,46.369998931884766
2021-09-27,45.89500045776367
2021-09-28,44.75
2021-09-29,44.665000915527344
2021-09-30,44.415000915527344
2021-10-01,44.93999862670898
2021-10-04,44.25
2021-10-05,44.775001525878906
2021-10-06,45.04999923706055
2021-10-07,45.03499984741211
2021-10-08,44.6349983215332
2021-10-11,44.025001525878906
2021-10-12,43.970001220703125
2021-10-13,42.665000915527344
2021-10-14,42.79999923706055
2021-10-15,42.790000915527344
2021-10-18,42.71500015258789
2021-10-19,42.5
2021-10-20,42.46500015258789
2021-10-21,42.625
2021-10-22,42.3650016784668
2021-10-25,42.18999862670898
2021-10-26,42.790000915527344
2021-10-27,42.43999862670898
2021-10-28,42.45000076293945
2021-10-29,42.5
2021-11-01,42.72999954223633
2021-11-02,42.94499969482422
2021-11-03,43.65999984741211
2021-11-04,43.88999938964844
2021-11-05,45.81499862670898
2021-11-08,45.415000915527344
2021-11-09,45.880001068115234
2021-11-10,45.9900016784668
2021-11-11,46.1349983215332
2021-11-12,46.02999877929688
2021-11-15,46.5
2021-11-16,46.165000915527344
2021-11-17,45.70000076293945
2021-11-18,44.69499969482422
2021-11-19,44.650001525878906
2021-11-22,45.04499816894531
2021-11-23,44.310001373291016
2021-11-24,44.54499816894531
2021-11-26,43.525001525878906
2021-11-29,43.42499923706055
2021-11-30,41.88999938964844
2021-12-01,40.52999877929688
2021-12-02,41.47999954223633
2021-12-03,41.84999847412109
2021-12-06,42.85499954223633
2021-12-07,44.185001373291016
2021-12-08,44.46500015258789
2021-12-09,44.150001525878906
2021-12-10,44.775001525878906
2021-12-13,44.88999938964844
2021-12-14,45.185001373291016
2021-12-15,45.60499954223633
2021-12-16,45.810001373291016
2021-12-17,45.810001373291016
2021-12-20,45.81999969482422
2021-12-21,46.39500045776367
2021-12-22,46.7400016784668
2021-12-23,46.91999816894531
2021-12-27,47.400001525878906
2021-12-28,47.34999847412109
2021-12-29,47.89500045776367
2021-12-30,47.69499969482422
2021-12-31,48.02000045776367
2022-01-03,48.27000045776367
2022-01-04,48.869998931884766
2022-01-05,48.025001525878906
2022-01-06,47.7599983215332
2022-01-07,47.02999877929688
2022-01-10,46.3650016784668
2022-01-11,47.290000915527344
2022-01-12,46.9900016784668
2022-01-13,47.185001373291016
2022-01-14,44.95500183105469
2022-01-18,43.34999847412109
2022-01-19,43.3650016784668
2022-01-20,43.185001373291016
2022-01-21,42.810001373291016
2022-01-24,44.06999969482422
2022-01-25,43.165000915527344
2022-01-26,42.29499816894531
2022-01-27,41.584999084472656
2022-01-28,42.65499877929688
2022-01-31,43.36000061035156
2022-02-01,43.23500061035156
2022-02-02,43.60499954223633
2022-02-03,43.040000915527344
2022-02-04,42.14500045776367
2022-02-07,42.27000045776367
2022-02-08,42.36000061035156
2022-02-09,43.14500045776367
2022-02-10,41.915000915527344
2022-02-11,41.400001525878906
2022-02-14,41.28499984741211
2022-02-15,41.38999938964844
2022-02-16,41.61000061035156
2022-02-17,41.06999969482422
2022-02-18,40.6349983215332
2022-02-22,40.82500076293945
2022-02-23,39.70500183105469
2022-02-24,40.17499923706055
2022-02-25,42.28499984741211
2022-02-28,42.20000076293945
2022-03-01,41.6150016784668
2022-03-02,41.875
2022-03-03,41.67499923706055
2022-03-04,40.65999984741211
2022-03-07,37.5
2022-03-08,36.244998931884766
2022-03-09,38.34000015258789
2022-03-10,37.69499969482422
2022-03-11,36.61000061035156
2022-03-14,36.6150016784668
2022-03-15,37.540000915527344
2022-03-16,38.595001220703125
2022-03-17,39.13999938964844
2022-03-18,40.29499816894531
2022-03-21,39.5
2022-03-22,40.650001525878906
2022-03-23,39.025001525878906
2022-03-24,39.27999877929688
2022-03-25,39.34999847412109
2022-03-28,40.0099983215332
2022-03-29,41.290000915527344
2022-03-30,40.02999877929688
2022-03-31,39.95000076293945
2022-04-01,41.07500076293945
2022-04-04,41.29999923706055
2022-04-05,40.95000076293945
2022-04-06,40.40999984741211
2022-04-07,40.88999938964844
2022-04-08,40.810001373291016
2022-04-11,41.084999084472656
2022-04-12,41.345001220703125
2022-04-13,42.005001068115234
2022-04-14,41.29499816894531
2022-04-18,41.220001220703125
2022-04-19,41.900001525878906
2022-04-20,42.67499923706055
2022-04-21,43.43999862670898
2022-04-22,42.82500076293945
2022-04-25,43.34000015258789
2022-04-26,43.130001068115234
2022-04-27,43.375
2022-04-28,43.90499877929688
2022-04-29,42.84000015258789
2022-05-02,42.375
2022-05-03,41.959999084472656
2022-05-04,43.32500076293945
2022-05-05,41.52000045776367
2022-05-06,43.334999084472656
2022-05-09,41.78499984741211
2022-05-10,42.06999969482422
2022-05-11,42.45500183105469
2022-05-12,42.84000015258789
2022-05-13,44.44499969482422
2022-05-16,44.55500030517578
2022-05-17,44.6150016784668
2022-05-18,43.310001373291016
2022-05-19,43.380001068115234
2022-05-20,43.81499862670898
2022-05-23,43.525001525878906
2022-05-24,43.744998931884766
2022-05-25,43.8650016784668
2022-05-26,44.3650016784668
2022-05-27,44.834999084472656
2022-05-31,44.560001373291016
2022-06-01,44.025001525878906
2022-06-02,45.16999816894531
2022-06-03,44.415000915527344
2022-06-06,45.68000030517578
2022-06-07,45.42499923706055
2022-06-08,45.119998931884766
2022-06-09,44.650001525878906
2022-06-10,43.52000045776367
2022-06-13,42.244998931884766
2022-06-14,44.02999877929688
2022-06-15,43.935001373291016
2022-06-16,43.94499969482422
2022-06-17,44.060001373291016
2022-06-21,45.41999816894531
2022-06-22,45.369998931884766
2022-06-23,46.09000015258789
2022-06-24,47.290000915527344
2022-06-27,47.10499954223633
2022-06-28,45.40499877929688
2022-06-29,46.67499923706055
2022-06-30,46.34999847412109
2022-07-01,47.29499816894531
2022-07-05,48.05500030517578
2022-07-06,48.69499969482422
2022-07-07,48.494998931884766
2022-07-08,48.7400016784668
2022-07-11,48.43000030517578
2022-07-12,48.375
2022-07-13,48.400001525878906
2022-07-14,48.875
2022-07-15,48.57500076293945
2022-07-18,47.5099983215332
2022-07-19,48.130001068115234
2022-07-20,48.20000076293945
2022-07-21,47.8849983215332
2022-07-22,47.53499984741211
2022-07-25,47.91999816894531
2022-07-26,47.94499969482422
2022-07-27,48.69499969482422
2022-07-28,49.45500183105469
2022-07-29,49.810001373291016
2022-08-01,49.244998931884766
2022-08-02,48.45000076293945
2022-08-03,48.025001525878906
2022-08-04,48.18000030517578
2022-08-05,45.68999862670898
2022-08-08,44.71500015258789
2022-08-09,44.40499877929688
2022-08-10,44.90999984741211
2022-08-11,44.650001525878906
2022-08-12,45.0099983215332
2022-08-15,45.89500045776367
2022-08-16,46.13999938964844
2022-08-17,45.755001068115234
2022-08-18,45.630001068115234
2022-08-19,45.29499816894531
2022-08-22,44.79499816894531
2022-08-23,45.08000183105469
2022-08-24,45.21500015258789
2022-08-25,45.59000015258789
2022-08-26,44.57500076293945
2022-08-29,44.29499816894531
2022-08-30,44.26499938964844
2022-08-31,44.415000915527344
2022-09-01,44.5
2022-09-02,44.19499969482422
2022-09-06,44.29499816894531
2022-09-07,45.22499847412109
2022-09-08,45.709999084472656
2022-09-09,46.21500015258789
2022-09-12,46.77999877929688
2022-09-13,44.76499938964844
2022-09-14,44.46500015258789
2022-09-15,43.685001373291016
2022-09-16,43.619998931884766
2022-09-19,43.92499923706055
2022-09-20,43.84999847412109
2022-09-21,43.52000045776367
2022-09-22,43.3849983215332
2022-09-23,43.54499816894531
2022-09-26,43.95500183105469
2022-09-27,43.67499923706055
2022-09-28,44.70000076293945
2022-09-29,44.005001068115234
2022-09-30,43.47999954223633
2022-10-03,44.53499984741211
2022-10-04,45.82500076293945
2022-10-05,46.09000015258789
2022-10-06,45.869998931884766
2022-10-07,45.14500045776367
2022-10-10,45.5099983215332
2022-10-11,44.72999954223633
2022-10-12,44.78499984741211
2022-10-13,45.040000915527344
2022-10-14,43.70000076293945
2022-10-17,44.68999862670898
2022-10-18,45.2400016784668
2022-10-19,44.119998931884766
2022-10-20,43.505001068115234
2022-10-21,43.79499816894531
2022-10-24,45.05500030517578
2022-10-25,45.83000183105469
2022-10-26,46.005001068115234
2022-10-27,45.8650016784668
2022-10-28,46.77000045776367
2022-10-31,46.86000061035156
2022-11-01,47.17499923706055
2022-11-02,45.85499954223633
2022-11-03,45.54499816894531
2022-11-04,48.970001220703125
2022-11-07,49.45000076293945
2022-11-08,48.93000030517578
2022-11-09,48.1150016784668
2022-11-10,49.650001525878906
2022-11-11,49.060001373291016
2022-11-14,48.459999084472656
2022-11-15,49.06999969482422
2022-11-16,49.595001220703125
2022-11-17,49.47999954223633
2022-11-18,49.84999847412109
2022-11-21,50.54999923706055
2022-11-22,51.58000183105469
2022-11-23,51.96500015258789
2022-11-25,51.685001373291016
2022-11-28,50.93999862670898
2022-11-29,49.89500045776367
2022-11-30,51.43000030517578
2022-12-01,51.625
2022-12-02,52.02000045776367
2022-12-05,51.084999084472656
2022-12-06,50.720001220703125
2022-12-07,50.6150016784668
2022-12-08,50.77000045776367
2022-12-09,50.02000045776367
2022-12-12,50.40999984741211
2022-12-13,50.220001220703125
2022-12-14,50.95000076293945
2022-12-15,49.82500076293945
2022-12-16,50.38999938964844
2022-12-19,50.209999084472656
2022-12-20,50.58000183105469
2022-12-21,50.97499847412109
2022-12-22,50.40499877929688
2022-12-23,50.630001068115234
2022-12-27,51.005001068115234
2022-12-28,50.65999984741211
2022-12-29,51.0099983215332
2022-12-30,50.76499938964844
2023-01-03,50.65999984741211
2023-01-04,51.07500076293945
2023-01-05,50.18999862670898
2023-01-06,51.21500015258789
2023-01-09,50.57500076293945
2023-01-10,50.26499938964844
2023-01-11,50.845001220703125
2023-01-12,50.02000045776367
2023-01-13,51.040000915527344
2023-01-17,51.084999084472656
2023-01-18,50.369998931884766
2023-01-19,49.93000030517578
2023-01-20,50.0
2023-01-23,50.05500030517578
2023-01-24,51.5099983215332
2023-01-25,51.7599983215332
2023-01-26,51.95500183105469
2023-01-27,51.39500045776367
2023-01-30,51.185001373291016
2023-01-31,52.040000915527344
2023-02-01,52.02000045776367
2023-02-02,51.290000915527344
2023-02-03,50.900001525878906
2023-02-06,51.40999984741211
2023-02-07,51.255001068115234
2023-02-08,51.04499816894531
2023-02-09,51.42499923706055
2023-02-10,51.400001525878906
2023-02-13,52.11000061035156
2023-02-14,52.125
2023-02-15,52.54999923706055
2023-02-16,52.02000045776367
2023-02-17,52.09000015258789
2023-02-21,51.18999862670898
2023-02-22,51.165000915527344
2023-02-23,51.345001220703125
2023-02-24,50.6150016784668
2023-02-27,51.15999984741211
2023-02-28,50.880001068115234
2023-03-01,49.595001220703125
2023-03-02,51.07500076293945
2023-03-03,51.005001068115234
2023-03-06,51.9900016784668
2023-03-07,51.61000061035156
2023-03-08,51.560001373291016
2023-03-09,51.0
2023-03-10,50.084999084472656
2023-03-13,50.15999984741211
2023-03-14,50.81999969482422
2023-03-15,51.17499923706055
2023-03-16,51.70000076293945
2023-03-17,51.494998931884766
2023-03-20,52.275001525878906
2023-03-21,51.89500045776367
2023-03-22,51.17499923706055
2023-03-23,51.19499969482422
2023-03-24,52.040000915527344
2023-03-27,52.334999084472656
2023-03-28,51.59999847412109
2023-03-29,52.150001525878906
2023-03-30,52.4900016784668
2023-03-31,54.0099983215332
2023-04-03,53.58000183105469
2023-04-04,53.15999984741211
2023-04-05,52.79999923706055
2023-04-06,52.560001373291016
2023-04-10,52.34999847412109
2023-04-11,52.27999877929688
2023-04-12,52.470001220703125
2023-04-13,52.869998931884766
2023-04-14,52.560001373291016
2023-04-17,52.880001068115234
2023-04-18,52.68000030517578
2023-04-19,52.4900016784668
2023-04-20,52.900001525878906
2023-04-21,53.06999969482422
2023-04-24,53.70000076293945
2023-04-25,54.209999084472656
2023-04-26,54.2599983215332
2023-04-27,55.27999877929688
2023-04-28,56.0
2023-05-01,56.84000015258789
2023-05-02,57.540000915527344
2023-05-03,58.36000061035156
2023-05-04,57.81999969482422
2023-05-05,59.709999084472656
2023-05-08,59.040000915527344
2023-05-09,58.68999862670898
2023-05-10,59.11000061035156
2023-05-11,59.27999877929688
2023-05-12,59.540000915527344
2023-05-15,59.720001220703125
2023-05-16,59.93999862670898
2023-05-17,59.650001525878906
2023-05-18,59.84999847412109
2023-05-19,59.68000030517578
2023-05-22,59.119998931884766
2023-05-23,57.93999862670898
2023-05-24,57.56999969482422
2023-05-25,57.33000183105469
2023-05-26,57.61000061035156
2023-05-30,57.75
2023-05-31,58.584999084472656
