Date,TSCO
2013-01-02,40.14188766479492
2013-01-03,40.1069450378418
2013-01-04,40.05448913574219
2013-01-07,39.49064636230469
2013-01-08,40.15064239501953
2013-01-09,40.82374954223633
2013-01-10,40.66639709472656
2013-01-11,39.9889030456543
2013-01-14,40.06759262084961
2013-01-15,40.4478645324707
2013-01-16,40.627079010009766
2013-01-17,41.081634521484375
2013-01-18,41.10348510742188
2013-01-22,41.10784912109375
2013-01-23,40.33858108520508
2013-01-24,40.89805221557617
2013-01-25,41.89897918701172
2013-01-28,41.40945816040039
2013-01-29,41.081634521484375
2013-01-30,41.27832794189453
2013-01-31,45.31261444091797
2013-02-01,45.43938446044922
2013-02-04,44.652618408203125
2013-02-05,45.255802154541016
2013-02-06,45.01539993286133
2013-02-07,45.0416374206543
2013-02-08,45.47433471679688
2013-02-11,45.1071891784668
2013-02-12,45.00228500366211
2013-02-13,45.06346893310547
2013-02-14,45.34756851196289
2013-02-15,45.3563117980957
2013-02-19,45.21209716796875
2013-02-20,44.3903694152832
2013-02-21,44.18452453613281
2013-02-22,44.342193603515625
2013-02-25,44.35971832275391
2013-02-26,44.898380279541016
2013-02-27,45.22247314453125
2013-02-28,45.54217529296875
2013-03-01,45.14801406860352
2013-03-04,45.40640640258789
2013-03-05,45.67354202270508
2013-03-06,45.64727783203125
2013-03-07,45.46772766113281
2013-03-08,45.853126525878906
2013-03-11,45.56844711303711
2013-03-12,45.073577880859375
2013-03-13,45.01662063598633
2013-03-14,44.88525390625
2013-03-15,44.23707962036133
2013-03-18,44.33781051635742
2013-03-19,44.05314636230469
2013-03-20,44.81955337524414
2013-03-21,44.61809921264648
2013-03-22,44.71882629394531
2013-03-25,44.43853759765625
2013-03-26,44.63124465942383
2013-03-27,45.17429733276367
2013-03-28,45.60348129272461
2013-04-01,45.01225662231445
2013-04-02,44.93778991699219
2013-04-03,44.53050994873047
2013-04-04,45.36260986328125
2013-04-05,46.435577392578125
2013-04-08,47.583003997802734
2013-04-09,47.48666000366211
2013-04-10,47.58740615844727
2013-04-11,47.6136589050293
2013-04-12,47.01806640625
2013-04-15,45.90128326416016
2013-04-16,46.30419158935547
2013-04-17,46.25602722167969
2013-04-18,46.51441192626953
2013-04-19,47.324615478515625
2013-04-22,47.99467086791992
2013-04-23,48.734806060791016
2013-04-24,49.072025299072266
2013-04-25,48.542110443115234
2013-04-26,47.5173225402832
2013-04-29,47.14068222045898
2013-04-30,46.93484878540039
2013-05-01,46.1290283203125
2013-05-02,47.4778938293457
2013-05-03,48.498313903808594
2013-05-06,48.99757385253906
2013-05-07,49.5625228881836
2013-05-08,48.73919677734375
2013-05-09,48.83552932739258
2013-05-10,49.8209114074707
2013-05-13,49.93477249145508
2013-05-14,50.21068954467773
2013-05-15,50.33769989013672
2013-05-16,49.56954574584961
2013-05-17,49.42470169067383
2013-05-20,49.26229095458984
2013-05-21,50.19723510742188
2013-05-22,48.8233528137207
2013-05-23,48.81017303466797
2013-05-24,48.81017303466797
2013-05-28,49.13939666748047
2013-05-29,48.998931884765625
2013-05-30,49.70122528076172
2013-05-31,49.15254974365234
2013-06-03,48.37125015258789
2013-06-04,47.67770767211914
2013-06-05,48.2790641784668
2013-06-06,49.2183952331543
2013-06-07,49.82851791381836
2013-06-10,49.93387222290039
2013-06-11,50.19723510742188
2013-06-12,49.464202880859375
2013-06-13,50.25868606567383
2013-06-14,50.33769607543945
2013-06-17,50.71080780029297
2013-06-18,51.62379837036133
2013-06-19,50.92148971557617
2013-06-20,49.39836120605469
2013-06-21,48.37561798095703
2013-06-24,48.80580139160156
2013-06-25,49.14816284179688
2013-06-26,49.5475959777832
2013-06-27,51.13217544555664
2013-06-28,51.597450256347656
2013-07-01,51.083892822265625
2013-07-02,50.87319946289063
2013-07-03,51.04438400268555
2013-07-05,52.15052795410156
2013-07-08,52.29535675048828
2013-07-09,52.74309158325195
2013-07-10,53.6253547668457
2013-07-11,53.94578552246094
2013-07-12,53.99407958984375
2013-07-15,53.80093002319336
2013-07-16,52.97134017944336
2013-07-17,52.277809143066406
2013-07-18,53.002071380615234
2013-07-19,53.76580047607422
2013-07-22,53.58146667480469
2013-07-23,53.58585357666016
2013-07-24,53.23030853271485
2013-07-25,51.93981552124024
2013-07-26,52.31293869018555
2013-07-29,52.39632415771485
2013-07-30,52.73430633544922
2013-07-31,53.17764663696289
2013-08-01,53.97651290893555
2013-08-02,54.12574768066406
2013-08-05,53.83164978027344
2013-08-06,53.6034049987793
2013-08-07,52.589454650878906
2013-08-08,53.335670471191406
2013-08-09,53.71315383911133
2013-08-12,52.7738151550293
2013-08-13,53.52001190185547
2013-08-14,52.81771087646485
2013-08-15,51.379276275634766
2013-08-16,51.36167526245117
2013-08-19,51.78837966918945
2013-08-20,52.94527053833008
2013-08-21,51.99071502685547
2013-08-22,53.3543815612793
2013-08-23,53.22680282592773
2013-08-26,53.46874237060547
2013-08-27,52.94087600708008
2013-08-28,52.69893264770508
2013-08-29,54.449703216552734
2013-08-30,53.82946395874024
2013-09-03,53.43355941772461
2013-09-04,54.42332077026367
2013-09-05,54.85880279541016
2013-09-06,54.39691162109375
2013-09-09,55.795780181884766
2013-09-10,56.87789535522461
2013-09-11,57.57292175292969
2013-09-12,57.48494338989258
2013-09-13,57.40578079223633
2013-09-16,57.4145736694336
2013-09-17,57.515743255615234
2013-09-18,57.69170379638672
2013-09-19,57.8896369934082
2013-09-20,57.3969612121582
2013-09-23,57.11984252929688
2013-09-24,57.185829162597656
2013-09-25,57.21221923828125
2013-09-26,58.21078109741211
2013-09-27,58.41750717163086
2013-09-30,59.0949592590332
2013-10-01,60.06270599365234
2013-10-02,60.46742630004883
2013-10-03,60.00112915039063
2013-10-04,60.29146957397461
2013-10-07,58.76063537597656
2013-10-08,57.61691284179688
2013-10-09,56.90430068969727
2013-10-10,57.91604995727539
2013-10-11,57.93364334106445
2013-10-14,57.81047058105469
2013-10-15,57.168235778808594
2013-10-16,58.672664642333984
2013-10-17,58.45270919799805
2013-10-18,59.11254501342773
2013-10-21,60.57297897338867
2013-10-22,60.30025100708008
2013-10-23,60.16827774047852
2013-10-24,65.05109405517578
2013-10-25,64.41763305664062
2013-10-28,63.21232223510742
2013-10-29,63.564239501953125
2013-10-30,62.93962860107422
2013-10-31,62.77242660522461
2013-11-01,62.570106506347656
2013-11-04,62.45570755004883
2013-11-05,62.253395080566406
2013-11-06,62.80763626098633
2013-11-07,61.61992263793945
2013-11-08,62.790016174316406
2013-11-11,63.15077209472656
2013-11-12,63.64342498779297
2013-11-13,64.66397094726562
2013-11-14,64.64635467529297
2013-11-15,65.29852294921875
2013-11-18,64.31143951416016
2013-11-19,63.03348922729492
2013-11-20,62.848411560058594
2013-11-21,64.02058410644531
2013-11-22,64.50534057617188
2013-11-25,64.7785415649414
2013-11-26,65.5276870727539
2013-11-27,65.25447082519531
2013-11-29,64.5229721069336
2013-12-02,64.94601440429688
2013-12-03,64.68161010742188
2013-12-04,64.09109497070312
2013-12-05,64.0294189453125
2013-12-06,64.12635803222656
2013-12-09,63.89720916748047
2013-12-10,63.22739791870117
2013-12-11,62.97179412841797
2013-12-12,62.89247512817383
2013-12-13,63.48297882080078
2013-12-16,64.85784149169922
2013-12-17,64.6639633178711
2013-12-18,65.8537826538086
2013-12-19,65.28089141845703
2013-12-20,66.03004455566406
2013-12-23,66.93782043457031
2013-12-24,67.05240631103516
2013-12-26,67.08766174316406
2013-12-27,66.57646942138672
2013-12-30,67.1845932006836
2013-12-31,68.37442016601562
2014-01-02,67.68697357177734
2014-01-03,67.40496063232422
2014-01-06,66.5059585571289
2014-01-07,66.9201889038086
2014-01-08,67.29035949707031
2014-01-09,67.59884643554688
2014-01-10,67.49305725097656
2014-01-13,64.6904067993164
2014-01-14,65.5276870727539
2014-01-15,66.25920104980469
2014-01-16,65.49243927001953
2014-01-17,65.36904907226562
2014-01-21,64.25858306884766
2014-01-22,64.4788818359375
2014-01-23,63.34196472167969
2014-01-24,61.85249328613281
2014-01-27,62.09925842285156
2014-01-28,62.29317855834961
2014-01-29,60.81251907348633
2014-01-30,59.45524597167969
2014-01-31,58.61797332763672
2014-02-03,55.89464569091797
2014-02-04,56.00920104980469
2014-02-05,56.17665100097656
2014-02-06,57.37528991699219
2014-02-07,58.62677001953125
2014-02-10,58.18611907958984
2014-02-11,57.87763214111328
2014-02-12,58.16849136352539
2014-02-13,58.32713317871094
2014-02-14,57.90408706665039
2014-02-18,58.635589599609375
2014-02-19,57.83358001708984
2014-02-20,58.080833435058594
2014-02-21,58.637184143066406
2014-02-24,58.96393585205078
2014-02-25,61.10984802246094
2014-02-26,62.2225341796875
2014-02-27,62.09890365600586
2014-02-28,62.31085968017578
2014-03-03,61.948768615722656
2014-03-04,63.35290145874024
2014-03-05,63.35290145874024
2014-03-06,63.83857345581055
2014-03-07,64.21832275390625
2014-03-10,64.06820678710938
2014-03-11,63.688472747802734
2014-03-12,63.66199493408203
2014-03-13,62.58462905883789
2014-03-14,62.75237274169922
2014-03-17,63.86508941650391
2014-03-18,65.35751342773438
2014-03-19,64.96012115478516
2014-03-20,65.41047668457031
2014-03-21,65.67542266845703
2014-03-24,64.64219665527344
2014-03-25,63.441184997558594
2014-03-26,62.19604110717773
2014-03-27,62.028263092041016
2014-03-28,62.49629592895508
2014-03-31,62.37266159057617
2014-04-01,63.3352165222168
2014-04-02,63.812103271484375
2014-04-03,62.73473358154297
2014-04-04,61.0656852722168
2014-04-07,59.14936828613281
2014-04-08,59.95298385620117
2014-04-09,61.0656852722168
2014-04-10,59.6968879699707
2014-04-11,59.24651718139648
2014-04-14,59.034576416015625
2014-04-15,58.91978454589844
2014-04-16,59.069923400878906
2014-04-17,59.38780975341797
2014-04-21,59.352481842041016
2014-04-22,59.59975814819336
2014-04-23,59.46728897094727
2014-04-24,58.89329147338867
2014-04-25,58.00138854980469
2014-04-28,58.67251968383789
2014-04-29,58.9462776184082
2014-04-30,59.37899398803711
2014-05-01,58.902122497558594
2014-05-02,59.22886276245117
2014-05-05,59.00809860229492
2014-05-06,57.67462158203125
2014-05-07,56.82686233520508
2014-05-08,56.89751434326172
2014-05-09,57.78942108154297
2014-05-12,58.72551345825195
2014-05-13,57.153594970703125
2014-05-14,56.65023422241211
2014-05-15,55.915435791015625
2014-05-16,56.4997444152832
2014-05-19,56.36693954467773
2014-05-20,56.29611587524414
2014-05-21,56.63253021240234
2014-05-22,56.29611587524414
2014-05-23,56.42891693115234
2014-05-27,57.367332458496094
2014-05-28,56.42891693115234
2014-05-29,56.32267761230469
2014-05-30,57.56209945678711
2014-06-02,57.58866882324219
2014-06-03,57.8365478515625
2014-06-04,57.70376205444336
2014-06-05,58.0224494934082
2014-06-06,58.42084503173828
2014-06-09,58.5978889465332
2014-06-10,58.11983489990234
2014-06-11,58.341156005859375
2014-06-12,57.58866882324219
2014-06-13,57.54439163208008
2014-06-16,56.97780227661133
2014-06-17,57.05747604370117
2014-06-18,57.15486145019531
2014-06-19,56.82730484008789
2014-06-20,55.81806182861328
2014-06-23,55.77379608154297
2014-06-24,55.3842658996582
2014-06-25,55.11867904663086
2014-06-26,53.86155319213867
2014-06-27,53.3038215637207
2014-06-30,53.47201156616211
2014-07-01,54.07403564453125
2014-07-02,53.90581512451172
2014-07-03,54.578651428222656
2014-07-07,54.481258392333984
2014-07-08,53.81729507446289
2014-07-09,54.33961868286133
2014-07-10,53.04706954956055
2014-07-11,53.42776107788086
2014-07-14,53.6933479309082
2014-07-15,53.9854850769043
2014-07-16,53.95894241333008
2014-07-17,54.09172821044922
2014-07-18,55.08325958251953
2014-07-21,54.55209732055664
2014-07-22,54.52552795410156
2014-07-23,54.06516647338867
2014-07-24,57.64176559448242
2014-07-25,56.18988800048828
2014-07-28,56.15446853637695
2014-07-29,56.25185775756836
2014-07-30,56.49088287353516
2014-07-31,55.03899383544922
2014-08-01,54.28649139404297
2014-08-04,54.72029113769531
2014-08-05,54.72914123535156
2014-08-06,54.3042106628418
2014-08-07,53.92351913452149
2014-08-08,54.66716384887695
2014-08-11,54.99473571777344
2014-08-12,55.00358581542969
2014-08-13,54.63175582885742
2014-08-14,55.057804107666016
2014-08-15,54.40985870361328
2014-08-18,54.906925201416016
2014-08-19,55.315208435058594
2014-08-20,56.14067459106445
2014-08-21,56.38920211791992
2014-08-22,57.30344009399414
2014-08-25,57.933624267578125
2014-08-26,59.27391815185547
2014-08-27,59.03425216674805
2014-08-28,59.602317810058594
2014-08-29,59.42479705810547
2014-09-02,59.61119842529297
2014-09-03,59.229530334472656
2014-09-04,58.43070602416992
2014-09-05,58.42180252075195
2014-09-08,57.294559478759766
2014-09-09,56.38920211791992
2014-09-10,54.69390487670898
2014-09-11,54.87141036987305
2014-09-12,54.18795394897461
2014-09-15,53.42463302612305
2014-09-16,53.903934478759766
2014-09-17,54.0281867980957
2014-09-18,54.54300308227539
2014-09-19,54.16134643554688
2014-09-22,53.52226638793945
2014-09-23,53.26484680175781
2014-09-24,54.69390487670898
2014-09-25,53.83292770385742
2014-09-26,54.906925201416016
2014-09-29,54.52524185180664
2014-09-30,54.59625625610352
2014-10-01,53.566654205322266
2014-10-02,54.10808563232422
2014-10-03,55.013427734375
2014-10-06,54.50749588012695
2014-10-07,52.67903900146485
2014-10-08,52.57252502441406
2014-10-09,51.755950927734375
2014-10-10,50.72632598876953
2014-10-13,50.74407577514648
2014-10-14,51.21450805664063
2014-10-15,51.09910583496094
2014-10-16,51.951210021972656
2014-10-17,52.21749114990234
2014-10-20,53.62876510620117
2014-10-21,54.551876068115234
2014-10-22,54.40985870361328
2014-10-23,63.01957702636719
2014-10-24,63.61427307128906
2014-10-27,63.78290939331055
2014-10-28,65.33619689941406
2014-10-29,64.2977294921875
2014-10-30,64.1734619140625
2014-10-31,64.99004364013672
2014-11-03,65.1675796508789
2014-11-04,64.33323669433594
2014-11-05,65.11432647705078
2014-11-06,66.03742218017578
2014-11-07,66.17945098876953
2014-11-10,65.36286163330078
2014-11-11,65.10543823242188
2014-11-12,65.5847396850586
2014-11-13,65.78041076660156
2014-11-14,66.58990478515625
2014-11-17,66.33194732666016
2014-11-18,66.15403747558594
2014-11-19,66.99910736083984
2014-11-20,66.99019622802734
2014-11-21,67.3193130493164
2014-11-24,68.29781341552734
2014-11-25,67.69291687011719
2014-11-26,67.32820129394531
2014-11-28,68.43119812011719
2014-12-01,67.97756958007812
2014-12-02,68.09320831298828
2014-12-03,69.95233154296875
2014-12-04,69.54313659667969
2014-12-05,69.89004516601562
2014-12-08,69.85445404052734
2014-12-09,69.62319946289062
2014-12-10,68.60913848876953
2014-12-11,69.03610229492188
2014-12-12,69.13394927978516
2014-12-15,69.04499816894531
2014-12-16,67.88861083984375
2014-12-17,68.40453338623047
2014-12-18,68.93827819824219
2014-12-19,67.94200897216797
2014-12-22,68.72476196289062
2014-12-23,69.7922134399414
2014-12-24,69.20510864257812
2014-12-26,69.3118667602539
2014-12-29,69.99678802490234
2014-12-30,68.93827819824219
2014-12-31,70.11241912841797
2015-01-02,69.4452896118164
2015-01-05,68.02201843261719
2015-01-06,66.98129272460938
2015-01-07,69.15174102783203
2015-01-08,71.9804458618164
2015-01-09,71.09090423583984
2015-01-12,70.50382232666016
2015-01-13,69.89004516601562
2015-01-14,68.81371307373047
2015-01-15,66.89236450195312
2015-01-16,68.06651306152344
2015-01-20,67.32820129394531
2015-01-21,68.57356262207031
2015-01-22,70.92189025878906
2015-01-23,70.9129867553711
2015-01-26,72.74541473388672
2015-01-27,71.66019439697266
2015-01-28,71.03754425048828
2015-01-29,74.08861541748047
2015-01-30,72.20281219482422
2015-02-02,72.371826171875
2015-02-03,73.92848205566406
2015-02-04,74.15087890625
2015-02-05,74.2754135131836
2015-02-06,73.76837921142578
2015-02-09,73.32362365722656
2015-02-10,74.05301666259766
2015-02-11,73.33251190185547
2015-02-12,74.07081604003906
2015-02-13,74.95145416259766
2015-02-17,75.22721862792969
2015-02-18,75.50296783447266
2015-02-19,76.2604751586914
2015-02-20,78.5330581665039
2015-02-23,78.76475524902344
2015-02-24,79.37078857421875
2015-02-25,80.19071197509766
2015-02-26,79.21039581298828
2015-02-27,78.5330581665039
2015-03-02,79.59357452392578
2015-03-03,77.16060638427734
2015-03-04,75.86834716796875
2015-03-05,76.06441497802734
2015-03-06,75.46729278564453
2015-03-09,76.09115600585938
2015-03-10,74.91474914550781
2015-03-11,75.5118637084961
2015-03-12,77.7576904296875
2015-03-13,76.87544250488281
2015-03-16,78.71128845214844
2015-03-17,78.17656707763672
2015-03-18,78.60435485839844
2015-03-19,78.43502807617188
2015-03-20,79.27274322509766
2015-03-23,78.59544372558594
2015-03-24,78.06070709228516
2015-03-25,76.56348419189453
2015-03-26,75.95748901367188
2015-03-27,76.79519653320312
2015-03-30,77.16060638427734
2015-03-31,75.80596923828125
2015-04-01,75.49405670166016
2015-04-02,76.30503845214844
2015-04-06,76.85758209228516
2015-04-07,76.09115600585938
2015-04-08,76.2604751586914
2015-04-09,76.64369201660156
2015-04-10,77.78443908691406
2015-04-13,77.98051452636719
2015-04-14,77.82902526855469
2015-04-15,77.04473876953125
2015-04-16,77.06256866455078
2015-04-17,77.534912109375
2015-04-20,78.8984375
2015-04-21,80.93930053710938
2015-04-22,80.94822692871094
2015-04-23,81.33143615722656
2015-04-24,81.08189392089844
2015-04-27,80.78781127929688
2015-04-28,79.85203552246094
2015-04-29,78.8271484375
2015-04-30,76.69715881347656
2015-05-01,77.67750549316406
2015-05-04,77.82902526855469
2015-05-05,76.54566192626953
2015-05-06,75.4405746459961
2015-05-07,76.36741638183594
2015-05-08,77.46360778808594
2015-05-11,77.641845703125
2015-05-12,77.37447357177734
2015-05-13,77.02691650390625
2015-05-14,78.30432891845703
2015-05-15,79.03677368164062
2015-05-18,80.51066589355469
2015-05-19,80.45710754394531
2015-05-20,80.31416320800781
2015-05-21,80.92156982421875
2015-05-22,80.85906219482422
2015-05-26,78.90277099609375
2015-05-27,79.50126647949219
2015-05-28,78.93851470947266
2015-05-29,77.83979797363281
2015-06-01,78.38470458984375
2015-06-02,79.12610626220703
2015-06-03,80.61788177490234
2015-06-04,78.77772521972656
2015-06-05,78.59013366699219
2015-06-08,78.24176025390625
2015-06-09,77.98273468017578
2015-06-10,79.44770812988281
2015-06-11,80.4928207397461
2015-06-12,80.56427001953125
2015-06-15,80.67147064208984
2015-06-16,81.40396118164062
2015-06-17,81.9399185180664
2015-06-18,83.02970123291016
2015-06-19,82.57412719726562
2015-06-22,83.11903381347656
2015-06-23,82.97611999511719
2015-06-24,82.07390594482422
2015-06-25,82.80638122558594
2015-06-26,82.85105895996094
2015-06-29,80.48387145996094
2015-06-30,80.34095764160156
2015-07-01,81.09130859375
2015-07-02,80.68041229248047
2015-07-06,81.32356262207031
2015-07-07,81.04664611816406
2015-07-08,78.2596435546875
2015-07-09,79.25115203857422
2015-07-10,81.42183685302734
2015-07-13,82.64559173583984
2015-07-14,83.34237670898438
2015-07-15,83.44955444335938
2015-07-16,83.89618682861328
2015-07-17,84.41426086425781
2015-07-20,83.19049835205078
2015-07-21,83.54780578613281
2015-07-22,84.66438293457031
2015-07-23,85.27183532714844
2015-07-24,83.58353424072266
2015-07-27,82.25257110595703
2015-07-28,81.93098449707031
2015-07-29,82.43122100830078
2015-07-30,82.17217254638672
2015-07-31,82.64559173583984
2015-08-03,81.5915298461914
2015-08-04,82.4222640991211
2015-08-05,83.38700103759766
2015-08-06,81.43968200683594
2015-08-07,81.91312408447266
2015-08-10,83.17263793945312
2015-08-11,83.49420928955078
2015-08-12,82.8599853515625
2015-08-13,83.43291473388672
2015-08-14,83.3433837890625
2015-08-17,84.09538269042969
2015-08-18,84.22966003417969
2015-08-19,83.56719970703125
2015-08-20,80.25495147705078
2015-08-21,76.62042999267578
2015-08-24,74.82107543945312
2015-08-25,74.337646484375
2015-08-26,76.12806701660156
2015-08-27,77.99008178710938
2015-08-28,76.44139099121094
2015-08-31,76.3697509765625
2015-09-01,73.61254119873047
2015-09-02,74.9195556640625
2015-09-03,75.15229797363281
2015-09-04,74.47193908691406
2015-09-08,77.30972290039062
2015-09-09,76.80841827392578
2015-09-10,77.60514068603516
2015-09-11,78.7420425415039
2015-09-14,77.08592224121094
2015-09-15,77.43504333496094
2015-09-16,78.7420425415039
2015-09-17,77.87371063232422
2015-09-18,77.22916412353516
2015-09-21,75.99378967285156
2015-09-22,74.13178253173828
2015-09-23,74.337646484375
2015-09-24,73.71998596191406
2015-09-25,75.1701889038086
2015-09-28,73.12019348144531
2015-09-29,73.68416595458984
2015-09-30,75.4835205078125
2015-10-01,76.94268798828125
2015-10-02,77.72151184082031
2015-10-05,79.14490509033203
2015-10-06,77.49772644042969
2015-10-07,79.32392120361328
2015-10-08,79.85208892822266
2015-10-09,80.24600982666016
2015-10-12,76.75467681884766
2015-10-13,75.60885620117188
2015-10-14,75.33132934570312
2015-10-15,75.81474304199219
2015-10-16,76.28023529052734
2015-10-19,77.85578155517578
2015-10-20,77.39028930664062
2015-10-21,77.21127319335938
2015-10-22,81.48136901855469
2015-10-23,80.95320892333984
2015-10-26,82.1080093383789
2015-10-27,81.16805267333984
2015-10-28,81.9826889038086
2015-10-29,81.58879089355469
2015-10-30,82.70780944824219
2015-11-02,82.4302978515625
2015-11-03,82.8062744140625
2015-11-04,83.0121841430664
2015-11-05,83.83576202392578
2015-11-06,83.59405517578125
2015-11-09,82.38552856445312
2015-11-10,82.33181762695312
2015-11-11,81.80363464355469
2015-11-12,80.53865051269531
2015-11-13,76.43856811523438
2015-11-16,78.00863647460938
2015-11-17,77.29090881347656
2015-11-18,79.08525085449219
2015-11-19,80.06314849853516
2015-11-20,81.47169494628906
2015-11-23,82.05485534667969
2015-11-24,81.64214324951172
2015-11-25,81.76775360107422
2015-11-27,82.01001739501953
2015-11-30,80.1618423461914
2015-12-01,80.43995666503906
2015-12-02,80.2066879272461
2015-12-03,76.85128021240234
2015-12-04,78.98654174804688
2015-12-07,78.88785552978516
2015-12-08,80.77191925048828
2015-12-09,79.75810241699219
2015-12-10,79.7132568359375
2015-12-11,78.8609390258789
2015-12-14,79.14802551269531
2015-12-15,78.2149658203125
2015-12-16,79.0313949584961
2015-12-17,77.03970336914062
2015-12-18,76.89614868164062
2015-12-21,76.04383850097656
2015-12-22,76.6180191040039
2015-12-23,77.21015930175781
2015-12-24,76.86026763916016
2015-12-28,77.1473388671875
2015-12-29,78.22395324707031
2015-12-30,77.41648864746094
2015-12-31,76.70772552490234
2016-01-04,75.1376953125
2016-01-05,75.08387756347656
2016-01-06,74.05213928222656
2016-01-07,73.99829864501953
2016-01-08,73.44204711914062
2016-01-11,74.15081024169922
2016-01-12,75.95411682128906
2016-01-13,73.16394805908203
2016-01-14,74.4648208618164
2016-01-15,73.11009979248047
2016-01-19,74.87751007080078
2016-01-20,73.11009979248047
2016-01-21,74.73397827148438
2016-01-22,76.11561584472656
2016-01-25,74.93133544921875
2016-01-26,76.87820434570312
2016-01-27,75.55938720703125
2016-01-28,76.24122619628906
2016-01-29,79.2287826538086
2016-02-01,77.80226135253906
2016-02-02,77.22808837890625
2016-02-03,75.96308898925781
2016-02-04,75.15564727783203
2016-02-05,72.47311401367188
2016-02-08,71.61181640625
2016-02-09,73.07420349121094
2016-02-10,73.5048599243164
2016-02-11,73.28952026367188
2016-02-12,74.89546966552734
2016-02-16,76.7436294555664
2016-02-17,77.1653060913086
2016-02-18,76.00525665283203
2016-02-19,76.09519958496094
2016-02-22,77.6868667602539
2016-02-23,76.32000732421875
2016-02-24,76.96746826171875
2016-02-25,76.88652801513672
2016-02-26,76.23907470703125
2016-02-29,76.05022430419922
2016-03-01,78.80193328857422
2016-03-02,78.40628814697266
2016-03-03,77.67787170410156
2016-03-04,78.50518798828125
2016-03-07,77.16529846191406
2016-03-08,77.26421356201172
2016-03-09,78.08255004882812
2016-03-10,79.89002990722656
2016-03-11,81.21197509765625
2016-03-14,81.00511169433594
2016-03-15,81.01412200927734
2016-03-16,80.53751373291016
2016-03-17,79.80010223388672
2016-03-18,80.31270599365234
2016-03-21,80.52853393554688
2016-03-22,80.08788299560547
2016-03-23,80.08788299560547
2016-03-24,79.7641372680664
2016-03-28,80.3306884765625
2016-03-29,80.88822937011719
2016-03-30,81.56268310546875
2016-03-31,81.34686279296875
2016-04-01,82.56082916259766
2016-04-04,81.39180755615234
2016-04-05,79.86306762695312
2016-04-06,80.20478820800781
2016-04-07,78.51419067382812
2016-04-08,78.14549255371094
2016-04-11,78.21742248535156
2016-04-12,79.90805053710938
2016-04-13,80.6364517211914
2016-04-14,82.02129364013672
2016-04-15,80.44758605957031
2016-04-18,81.05907440185547
2016-04-19,80.6004409790039
2016-04-20,80.99613952636719
2016-04-21,84.83598327636719
2016-04-22,84.93489074707031
2016-04-25,85.55535125732422
2016-04-26,85.52839660644531
2016-04-27,86.31075286865234
2016-04-28,85.40250396728516
2016-04-29,85.12374114990234
2016-05-02,85.96001434326172
2016-05-03,85.51939392089844
2016-05-04,85.11473083496094
2016-05-05,83.9546890258789
2016-05-06,84.1435317993164
2016-05-09,84.58419036865234
2016-05-10,85.44746398925781
2016-05-11,83.1363754272461
2016-05-12,84.36253356933594
2016-05-13,82.9470443725586
2016-05-16,84.36253356933594
2016-05-17,82.86590576171875
2016-05-18,82.55035400390625
2016-05-19,83.56912994384766
2016-05-20,84.66007995605469
2016-05-23,84.07402038574219
2016-05-24,85.62478637695312
2016-05-25,85.7600326538086
2016-05-26,86.31901550292969
2016-05-27,87.22962951660156
2016-05-31,86.64359283447266
2016-06-01,87.06732940673828
2016-06-02,87.13945007324219
2016-06-03,85.7780532836914
2016-06-06,85.93132019042969
2016-06-07,86.83292388916016
2016-06-08,85.10186004638672
2016-06-09,84.59693908691406
2016-06-10,83.73141479492188
2016-06-13,82.28885650634766
2016-06-14,83.5240707397461
2016-06-15,83.31669616699219
2016-06-16,83.02814483642578
2016-06-17,82.59542083740234
2016-06-20,83.42488861083984
2016-06-21,83.11836242675781
2016-06-22,83.11836242675781
2016-06-23,84.33549499511719
2016-06-24,82.77571868896484
2016-06-27,83.7584457397461
2016-06-28,84.90350341796875
2016-06-29,85.80509948730469
2016-06-30,82.20770263671875
2016-07-01,83.37078094482422
2016-07-05,82.96504974365234
2016-07-06,83.30767822265625
2016-07-07,83.20849609375
2016-07-08,84.47075653076172
2016-07-11,84.13713073730469
2016-07-12,84.58792877197266
2016-07-13,84.14616394042969
2016-07-14,83.7134017944336
2016-07-15,82.93802642822266
2016-07-18,83.83060455322266
2016-07-19,83.83060455322266
2016-07-20,83.9658432006836
2016-07-21,80.90941619873047
2016-07-22,82.5142593383789
2016-07-25,82.24380493164062
2016-07-26,81.56759643554688
2016-07-27,81.08973693847656
2016-07-28,82.38803100585938
2016-07-29,82.63147735595703
2016-08-01,82.22574615478516
2016-08-02,81.41429901123047
2016-08-03,81.96428680419922
2016-08-04,77.85301208496094
2016-08-05,78.50215148925781
2016-08-08,76.74403381347656
2016-08-09,77.30301666259766
2016-08-10,76.96041870117188
2016-08-11,77.96402740478516
2016-08-12,78.16292572021484
2016-08-15,77.78317260742188
2016-08-16,77.07795715332031
2016-08-17,76.55355834960938
2016-08-18,77.08700561523438
2016-08-19,77.51194763183594
2016-08-22,77.48480224609375
2016-08-23,77.0056381225586
2016-08-24,76.24613952636719
2016-08-25,76.63492584228516
2016-08-26,76.49024963378906
2016-08-29,77.09603881835938
2016-08-30,76.17382049560547
2016-08-31,75.90257263183594
2016-09-01,76.02010345458984
2016-09-02,76.90618133544922
2016-09-06,75.54090881347656
2016-09-07,75.5228500366211
2016-09-08,62.72924041748047
2016-09-09,61.86126708984375
2016-09-12,62.48513412475586
2016-09-13,62.64788436889648
2016-09-14,62.2952766418457
2016-09-15,62.43993377685547
2016-09-16,61.617164611816406
2016-09-19,61.06563568115234
2016-09-20,61.101810455322266
2016-09-21,61.27357482910156
2016-09-22,61.70759201049805
2016-09-23,61.80701446533203
2016-09-26,62.17774200439453
2016-09-27,62.37664413452149
2016-09-28,62.15964126586914
2016-09-29,61.69852828979492
2016-09-30,60.893829345703125
2016-10-03,60.60452651977539
2016-10-04,60.532188415527344
2016-10-05,60.794395446777344
2016-10-06,61.62620162963867
2016-10-07,61.373043060302734
2016-10-10,61.94265365600586
2016-10-11,61.71661758422852
2016-10-12,61.72566223144531
2016-10-13,60.92097854614258
2016-10-14,60.81248092651367
2016-10-17,59.257354736328125
2016-10-18,59.01322937011719
2016-10-19,60.91192626953125
2016-10-20,58.76007843017578
2016-10-21,58.7058219909668
2016-10-24,58.31705093383789
2016-10-25,57.08741760253906
2016-10-26,57.11454772949219
2016-10-27,56.11998748779297
2016-10-28,55.98436737060547
2016-10-31,56.62630844116211
2016-11-01,58.2808837890625
2016-11-02,59.3568115234375
2016-11-03,59.32064056396485
2016-11-04,59.166934967041016
2016-11-07,59.45627212524414
2016-11-08,59.429141998291016
2016-11-09,60.790306091308594
2016-11-10,62.3148307800293
2016-11-11,64.51994323730469
2016-11-14,65.38204193115234
2016-11-15,65.0735092163086
2016-11-16,65.4365005493164
2016-11-17,66.3892822265625
2016-11-18,66.16244506835938
2016-11-21,67.49638366699219
2016-11-22,67.4873275756836
2016-11-23,68.09532165527344
2016-11-25,67.7051010131836
2016-11-28,67.98643493652344
2016-11-29,67.8321533203125
2016-11-30,68.12255096435547
2016-12-01,69.01185607910156
2016-12-02,68.59442138671875
2016-12-05,69.56541442871094
2016-12-06,69.27499389648438
2016-12-07,70.22783660888672
2016-12-08,69.48375701904297
2016-12-09,70.2732162475586
2016-12-12,69.43836212158203
2016-12-13,69.61984252929688
2016-12-14,68.50366973876953
2016-12-15,69.1933364868164
2016-12-16,69.27499389648438
2016-12-19,69.43836212158203
2016-12-20,70.8812026977539
2016-12-21,70.46379089355469
2016-12-22,69.15705108642578
2016-12-23,69.08441925048828
2016-12-27,69.44743347167969
2016-12-28,68.72148895263672
2016-12-29,68.98461151123047
2016-12-30,68.7940673828125
2017-01-03,68.87574768066406
2017-01-04,69.683349609375
2017-01-05,68.63072967529297
2017-01-06,68.20423126220703
2017-01-09,68.3947982788086
2017-01-10,69.28407287597656
2017-01-11,69.42020416259766
2017-01-12,68.92109680175781
2017-01-13,69.01185607910156
2017-01-17,70.20062255859375
2017-01-18,69.33853912353516
2017-01-19,67.86847686767578
2017-01-20,68.2586669921875
2017-01-23,67.79585266113281
2017-01-24,68.20423126220703
2017-01-25,68.26776123046875
2017-01-26,68.0499496459961
2017-01-27,67.4782485961914
2017-01-30,67.587158203125
2017-01-31,66.85211181640625
2017-02-01,65.67243194580078
2017-02-02,66.88839721679688
2017-02-03,66.49817657470703
2017-02-06,66.49817657470703
2017-02-07,66.40746307373047
2017-02-08,66.27133178710938
2017-02-09,66.7341537475586
2017-02-10,67.37842559814453
2017-02-13,66.3892822265625
2017-02-14,66.60710906982422
2017-02-15,65.9991226196289
2017-02-16,64.29308319091797
2017-02-17,65.5
2017-02-21,66.17152404785156
2017-02-22,65.6089096069336
2017-02-23,64.64380645751953
2017-02-24,64.79856872558594
2017-02-27,64.93516540527344
2017-02-28,64.56187438964844
2017-03-01,65.48143005371094
2017-03-02,66.09144592285156
2017-03-03,65.90934753417969
2017-03-06,65.35396575927734
2017-03-07,65.0353012084961
2017-03-08,66.19161224365234
2017-03-09,65.5269546508789
2017-03-10,66.01861572265625
2017-03-13,65.28112030029297
2017-03-14,65.31755828857422
2017-03-15,65.79100036621094
2017-03-16,65.47232818603516
2017-03-17,64.98067474365234
2017-03-20,64.57096862792969
2017-03-21,62.0671501159668
2017-03-22,62.62252807617188
2017-03-23,63.095985412597656
2017-03-24,62.84103775024414
2017-03-27,62.29475402832031
2017-03-28,61.88506317138672
2017-03-29,62.34028244018555
2017-03-30,62.504173278808594
2017-03-31,62.795536041259766
2017-04-03,62.07625579833984
2017-04-04,62.813743591308594
2017-04-05,62.1400032043457
2017-04-06,63.30537796020508
2017-04-07,63.67868041992188
2017-04-10,64.10660552978516
2017-04-11,64.16123962402344
2017-04-12,58.82584762573242
2017-04-13,57.85165786743164
2017-04-17,57.860748291015625
2017-04-18,58.00642013549805
2017-04-19,58.31599807739258
2017-04-20,59.099002838134766
2017-04-21,59.72723007202149
2017-04-24,59.69081497192383
2017-04-25,59.1445198059082
2017-04-26,59.45408248901367
2017-04-27,56.60429763793945
2017-04-28,56.36756896972656
2017-05-01,55.903228759765625
2017-05-02,57.03221893310547
2017-05-03,56.99579620361328
2017-05-04,56.03069305419922
2017-05-05,56.40399932861328
2017-05-08,56.13995361328125
2017-05-09,56.30384063720703
2017-05-10,55.49351501464844
2017-05-11,54.86529159545898
2017-05-12,54.69228744506836
2017-05-15,53.94570541381836
2017-05-16,53.43584060668945
2017-05-17,52.56178665161133
2017-05-18,53.0283088684082
2017-05-19,52.662410736083984
2017-05-22,51.50065994262695
2017-05-23,49.66201019287109
2017-05-24,48.59174346923828
2017-05-25,49.74433517456055
2017-05-26,50.20172119140625
2017-05-30,50.14682769775391
2017-05-31,50.44869995117188
2017-06-01,51.32686233520508
2017-06-02,50.86948394775391
2017-06-05,51.134761810302734
2017-06-06,50.32978439331055
2017-06-07,49.844970703125
2017-06-08,49.79921340942383
2017-06-09,52.1592903137207
2017-06-12,52.79962539672852
2017-06-13,52.27820587158203
2017-06-14,51.33600616455078
2017-06-15,51.07073593139648
2017-06-16,50.74141693115234
2017-06-19,50.88778305053711
2017-06-20,49.06741714477539
2017-06-21,48.31731796264648
2017-06-22,48.05204772949219
2017-06-23,48.16181182861328
2017-06-26,48.344764709472656
2017-06-27,49.17719650268555
2017-06-28,48.60090255737305
2017-06-29,48.5551643371582
2017-06-30,49.58883285522461
2017-07-03,50.27488708496094
2017-07-05,48.48196792602539
2017-07-06,47.109840393066406
2017-07-07,46.70735168457031
2017-07-10,46.34144973754883
2017-07-11,45.783451080322266
2017-07-12,45.72855758666992
2017-07-13,46.057884216308594
2017-07-14,47.12813568115234
2017-07-17,47.8233528137207
2017-07-18,47.39341735839844
2017-07-19,47.42085647583008
2017-07-20,47.59465789794922
2017-07-21,48.12521743774414
2017-07-24,47.12813568115234
2017-07-25,48.966796875
2017-07-26,48.84788131713867
2017-07-27,52.62582015991211
2017-07-28,51.79338455200195
2017-07-31,51.33600616455078
2017-08-01,51.40003967285156
2017-08-02,50.93352508544922
2017-08-03,50.77800750732422
2017-08-04,52.13185119628906
2017-08-07,51.78424072265625
2017-08-08,50.97925567626953
2017-08-09,50.75972366333008
2017-08-10,48.65578079223633
2017-08-11,48.93021011352539
2017-08-14,49.424163818359375
2017-08-15,48.106929779052734
2017-08-16,49.14974594116211
2017-08-17,50.49202346801758
2017-08-18,50.289772033691406
2017-08-21,50.34494400024414
2017-08-22,51.641239166259766
2017-08-23,52.44111633300781
2017-08-24,53.038692474365234
2017-08-25,54.77632522583008
2017-08-28,54.20629119873047
2017-08-29,54.022438049316406
2017-08-30,54.197113037109375
2017-08-31,54.71195983886719
2017-09-01,54.73954391479492
2017-09-05,54.59244155883789
2017-09-06,55.180850982666016
2017-09-07,56.026668548583984
2017-09-08,55.44746017456055
2017-09-11,56.01747131347656
2017-09-12,56.72538757324219
2017-09-13,57.36895751953125
2017-09-14,57.460899353027344
2017-09-15,58.06768035888672
2017-09-18,56.40361022949219
2017-09-19,56.311668395996094
2017-09-20,55.72327423095703
2017-09-21,55.85198974609375
2017-09-22,56.192161560058594
2017-09-25,57.77348709106445
2017-09-26,57.78266143798828
2017-09-27,57.83782577514648
2017-09-28,58.02171325683594
2017-09-29,58.187198638916016
2017-10-02,57.91139221191406
2017-10-03,58.09526062011719
2017-10-04,57.175880432128906
2017-10-05,57.414920806884766
2017-10-06,56.1277961730957
2017-10-09,55.36471176147461
2017-10-10,55.438270568847656
2017-10-11,54.63840866088867
2017-10-12,53.50758743286133
2017-10-13,54.07758712768555
2017-10-16,53.912105560302734
2017-10-17,54.33502197265625
2017-10-18,53.94887924194336
2017-10-19,53.71903610229492
2017-10-20,54.14194107055664
2017-10-23,53.71903610229492
2017-10-24,53.59951400756836
2017-10-25,53.25015640258789
2017-10-26,52.72611999511719
2017-10-27,53.562744140625
2017-10-30,55.61296081542969
2017-10-31,55.401493072509766
2017-11-01,54.50050354003906
2017-11-02,54.8498649597168
2017-11-03,54.21551132202149
2017-11-06,54.81309127807617
2017-11-07,54.371803283691406
2017-11-08,55.7508544921875
2017-11-09,56.89088439941406
2017-11-10,57.61719131469727
2017-11-13,56.38522338867188
2017-11-14,56.67942810058594
2017-11-15,57.77348709106445
2017-11-16,58.196388244628906
2017-11-17,59.55366516113281
2017-11-20,60.6893424987793
2017-11-21,59.89529037475586
2017-11-22,59.75679016113281
2017-11-24,59.35976028442383
2017-11-27,59.75679016113281
2017-11-28,62.55443572998047
2017-11-29,64.04096221923828
2017-11-30,63.00683975219727
2017-12-01,62.93299102783203
2017-12-04,63.034549713134766
2017-12-05,63.47772979736328
2017-12-06,61.871192932128906
2017-12-07,61.381832122802734
2017-12-08,62.47132110595703
2017-12-11,62.00044250488281
2017-12-12,62.63751602172852
2017-12-13,62.71137619018555
2017-12-14,61.65883255004883
2017-12-15,63.173038482666016
2017-12-18,63.89322280883789
2017-12-19,65.09353637695312
2017-12-20,67.37409973144531
2017-12-21,68.68521881103516
2017-12-22,68.768310546875
2017-12-26,69.52543640136719
2017-12-27,69.13764190673828
2017-12-28,69.32231903076172
2017-12-29,69.0176010131836
2018-01-02,69.87630462646484
2018-01-03,70.40257263183594
2018-01-04,71.66754150390625
2018-01-05,73.34796905517578
2018-01-08,73.17252349853516
2018-01-09,73.39410400390625
2018-01-10,72.50775146484375
2018-01-11,72.4708023071289
2018-01-12,73.50491333007812
2018-01-16,73.10789489746094
2018-01-17,74.40052032470703
2018-01-18,74.69598388671875
2018-01-19,76.07172393798828
2018-01-22,75.65623474121094
2018-01-23,74.82525634765625
2018-01-24,74.49285125732422
2018-01-25,72.15689086914062
2018-01-26,73.03402709960938
2018-01-29,73.03402709960938
2018-01-30,72.07378387451172
2018-01-31,70.40257263183594
2018-02-01,65.96145629882812
2018-02-02,62.674461364746094
2018-02-05,60.61546325683594
2018-02-06,62.12046051025391
2018-02-07,62.20355987548828
2018-02-08,60.88322448730469
2018-02-09,61.4002799987793
2018-02-12,61.55723571777344
2018-02-13,61.08636093139648
2018-02-14,62.78525924682617
2018-02-15,63.837833404541016
2018-02-16,62.15740966796875
2018-02-20,62.065067291259766
2018-02-21,61.21562194824219
2018-02-22,60.744728088378906
2018-02-23,61.059940338134766
2018-02-26,60.1328353881836
2018-02-27,60.29043960571289
2018-02-28,60.19773483276367
2018-03-01,59.20572280883789
2018-03-02,59.53948593139648
2018-03-05,59.72490692138672
2018-03-06,60.05866622924805
2018-03-07,59.13154983520508
2018-03-08,59.71564102172852
2018-03-09,60.57784652709961
2018-03-12,59.020294189453125
2018-03-13,58.34349822998047
2018-03-14,58.05609130859375
2018-03-15,58.38985443115234
2018-03-16,59.68781661987305
2018-03-19,58.59381866455078
2018-03-20,58.24151611328125
2018-03-21,57.36075210571289
2018-03-22,55.64558792114258
2018-03-23,55.0522346496582
2018-03-26,55.7846565246582
2018-03-27,55.10786437988281
2018-03-28,55.62704849243164
2018-03-29,58.42694091796875
2018-04-02,55.98862075805664
2018-04-03,56.37800216674805
2018-04-04,57.37003326416016
2018-04-05,56.88793182373047
2018-04-06,55.348907470703125
2018-04-09,55.07078552246094
2018-04-10,56.97136306762695
2018-04-11,56.869384765625
2018-04-12,55.81247329711914
2018-04-13,54.06948471069336
2018-04-16,55.41381454467773
2018-04-17,54.375431060791016
2018-04-18,56.23894500732422
2018-04-19,55.51578903198242
2018-04-20,55.93299865722656
2018-04-23,57.14751815795898
2018-04-24,56.73031234741211
2018-04-25,57.65743255615234
2018-04-26,61.80165481567383
2018-04-27,63.442630767822266
2018-04-30,63.04399108886719
2018-05-01,62.82146835327149
2018-05-02,63.22941207885742
2018-05-03,61.32882308959961
2018-05-04,62.07978439331055
2018-05-07,61.94070816040039
2018-05-08,61.63478088378906
2018-05-09,61.8294677734375
2018-05-10,62.85857772827149
2018-05-11,64.5459213256836
2018-05-14,66.0200424194336
2018-05-15,65.69554901123047
2018-05-16,65.83460998535156
2018-05-17,66.44650268554688
2018-05-18,67.51268005371094
2018-05-21,68.2729263305664
2018-05-22,68.31929016113281
2018-05-23,68.92190551757812
2018-05-24,68.8013916015625
2018-05-25,68.28001403808594
2018-05-29,68.47554779052734
2018-05-30,70.14202117919922
2018-05-31,69.1830825805664
2018-06-01,69.94651794433594
2018-06-04,70.31891632080078
2018-06-05,70.5982437133789
2018-06-06,71.47338104248047
2018-06-07,71.4826889038086
2018-06-08,71.2964859008789
2018-06-11,70.68202209472656
2018-06-12,70.55166625976562
2018-06-13,70.03030395507812
2018-06-14,69.19239807128906
2018-06-15,69.26687622070312
2018-06-18,70.39341735839844
2018-06-19,70.39341735839844
2018-06-20,71.51992797851562
2018-06-21,72.19956970214844
2018-06-22,71.54785919189453
2018-06-25,70.71925354003906
2018-06-26,71.5850830078125
2018-06-27,72.48817443847656
2018-06-28,72.57194519042969
2018-06-29,71.21269989013672
2018-07-02,70.51444244384766
2018-07-03,70.87752532958984
2018-07-05,71.76199340820312
2018-07-06,71.42683410644531
2018-07-09,72.21819305419922
2018-07-10,72.35783386230469
2018-07-11,72.0412826538086
2018-07-12,71.94818115234375
2018-07-13,72.84194946289062
2018-07-16,73.0095443725586
2018-07-17,73.47504425048828
2018-07-18,73.33538055419922
2018-07-19,73.94053649902344
2018-07-20,74.35948181152344
2018-07-23,74.74120330810547
2018-07-24,72.93505096435547
2018-07-25,72.76747131347656
2018-07-26,74.8156967163086
2018-07-27,70.9892349243164
2018-07-30,72.06922912597656
2018-07-31,72.6557388305664
2018-08-01,71.49198150634766
2018-08-02,73.2236557006836
2018-08-03,73.19574737548828
2018-08-06,73.34468841552734
2018-08-07,74.46189880371094
2018-08-08,75.66289520263672
2018-08-09,75.4673843383789
2018-08-10,74.86225128173828
2018-08-13,74.00570678710938
2018-08-14,75.85840606689453
2018-08-15,74.880859375
2018-08-16,74.14535522460938
2018-08-17,74.95533752441406
2018-08-20,75.7560043334961
2018-08-21,77.6180191040039
2018-08-22,80.34587097167969
2018-08-23,82.72923278808594
2018-08-24,82.75727081298828
2018-08-27,80.85137176513672
2018-08-28,80.32818603515625
2018-08-29,80.80464172363281
2018-08-30,80.80464172363281
2018-08-31,82.47698974609375
2018-09-04,84.85001373291016
2018-09-05,84.26144409179688
2018-09-06,83.9998550415039
2018-09-07,83.5887680053711
2018-09-10,84.02787780761719
2018-09-11,84.72857666015625
2018-09-12,82.80398559570312
2018-09-13,82.78528594970703
2018-09-14,81.6641845703125
2018-09-17,81.92578887939453
2018-09-18,82.81331634521484
2018-09-19,83.2710952758789
2018-09-20,83.56073760986328
2018-09-21,84.06523895263672
2018-09-24,84.59777069091797
2018-09-25,84.44829559326172
2018-09-26,85.1770248413086
2018-09-27,85.1209716796875
2018-09-28,84.90607452392578
2018-10-01,84.36421203613281
2018-10-02,82.98149871826172
2018-10-03,83.00952911376953
2018-10-04,81.79498291015625
2018-10-05,81.8884048461914
2018-10-08,82.85071563720703
2018-10-09,83.18701934814453
2018-10-10,79.24443054199219
2018-10-11,79.62747955322266
2018-10-12,80.97281646728516
2018-10-15,80.87940979003906
2018-10-16,83.03753662109375
2018-10-17,82.27146911621094
2018-10-18,81.8884048461914
2018-10-19,81.15032958984375
2018-10-22,81.64550018310547
2018-10-23,81.73892211914062
2018-10-24,78.64651489257812
2018-10-25,83.21504974365234
2018-10-26,84.86869812011719
2018-10-29,87.78362274169922
2018-10-30,87.26045227050781
2018-10-31,85.84967803955078
2018-11-01,86.34485626220703
2018-11-02,87.64348602294922
2018-11-05,87.68085479736328
2018-11-06,87.05488586425781
2018-11-07,89.45594787597656
2018-11-08,90.26876831054688
2018-11-09,90.74525451660156
2018-11-12,89.86701202392578
2018-11-13,89.47465515136719
2018-11-14,87.9985122680664
2018-11-15,87.16702270507812
2018-11-16,86.56909942626953
2018-11-19,86.19535827636719
2018-11-20,82.01920318603516
2018-11-21,83.149658203125
2018-11-23,83.7215576171875
2018-11-26,83.29966735839844
2018-11-27,85.08098602294922
2018-11-28,89.11236572265625
2018-11-29,88.75609588623047
2018-11-30,89.1873550415039
2018-12-03,89.75926208496094
2018-12-04,87.1810531616211
2018-12-06,86.59976196289062
2018-12-07,83.243408203125
2018-12-10,84.49034118652344
2018-12-11,84.68721771240234
2018-12-12,86.01849365234375
2018-12-13,86.26226806640625
2018-12-14,83.61843872070312
2018-12-17,81.58397674560547
2018-12-18,80.79644775390625
2018-12-19,80.64644622802734
2018-12-20,77.7400894165039
2018-12-21,75.3119125366211
2018-12-24,73.79308319091797
2018-12-26,77.70259094238281
2018-12-27,78.45262908935547
2018-12-28,78.0119857788086
2018-12-31,78.22761535644531
2019-01-02,77.09321594238281
2019-01-03,75.64004516601562
2019-01-04,77.19633483886719
2019-01-07,78.33075714111328
2019-01-08,78.28388214111328
2019-01-09,79.33390045166016
2019-01-10,79.38076782226562
2019-01-11,79.98080444335938
2019-01-14,80.54334259033203
2019-01-15,81.51835632324219
2019-01-16,81.68710327148438
2019-01-17,82.97152709960938
2019-01-18,83.89030456542969
2019-01-22,83.7778091430664
2019-01-23,83.45905303955078
2019-01-24,82.11837005615234
2019-01-25,84.00281524658203
2019-01-28,83.54342651367188
2019-01-29,84.28407287597656
2019-01-30,84.02156829833984
2019-01-31,80.06519317626953
2019-02-01,81.537109375
2019-02-04,83.30905151367188
2019-02-05,83.9934310913086
2019-02-06,85.34347534179688
2019-02-07,85.08098602294922
2019-02-08,86.55288696289062
2019-02-11,88.30608367919922
2019-02-12,89.59049224853516
2019-02-13,89.8436508178711
2019-02-14,89.79676055908203
2019-02-15,91.48431396484376
2019-02-19,91.00617980957033
2019-02-20,91.4561996459961
2019-02-21,90.94991302490234
2019-02-22,90.32916259765624
2019-02-25,89.16290283203125
2019-02-26,89.16290283203125
2019-02-27,89.68960571289062
2019-02-28,89.6801986694336
2019-03-01,89.3133773803711
2019-03-04,88.29759979248047
2019-03-05,87.9496078491211
2019-03-06,86.70811462402344
2019-03-07,86.74571990966797
2019-03-08,85.01514434814453
2019-03-11,84.19684600830078
2019-03-12,85.18443298339844
2019-03-13,86.07794189453125
2019-03-14,85.02455139160156
2019-03-15,84.14041900634766
2019-03-18,84.4978256225586
2019-03-19,85.73934936523438
2019-03-20,85.66410064697266
2019-03-21,88.73966217041016
2019-03-22,87.1689682006836
2019-03-25,88.45750427246094
2019-03-26,89.29458618164062
2019-03-27,89.17230224609375
2019-03-28,89.57672882080078
2019-03-29,91.9468994140625
2019-04-01,91.69294738769533
2019-04-02,91.38257598876952
2019-04-03,92.24786376953124
2019-04-04,93.6680679321289
2019-04-05,95.1165008544922
2019-04-08,95.6243896484375
2019-04-09,94.92839050292967
2019-04-10,95.15413665771484
2019-04-11,96.8282699584961
2019-04-12,98.05097198486328
2019-04-15,98.27670288085938
2019-04-16,98.92567443847656
2019-04-17,97.7217788696289
2019-04-18,96.9599380493164
2019-04-22,95.58674621582033
2019-04-23,97.03518676757812
2019-04-24,97.87227630615234
2019-04-25,98.81280517578124
2019-04-26,98.87864685058594
2019-04-29,98.46481323242188
2019-04-30,97.3455810546875
2019-05-01,94.9660186767578
2019-05-02,96.9035186767578
2019-05-03,97.69357299804688
2019-05-06,96.9599380493164
2019-05-07,94.66504669189452
2019-05-08,95.45509338378906
2019-05-09,96.38623046875
2019-05-10,96.61196899414062
2019-05-13,93.37650299072266
2019-05-14,94.67444610595705
2019-05-15,93.35770416259766
2019-05-16,95.03185272216795
2019-05-17,94.69325256347656
2019-05-20,95.24817657470705
2019-05-21,97.373779296875
2019-05-22,96.78124237060548
2019-05-23,95.96299743652344
2019-05-24,95.45333099365234
2019-05-28,94.56617736816406
2019-05-29,93.6884765625
2019-05-30,95.1041488647461
2019-05-31,95.11356353759766
2019-06-03,95.5382843017578
2019-06-04,98.28466796875
2019-06-05,98.79431915283205
2019-06-06,101.23868560791016
2019-06-07,102.46559143066406
2019-06-10,101.11599731445312
2019-06-11,101.29531860351562
2019-06-12,101.24812316894533
2019-06-13,102.0786361694336
2019-06-14,100.1722183227539
2019-06-17,98.26580047607422
2019-06-18,99.1623764038086
2019-06-19,100.2666015625
2019-06-20,100.76679229736328
2019-06-21,100.7573471069336
2019-06-24,100.85173034667967
2019-06-25,100.63465118408205
2019-06-26,100.7007293701172
2019-06-27,102.11637878417967
2019-06-28,102.6826629638672
2019-07-01,104.39088439941406
2019-07-02,104.30594635009766
2019-07-03,103.815185546875
2019-07-05,104.2587661743164
2019-07-08,104.16439056396484
2019-07-09,103.9095687866211
2019-07-10,103.17343139648438
2019-07-11,104.30594635009766
2019-07-12,106.6181869506836
2019-07-15,105.1930923461914
2019-07-16,105.99530792236328
2019-07-17,104.86277770996094
2019-07-18,105.9197998046875
2019-07-19,106.14630889892578
2019-07-22,106.41055297851562
2019-07-23,105.08928680419922
2019-07-24,106.16519165039062
2019-07-25,105.2025375366211
2019-07-26,103.76798248291016
2019-07-29,104.23987579345705
2019-07-30,103.10734558105467
2019-07-31,102.6920928955078
2019-08-01,101.88990020751952
2019-08-02,101.04049682617188
2019-08-05,96.97283172607422
2019-08-06,99.7664031982422
2019-08-07,99.73809051513672
2019-08-08,102.9469223022461
2019-08-09,101.53126525878906
2019-08-12,96.75572967529295
2019-08-13,98.37904357910156
2019-08-14,94.2264404296875
2019-08-15,93.77342224121094
2019-08-16,94.89652252197266
2019-08-19,95.51942443847656
2019-08-20,95.1985321044922
2019-08-21,95.62322235107422
2019-08-22,95.74590301513672
2019-08-23,91.73046112060548
2019-08-26,93.62454223632812
2019-08-27,94.13594818115234
2019-08-28,96.81605529785156
2019-08-29,98.60598754882812
2019-08-30,96.4845962524414
2019-09-03,94.88412475585938
2019-09-04,94.98828887939452
2019-09-05,97.52635955810548
2019-09-06,98.05670928955078
2019-09-09,97.14754486083984
2019-09-10,100.75577545166016
2019-09-11,98.35028839111328
2019-09-12,94.0791244506836
2019-09-13,91.95774841308594
2019-09-16,90.59400939941406
2019-09-17,91.08645629882812
2019-09-18,88.59575653076172
2019-09-19,87.20359802246094
2019-09-20,85.60311126708984
2019-09-23,87.27936553955078
2019-09-24,86.54066467285156
2019-09-25,85.81145477294922
2019-09-26,84.24882507324219
2019-09-27,84.29618835449219
2019-09-30,85.65045166015625
2019-10-01,85.04434967041016
2019-10-02,85.7735595703125
2019-10-03,88.22640991210938
2019-10-04,88.17903900146484
2019-10-07,87.17517852783203
2019-10-08,87.19412231445312
2019-10-09,88.06541442871094
2019-10-10,88.18852233886719
2019-10-11,89.31549072265625
2019-10-14,88.78517150878906
2019-10-15,88.82305145263672
2019-10-16,88.50102996826172
2019-10-17,87.98017883300781
2019-10-18,88.37793731689453
2019-10-21,87.54452514648438
2019-10-22,89.1545181274414
2019-10-23,90.0826187133789
2019-10-24,92.8100814819336
2019-10-25,91.35165405273438
2019-10-28,90.64134979248048
2019-10-29,90.40459442138672
2019-10-30,91.8725128173828
2019-10-31,89.9878921508789
2019-11-01,90.7076644897461
2019-11-04,91.48421478271484
2019-11-05,92.40286254882812
2019-11-06,90.84972381591795
2019-11-07,89.87425231933594
2019-11-08,89.79849243164062
2019-11-11,91.34217071533205
2019-11-12,91.5126495361328
2019-11-13,91.79674530029295
2019-11-14,92.39337921142578
2019-11-15,93.2741241455078
2019-11-18,92.62068939208984
2019-11-19,91.42740631103516
2019-11-20,91.73046112060548
2019-11-21,91.67364501953124
2019-11-22,92.39599609375
2019-11-25,90.97027587890624
2019-11-26,91.15086364746094
2019-11-27,90.76116943359376
2019-11-29,89.76318359375
2019-12-02,91.03681182861328
2019-12-03,89.96277618408203
2019-12-04,90.97977447509766
2019-12-05,91.66413116455078
2019-12-06,92.67163848876952
2019-12-09,92.70015716552734
2019-12-10,92.38648223876952
2019-12-11,92.22491455078124
2019-12-12,93.40351104736328
2019-12-13,90.2289047241211
2019-12-16,89.0788345336914
2019-12-17,88.82218933105469
2019-12-18,88.49903869628906
2019-12-19,87.2634048461914
2019-12-20,87.60558319091797
2019-12-23,87.57707214355469
2019-12-24,88.92674255371094
2019-12-26,87.90023803710938
2019-12-27,87.72915649414062
2019-12-30,88.29943084716797
2019-12-31,88.81269836425781
2020-01-02,88.49903869628906
2020-01-03,87.40599060058594
2020-01-06,87.11134338378906
2020-01-07,85.55256652832031
2020-01-08,87.1683578491211
2020-01-09,86.31292724609375
2020-01-10,86.7501449584961
2020-01-13,85.91373443603516
2020-01-14,85.71412658691406
2020-01-15,85.91373443603516
2020-01-16,86.57906341552734
2020-01-17,88.19487762451172
2020-01-21,89.0027847290039
2020-01-22,88.27091217041016
2020-01-23,89.02178955078125
2020-01-24,88.9362564086914
2020-01-27,89.33546447753906
2020-01-28,90.2859344482422
2020-01-29,90.31443786621094
2020-01-30,89.18338012695312
2020-01-31,88.34695434570312
2020-02-03,89.73467254638672
2020-02-04,86.58856964111328
2020-02-05,89.31645202636719
2020-02-06,91.8066864013672
2020-02-07,91.76868438720705
2020-02-10,92.70015716552734
2020-02-11,92.73815155029295
2020-02-12,93.65062713623048
2020-02-13,93.3939971923828
2020-02-14,93.30845642089844
2020-02-18,92.9853057861328
2020-02-19,93.75518798828124
2020-02-20,94.0973663330078
2020-02-21,95.17520141601562
2020-02-24,92.00841522216795
2020-02-25,88.85116577148438
2020-02-26,87.26776885986328
2020-02-27,86.25669860839844
2020-02-28,84.42530822753906
2020-03-02,87.25824737548828
2020-03-03,88.84163665771484
2020-03-04,91.90348815917967
2020-03-05,89.32808685302734
2020-03-06,87.25824737548828
2020-03-09,77.10926818847656
2020-03-10,82.93728637695312
2020-03-11,79.45575714111328
2020-03-12,72.9791030883789
2020-03-13,72.69294738769531
2020-03-16,64.2513656616211
2020-03-17,67.32276916503906
2020-03-18,69.16371154785156
2020-03-19,72.8646469116211
2020-03-20,72.40679168701172
2020-03-23,74.45756530761719
2020-03-24,76.32710266113281
2020-03-25,73.37970733642578
2020-03-26,79.62742614746094
2020-03-27,79.26496887207031
2020-03-30,81.6019058227539
2020-03-31,80.6480712890625
2020-04-01,80.12344360351562
2020-04-02,80.26651763916016
2020-04-03,75.83110046386719
2020-04-06,83.90070343017578
2020-04-07,82.49851989746094
2020-04-08,86.51423645019531
2020-04-09,84.1582260131836
2020-04-13,85.53176879882812
2020-04-14,88.6699447631836
2020-04-15,86.55240631103516
2020-04-16,86.99115753173828
2020-04-17,88.44100952148438
2020-04-20,89.11825561523438
2020-04-21,88.83209991455078
2020-04-22,91.02594757080078
2020-04-23,90.6921157836914
2020-04-24,97.27367401123048
2020-04-27,98.33244323730467
2020-04-28,98.18937683105467
2020-04-29,96.45335388183594
2020-04-30,96.74906158447266
2020-05-01,97.37859344482422
2020-05-04,97.71244049072266
2020-05-05,100.24967956542967
2020-05-06,100.20199584960938
2020-05-07,100.31644439697266
2020-05-08,102.26229858398438
2020-05-11,104.0460205078125
2020-05-12,102.75831604003906
2020-05-13,101.58506774902344
2020-05-14,101.89984130859376
2020-05-15,106.56417083740234
2020-05-18,104.6946258544922
2020-05-19,104.02693939208984
2020-05-20,102.8155517578125
2020-05-21,103.92200469970705
2020-05-22,107.03201293945312
2020-05-26,106.41958618164062
2020-05-27,114.60128784179688
2020-05-28,113.85488891601562
2020-05-29,116.76393127441406
2020-06-01,117.37637329101562
2020-06-02,118.42900848388672
2020-06-03,117.57733154296876
2020-06-04,117.10843658447266
2020-06-05,116.86920166015624
2020-06-08,116.97445678710938
2020-06-09,117.16584777832033
2020-06-10,116.06539154052734
2020-06-11,114.07498931884766
2020-06-12,113.34773254394533
2020-06-15,116.23763275146484
2020-06-16,118.50554656982422
2020-06-17,119.42417907714844
2020-06-18,120.22801208496094
2020-06-19,122.17056274414062
2020-06-22,124.49591064453124
2020-06-23,123.69207763671876
2020-06-24,125.68247985839844
2020-06-25,125.18487548828124
2020-06-26,124.3810577392578
2020-06-29,125.94085693359376
2020-06-30,126.1130828857422
2020-07-01,126.96473693847656
2020-07-02,126.74468231201172
2020-07-06,127.99819946289062
2020-07-07,128.44798278808594
2020-07-08,129.76856994628906
2020-07-09,131.76846313476562
2020-07-10,132.45750427246094
2020-07-13,129.7398223876953
2020-07-14,133.64410400390625
2020-07-15,133.20388793945312
2020-07-16,136.02684020996094
2020-07-17,134.706298828125
2020-07-20,138.45742797851562
2020-07-21,137.81629943847656
2020-07-22,139.6631317138672
2020-07-23,139.7109832763672
2020-07-24,140.21815490722656
2020-07-27,136.8402099609375
2020-07-28,136.9072265625
2020-07-29,139.1942901611328
2020-07-30,137.24212646484375
2020-07-31,136.59141540527344
2020-08-03,141.06983947753906
2020-08-04,141.8449249267578
2020-08-05,140.88803100585938
2020-08-06,141.75880432128906
2020-08-07,141.72055053710938
2020-08-10,140.81149291992188
2020-08-11,138.8593292236328
2020-08-12,142.65830993652344
2020-08-13,142.30429077148438
2020-08-14,142.19900512695312
2020-08-17,146.96450805664062
2020-08-18,146.42860412597656
2020-08-19,147.28982543945312
2020-08-20,145.76834106445312
2020-08-21,147.0635986328125
2020-08-24,147.29380798339844
2020-08-25,147.0540008544922
2020-08-26,148.3588409423828
2020-08-27,144.89524841308594
2020-08-28,140.95193481445312
2020-08-31,142.79405212402344
2020-09-01,142.97634887695312
2020-09-02,143.53280639648438
2020-09-03,139.67584228515625
2020-09-04,136.31781005859375
2020-09-08,131.21353149414062
2020-09-09,135.83807373046875
2020-09-10,132.21139526367188
2020-09-11,132.06747436523438
2020-09-14,132.53759765625
2020-09-15,135.16648864746094
2020-09-16,132.64312744140625
2020-09-17,132.54721069335938
2020-09-18,132.50881958007812
2020-09-21,131.98110961914062
2020-09-22,135.8668670654297
2020-09-23,134.25502014160156
2020-09-24,132.6527099609375
2020-09-25,133.56417846679688
2020-09-28,136.26025390625
2020-09-29,135.26239013671875
2020-09-30,137.52671813964844
2020-10-01,136.2890167236328
2020-10-02,134.9169921875
2020-10-05,138.543701171875
2020-10-06,136.02037048339844
2020-10-07,139.8773651123047
2020-10-08,143.16824340820312
2020-10-09,143.8494110107422
2020-10-12,144.81849670410156
2020-10-13,146.71815490722656
2020-10-14,145.72994995117188
2020-10-15,145.9314422607422
2020-10-16,146.88125610351562
2020-10-19,144.8568572998047
2020-10-20,143.62875366210938
2020-10-21,143.07229614257812
2020-10-22,131.4630126953125
2020-10-23,134.14947509765625
2020-10-26,130.34046936035156
2020-10-27,128.71900939941406
2020-10-28,127.18389892578124
2020-10-29,127.625244140625
2020-10-30,127.80754852294922
2020-11-02,127.98983001708984
2020-11-03,130.47479248046875
2020-11-04,130.32127380371094
2020-11-05,133.34352111816406
2020-11-06,134.75390625
2020-11-09,124.34395599365234
2020-11-10,124.56461334228516
2020-11-11,127.6444320678711
2020-11-12,125.5048599243164
2020-11-13,126.62742614746094
2020-11-16,127.433349609375
2020-11-17,126.33958435058594
2020-11-18,123.2117919921875
2020-11-19,125.92701721191406
2020-11-20,124.8202896118164
2020-11-23,128.84300231933594
2020-11-24,128.977783203125
2020-11-25,128.86228942871094
2020-11-27,134.12646484375
2020-11-30,135.51226806640625
2020-12-01,134.41519165039062
2020-12-02,131.6243133544922
2020-12-03,129.72845458984375
2020-12-04,129.32421875
2020-12-07,132.057373046875
2020-12-08,131.42221069335938
2020-12-09,130.47906494140625
2020-12-10,130.8351593017578
2020-12-11,133.44322204589844
2020-12-14,135.24282836914062
2020-12-15,135.8202667236328
2020-12-16,138.8036346435547
2020-12-17,140.03546142578125
2020-12-18,141.5464324951172
2020-12-21,143.07656860351562
2020-12-22,144.13522338867188
2020-12-23,141.37318420410156
2020-12-24,141.3539276123047
2020-12-28,137.89901733398438
2020-12-29,137.61988830566406
2020-12-30,137.388916015625
2020-12-31,135.2909698486328
2021-01-04,134.45372009277344
2021-01-05,135.39683532714844
2021-01-06,140.38194274902344
2021-01-07,141.58489990234375
2021-01-08,143.69248962402344
2021-01-11,143.8753662109375
2021-01-12,146.0407257080078
2021-01-13,147.41690063476562
2021-01-14,150.5542449951172
2021-01-15,151.5551300048828
2021-01-19,151.52626037597656
2021-01-20,149.50526428222656
2021-01-21,149.34164428710938
2021-01-22,149.76510620117188
2021-01-25,150.26551818847656
2021-01-26,146.17543029785156
2021-01-27,147.9365997314453
2021-01-28,143.817626953125
2021-01-29,136.40728759765625
2021-02-01,134.4633331298828
2021-02-02,137.79312133789062
2021-02-03,139.48692321777344
2021-02-04,140.73802185058594
2021-02-05,145.8001251220703
2021-02-08,151.33377075195312
2021-02-09,152.53675842285156
2021-02-10,150.5638885498047
2021-02-11,151.4107666015625
2021-02-12,153.91294860839844
2021-02-16,155.84735107421875
2021-02-17,163.8446807861328
2021-02-18,165.4229736328125
2021-02-19,165.39401245117188
2021-02-22,159.2161407470703
2021-02-23,159.4670867919922
2021-02-24,155.49009704589844
2021-02-25,155.58657836914062
2021-02-26,153.44363403320312
2021-03-01,156.89939880371094
2021-03-02,153.3953857421875
2021-03-03,149.69830322265625
2021-03-04,146.4452362060547
2021-03-05,150.41262817382812
2021-03-08,155.412841796875
2021-03-09,155.0267333984375
2021-03-10,161.67762756347656
2021-03-11,164.32254028320312
2021-03-12,165.0657958984375
2021-03-15,165.0657958984375
2021-03-16,164.31289672851562
2021-03-17,162.54638671875
2021-03-18,163.41514587402344
2021-03-19,166.9770965576172
2021-03-22,167.51766967773438
2021-03-23,166.64891052246094
2021-03-24,163.19314575195312
2021-03-25,166.45584106445312
2021-03-26,172.28622436523438
2021-03-29,169.5930633544922
2021-03-30,170.90586853027344
2021-03-31,170.93482971191406
2021-04-01,170.37496948242188
2021-04-05,174.0913543701172
2021-04-06,173.28048706054688
2021-04-07,170.91554260253906
2021-04-08,170.51976013183594
2021-04-09,171.52366638183594
2021-04-12,171.9580078125
2021-04-13,172.7302703857422
2021-04-14,171.687744140625
2021-04-15,170.7996826171875
2021-04-16,174.79600524902344
2021-04-19,176.72659301757812
2021-04-20,174.76707458496094
2021-04-21,173.90794372558594
2021-04-22,181.5820770263672
2021-04-23,182.80799865722656
2021-04-26,184.3235015869141
2021-04-27,183.88912963867188
2021-04-28,182.05503845214844
2021-04-29,183.88912963867188
2021-04-30,182.05503845214844
2021-05-03,186.1479034423828
2021-05-04,187.6344757080078
2021-05-05,187.8564910888672
2021-05-06,188.12677001953125
2021-05-07,188.67698669433597
2021-05-10,188.90866088867188
2021-05-11,184.6227569580078
2021-05-12,176.07986450195312
2021-05-13,180.06651306152344
2021-05-14,181.36001586914065
2021-05-17,179.9217529296875
2021-05-18,178.5413818359375
2021-05-19,174.27474975585938
2021-05-20,177.51812744140625
2021-05-21,177.4794158935547
2021-05-24,175.96929931640625
2021-05-25,174.63339233398438
2021-05-26,177.169677734375
2021-05-27,176.92764282226562
2021-05-28,175.89186096191406
2021-06-01,176.04673767089844
2021-06-02,175.35943603515625
2021-06-03,172.27142333984375
2021-06-04,175.27232360839844
2021-06-07,175.4078369140625
2021-06-08,175.63047790527344
2021-06-09,175.25294494628906
2021-06-10,174.09130859375
2021-06-11,178.3022918701172
2021-06-14,177.29550170898438
2021-06-15,173.93641662597656
2021-06-16,172.3972625732422
2021-06-17,169.2220916748047
2021-06-18,165.80491638183594
2021-06-21,169.76419067382812
2021-06-22,174.66246032714844
2021-06-23,173.74282836914062
2021-06-24,175.17552185058594
2021-06-25,174.5269317626953
2021-06-28,177.58590698242188
2021-06-29,181.05148315429688
2021-06-30,180.11248779296875
2021-07-01,181.84527587890625
2021-07-02,181.76785278320312
2021-07-06,180.4416046142578
2021-07-07,181.62261962890625
2021-07-08,180.2189483642578
2021-07-09,180.9353179931641
2021-07-12,180.8094787597656
2021-07-13,180.7223358154297
2021-07-14,181.2353973388672
2021-07-15,182.9294891357422
2021-07-16,182.95849609375
2021-07-19,175.15614318847656
2021-07-20,177.7698516845703
2021-07-21,175.35943603515625
2021-07-22,176.58885192871094
2021-07-23,181.70005798339844
2021-07-26,182.0582427978516
2021-07-27,178.46682739257812
2021-07-28,177.62464904785156
2021-07-29,175.1949005126953
2021-07-30,175.14645385742188
2021-08-02,175.03028869628906
2021-08-03,180.63525390625
2021-08-04,179.5026092529297
2021-08-05,182.0582427978516
2021-08-06,181.2838287353516
2021-08-09,181.5838928222656
2021-08-10,184.5751037597656
2021-08-11,188.01165771484372
2021-08-12,187.34368896484372
2021-08-13,187.7212371826172
2021-08-16,190.4801483154297
2021-08-17,184.83648681640625
2021-08-18,186.8403167724609
2021-08-19,188.70864868164065
2021-08-20,192.29022216796875
2021-08-23,189.28128051757807
2021-08-24,187.8447723388672
2021-08-25,188.48538208007807
2021-08-26,184.15640258789065
2021-08-27,186.7479553222656
2021-08-30,187.94183349609372
2021-08-31,188.54360961914065
2021-09-01,189.82485961914065
2021-09-02,189.8539886474609
2021-09-03,192.95999145507807
2021-09-07,192.1931610107422
2021-09-08,193.51321411132807
2021-09-09,195.7553558349609
2021-09-10,198.83224487304688
2021-09-13,196.14361572265625
2021-09-14,199.2301788330078
2021-09-15,199.04579162597656
2021-09-16,203.2679748535156
2021-09-17,201.07437133789065
2021-09-20,199.55050659179688
2021-09-21,200.93849182128903
2021-09-22,205.64602661132807
2021-09-23,203.93772888183597
2021-09-24,204.52978515625
2021-09-27,204.1318359375
2021-09-28,200.94818115234372
2021-09-29,202.02557373046875
2021-09-30,196.65802001953125
2021-10-01,195.4447479248047
2021-10-04,190.24221801757807
2021-10-05,191.74668884277344
2021-10-06,190.8731231689453
2021-10-07,192.1834716796875
2021-10-08,188.99981689453125
2021-10-11,187.8447723388672
2021-10-12,187.61181640625
2021-10-13,189.2133636474609
2021-10-14,191.4943084716797
2021-10-15,191.47491455078125
2021-10-18,198.4925079345703
2021-10-19,197.551025390625
2021-10-20,196.3571319580078
2021-10-21,204.2386016845703
2021-10-22,202.09353637695312
2021-10-25,204.8307037353516
2021-10-26,200.744384765625
2021-10-27,200.8317413330078
2021-10-28,203.91830444335935
2021-10-29,210.79031372070312
2021-11-01,207.5484161376953
2021-11-02,209.3052673339844
2021-11-03,209.43145751953125
2021-11-04,211.66387939453125
2021-11-05,213.5857391357422
2021-11-08,214.8960723876953
2021-11-09,214.3719024658203
2021-11-10,210.87765502929688
2021-11-11,212.2074279785156
2021-11-12,214.66311645507807
2021-11-15,216.34230041503903
2021-11-16,222.35043334960935
2021-11-17,219.68121337890625
2021-11-18,222.49603271484372
2021-11-19,224.29574584960935
2021-11-22,222.76844787597656
2021-11-23,219.1786956787109
2021-11-24,219.6845703125
2021-11-26,222.1555633544922
2021-11-29,220.54063415527344
2021-11-30,219.20787048339844
2021-12-01,217.836181640625
2021-12-02,221.4648284912109
2021-12-03,221.7664337158203
2021-12-06,221.28001403808597
2021-12-07,227.0002593994141
2021-12-08,228.79026794433597
2021-12-09,223.98448181152344
2021-12-10,227.9438934326172
2021-12-13,226.8251495361328
2021-12-14,227.82716369628903
2021-12-15,230.5316162109375
2021-12-16,226.7278594970703
2021-12-17,220.49200439453125
2021-12-20,216.2602081298828
2021-12-21,216.98008728027344
2021-12-22,221.15353393554688
2021-12-23,222.0680084228516
2021-12-27,225.1810760498047
2021-12-28,224.8892059326172
2021-12-29,230.32733154296875
2021-12-30,230.28843688964844
2021-12-31,232.1173553466797
2022-01-03,229.31558227539065
2022-01-04,229.8798370361328
2022-01-05,223.5077972412109
2022-01-06,225.02540588378903
2022-01-07,222.17501831054688
2022-01-10,221.2119140625
2022-01-11,219.6651153564453
2022-01-12,222.69061279296875
2022-01-13,224.5195159912109
2022-01-14,215.9391632080078
2022-01-18,215.41384887695312
2022-01-19,214.66476440429688
2022-01-20,204.1873779296875
2022-01-21,203.42855834960935
2022-01-24,211.2695770263672
2022-01-25,206.59027099609372
2022-01-26,201.4926300048828
2022-01-27,203.56478881835935
2022-01-28,209.0028839111328
2022-01-31,212.37860107421875
2022-02-01,214.3242645263672
2022-02-02,214.88851928710935
2022-02-03,213.49737548828125
2022-02-04,211.03610229492188
2022-02-07,211.6976318359375
2022-02-08,215.91970825195312
2022-02-09,218.36151123046875
2022-02-10,214.58694458007807
2022-02-11,213.47792053222656
2022-02-14,212.0089263916016
2022-02-15,213.5459899902344
2022-02-16,209.20718383789065
2022-02-17,208.57212829589844
2022-02-18,209.2560272216797
2022-02-22,195.75375366210935
2022-02-23,187.3807678222656
2022-02-24,190.8882598876953
2022-02-25,196.05661010742188
2022-02-28,199.1049041748047
2022-03-01,200.46292114257807
2022-03-02,202.92501831054688
2022-03-03,209.7250061035156
2022-03-04,216.8278350830078
2022-03-07,222.2502593994141
2022-03-08,214.24853515625
2022-03-09,219.68072509765625
2022-03-10,223.68646240234372
2022-03-11,221.31236267089844
2022-03-14,219.1824493408203
2022-03-15,222.64108276367188
2022-03-16,221.89854431152344
2022-03-17,227.25254821777344
2022-03-18,228.1611785888672
2022-03-21,226.26577758789065
2022-03-22,226.480712890625
2022-03-23,226.78358459472656
2022-03-24,227.9657745361328
2022-03-25,226.8617401123047
2022-03-28,226.89105224609372
2022-03-29,227.98532104492188
2022-03-30,227.496826171875
2022-03-31,228.0048370361328
2022-04-01,221.49798583984372
2022-04-04,222.44566345214844
2022-04-05,219.3387756347656
2022-04-06,219.7491149902344
2022-04-07,225.6697998046875
2022-04-08,230.94566345214844
2022-04-11,229.7048492431641
2022-04-12,231.2485198974609
2022-04-13,231.9226531982422
2022-04-14,222.98301696777344
2022-04-18,212.5290069580078
2022-04-19,216.5542755126953
2022-04-20,216.00717163085935
2022-04-21,214.1410675048828
2022-04-22,201.8991241455078
2022-04-25,205.133056640625
2022-04-26,201.13705444335935
2022-04-27,200.58018493652344
2022-04-28,203.68707275390625
2022-04-29,196.81869506835935
2022-05-02,201.5767517089844
2022-05-03,200.9514312744141
2022-05-04,207.7416839599609
2022-05-05,199.52500915527344
2022-05-06,197.90316772460935
2022-05-09,193.68247985839844
2022-05-10,193.5164031982422
2022-05-11,187.1560821533203
2022-05-12,192.0117950439453
2022-05-13,197.20950317382807
2022-05-16,200.883056640625
2022-05-17,202.8468475341797
2022-05-18,177.45436096191406
2022-05-19,179.53536987304688
2022-05-20,175.82272338867188
2022-05-23,172.77447509765625
2022-05-24,167.4808349609375
2022-05-25,173.60928344726562
2022-05-26,182.57601928710935
2022-05-27,188.98928833007807
2022-05-31,184.00991821289065
2022-06-01,187.2509307861328
2022-06-02,191.80796813964844
2022-06-03,190.9633331298828
2022-06-06,195.5301818847656
2022-06-07,197.5140838623047
2022-06-08,194.80343627929688
2022-06-09,198.04440307617188
2022-06-10,191.80796813964844
2022-06-13,188.59642028808597
2022-06-14,188.73391723632807
2022-06-15,192.6231231689453
2022-06-16,187.23126220703125
2022-06-17,185.3554229736328
2022-06-21,191.89634704589844
2022-06-22,188.57676696777344
2022-06-23,195.2257232666016
2022-06-24,199.3408050537109
2022-06-27,198.88902282714844
2022-06-28,191.75885009765625
2022-06-29,192.0633087158203
2022-06-30,190.3838806152344
2022-07-01,192.7998962402344
2022-07-05,194.4891357421875
2022-07-06,194.0177154541016
2022-07-07,199.8024139404297
2022-07-08,200.31309509277344
2022-07-11,199.76312255859372
2022-07-12,193.01596069335935
2022-07-13,193.99807739257807
2022-07-14,198.1720733642578
2022-07-15,199.56671142578125
2022-07-18,199.85153198242188
2022-07-19,201.9532623291016
2022-07-20,203.60321044921875
2022-07-21,194.8721466064453
2022-07-22,191.4052734375
2022-07-25,190.40350341796875
2022-07-26,180.3564300537109
2022-07-27,183.58761596679688
2022-07-28,187.3982391357422
2022-07-29,188.05625915527344
2022-08-01,190.4231719970703
2022-08-02,185.0313262939453
2022-08-03,187.5062561035156
2022-08-04,184.48133850097656
2022-08-05,185.97415161132807
2022-08-08,188.4982147216797
2022-08-09,187.26075744628903
2022-08-10,188.8615875244141
2022-08-11,191.41510009765625
2022-08-12,193.40879821777344
2022-08-15,194.6659240722656
2022-08-16,201.0693206787109
2022-08-17,201.2264862060547
2022-08-18,201.540771484375
2022-08-19,200.55421447753903
2022-08-22,198.2456970214844
2022-08-23,197.3380889892578
2022-08-24,196.2923583984375
2022-08-25,197.6340484619141
2022-08-26,188.4888153076172
2022-08-29,187.57131958007807
2022-08-30,185.5587615966797
2022-08-31,182.6583404541016
2022-09-01,185.6179656982422
2022-09-02,185.0753631591797
2022-09-06,185.50942993164065
2022-09-07,193.6188201904297
2022-09-08,197.101318359375
2022-09-09,198.2161102294922
2022-09-12,199.92282104492188
2022-09-13,191.00450134277344
2022-09-14,186.46636962890625
2022-09-15,185.43052673339844
2022-09-16,187.4628143310547
2022-09-19,190.38296508789065
2022-09-20,187.83767700195312
2022-09-21,187.4036102294922
2022-09-22,185.8744659423828
2022-09-23,183.0924072265625
2022-09-26,183.58567810058597
2022-09-27,186.0323181152344
2022-09-28,189.6726531982422
2022-09-29,184.96685791015625
2022-09-30,183.37852478027344
2022-10-03,191.5076141357422
2022-10-04,195.22689819335935
2022-10-05,198.8770904541016
2022-10-06,197.38742065429688
2022-10-07,192.0008850097656
2022-10-10,192.997314453125
2022-10-11,198.05825805664065
2022-10-12,200.8699188232422
2022-10-13,200.16944885253903
2022-10-14,196.0062561035156
2022-10-17,198.9954833984375
2022-10-18,200.1102752685547
2022-10-19,193.6780242919922
2022-10-20,186.9794006347656
2022-10-21,194.71388244628903
2022-10-24,205.0331115722656
2022-10-25,211.40618896484372
2022-10-26,213.0537109375
2022-10-27,212.6788330078125
2022-10-28,220.1370849609375
2022-10-31,216.81243896484372
2022-11-01,217.5622100830078
2022-11-02,208.56494140625
2022-11-03,208.4662933349609
2022-11-04,203.7801971435547
2022-11-07,206.17752075195312
2022-11-08,204.3622589111328
2022-11-09,200.6627349853516
2022-11-10,207.7559814453125
2022-11-11,206.23670959472656
2022-11-14,209.91650390625
2022-11-15,213.2904815673828
2022-11-16,216.1514587402344
2022-11-17,211.98825073242188
2022-11-18,217.83387756347656
2022-11-21,218.40853881835935
2022-11-22,221.47994995117188
2022-11-23,223.67950439453125
2022-11-25,221.9555511474609
2022-11-28,219.83526611328125
2022-11-29,216.99169921875
2022-11-30,224.22442626953125
2022-12-01,222.55992126464844
2022-12-02,222.8670654296875
2022-12-05,218.913818359375
2022-12-06,215.1290435791016
2022-12-07,215.33709716796875
2022-12-08,217.4970245361328
2022-12-09,216.30807495117188
2022-12-12,212.4935607910156
2022-12-13,212.2260284423828
2022-12-14,213.33572387695312
2022-12-15,212.04769897460935
2022-12-16,208.57003784179688
2022-12-19,209.5113067626953
2022-12-20,208.2628936767578
2022-12-21,212.27557373046875
2022-12-22,211.08663940429688
2022-12-23,215.05967712402344
2022-12-27,221.0341033935547
2022-12-28,217.8734893798828
2022-12-29,224.88824462890625
2022-12-30,222.89678955078125
2023-01-03,221.12327575683597
2023-01-04,219.4488677978516
2023-01-05,217.6060028076172
2023-01-06,219.59747314453125
2023-01-09,215.47581481933597
2023-01-10,219.6965484619141
2023-01-11,219.55784606933597
2023-01-12,218.7057647705078
2023-01-13,219.0525360107422
2023-01-17,216.97189331054688
2023-01-18,212.7511444091797
2023-01-19,204.95367431640625
2023-01-20,210.1156768798828
2023-01-23,213.4942321777344
2023-01-24,212.8799591064453
2023-01-25,211.84954833984372
2023-01-26,224.6306610107422
2023-01-27,223.59033203125
2023-01-30,220.7368621826172
2023-01-31,225.8889617919922
2023-02-01,227.91015625
2023-02-02,228.7721405029297
2023-02-03,226.4537048339844
2023-02-06,230.2781219482422
2023-02-07,230.58526611328125
2023-02-08,229.1090087890625
2023-02-09,231.60577392578125
2023-02-10,230.852783203125
2023-02-13,234.98434448242188
2023-02-14,235.79681396484372
2023-02-15,237.40187072753903
2023-02-16,234.7960968017578
2023-02-17,236.7974853515625
2023-02-21,231.88319396972656
2023-02-22,230.66452026367188
2023-02-23,230.852783203125
2023-02-24,229.42965698242188
2023-02-27,233.3009185791016
2023-02-28,232.13656616210935
2023-03-01,224.6726837158203
2023-03-02,227.38954162597656
2023-03-03,229.05149841308597
2023-03-06,227.5885772705078
2023-03-07,227.42935180664065
2023-03-08,227.3497314453125
2023-03-09,225.8171539306641
2023-03-10,226.14556884765625
2023-03-13,226.8322296142578
2023-03-14,228.5439453125
2023-03-15,230.2954864501953
2023-03-16,234.1866455078125
2023-03-17,231.3205108642578
2023-03-20,231.07171630859372
2023-03-21,234.5349578857422
2023-03-22,227.73785400390625
2023-03-23,225.5186004638672
2023-03-24,226.1157073974609
2023-03-27,228.6633758544922
2023-03-28,228.4046173095703
2023-03-29,229.3301544189453
2023-03-30,229.28038024902344
2023-03-31,233.90798950195312
2023-04-03,240.49610900878903
2023-04-04,238.4360809326172
2023-04-05,233.40045166015625
2023-04-06,234.4951629638672
2023-04-10,237.40109252929688
2023-04-11,238.84410095214844
2023-04-12,231.51954650878903
2023-04-13,234.92308044433597
2023-04-14,236.8039703369141
2023-04-17,240.07814025878903
2023-04-18,244.02902221679688
2023-04-19,245.6312713623047
2023-04-20,247.80075073242188
2023-04-21,247.39273071289065
2023-04-24,248.76608276367188
2023-04-25,243.19305419921875
2023-04-26,242.01873779296875
2023-04-27,237.9384765625
2023-04-28,237.25180053710935
2023-05-01,237.79916381835935
2023-05-02,240.7847137451172
2023-05-03,242.13815307617188
2023-05-04,235.67942810058597
2023-05-05,239.17251586914065
2023-05-08,239.5407257080078
2023-05-09,240.54586791992188
2023-05-10,242.69546508789065
2023-05-11,240.6553497314453
2023-05-12,238.7644805908203
2023-05-15,230.41490173339844
2023-05-16,225.2100830078125
2023-05-17,223.8267822265625
2023-05-18,229.44956970214844
2023-05-19,223.15005493164065
2023-05-22,221.70703125
2023-05-23,217.48745727539065
2023-05-24,217.43771362304688
2023-05-25,212.8300018310547
2023-05-26,211.5
2023-05-30,215.3500061035156
2023-05-31,210.16000366210935
